{
    "model_name": "WeightedEnsemble",
    "core_models": [
        {
            "model_name": "Alternating",
            "parameters": {
                "a": 821.1593718360723,
                "c": -0.031014664815874227,
                "threshold": 5,
                "t1": 1,
                "b": 2284.5224943577364
            },
            "weight": 0.2383142095335154
        },
        {
            "model_name": "ThermalTime",
            "parameters": {
                "F": 20.15091670720136,
                "t1": 174.95364507160284,
                "T": 24.715483770995373
            },
            "weight": 0.23258290980189295
        },
        {
            "model_name": "Uniforc",
            "parameters": {
                "c": 3.4197697635650504,
                "F": 146.61848085183388,
                "t1": 28.084837301439833,
                "b": -16.07428158507074
            },
            "weight": 0.2530016228471599
        },
        {
            "model_name": "Linear",
            "parameters": {
                "slope": 7.434319619221191,
                "time_start": 26.757301308773656,
                "time_length": 35.7706457250074,
                "intercept": 98.28726024200634
            },
            "weight": 0.27610125781743194
        }
    ]
}