{
    "core_models": [
        {
            "model_name": "Alternating",
            "weight": 0.18341011238864738,
            "parameters": {
                "threshold": 5,
                "b": 2193.885978809845,
                "a": 960.1685165013303,
                "c": -0.030434569523390298,
                "t1": 1
            }
        },
        {
            "model_name": "ThermalTime",
            "weight": 0.2333355360238232,
            "parameters": {
                "F": 32.18511570119949,
                "T": -2.5533804523319965,
                "t1": 179.50838299021
            }
        },
        {
            "model_name": "Uniforc",
            "weight": 0.2352380383637681,
            "parameters": {
                "b": -10.941383193695609,
                "F": 76.6824568348512,
                "c": -36.41268389273991,
                "t1": 103.3131761390552
            }
        },
        {
            "model_name": "Linear",
            "weight": 0.34801631322376136,
            "parameters": {
                "intercept": 149.2816120094886,
                "time_start": -18.66646483637841,
                "slope": 4.988981558015537,
                "time_length": 1.3336145861152318
            }
        }
    ],
    "model_name": "WeightedEnsemble"
}