{
    "model_name": "ThermalTime",
    "parameters": {
        "F": 29.135794524270977,
        "T": 2.8091734556358987,
        "t1": 181.8221711243173
    }
}