{
    "core_models": [
        {
            "model_name": "Alternating",
            "weight": 0.08269045602997628,
            "parameters": {
                "a": 921.4282861168368,
                "threshold": 5,
                "b": 2503.6891497752827,
                "c": -0.04022990153438144,
                "t1": 1
            }
        },
        {
            "model_name": "ThermalTime",
            "weight": 0.1403240443725634,
            "parameters": {
                "t1": 181.25818369350486,
                "T": -21.063394589265126,
                "F": 34.32062339146296
            }
        },
        {
            "model_name": "Uniforc",
            "weight": 0.11068827093938764,
            "parameters": {
                "t1": 111.98507834290528,
                "b": -6.4775825637855755,
                "F": 71.31618912371212,
                "c": 5.056050208203633
            }
        },
        {
            "model_name": "Linear",
            "weight": 0.6662972286580732,
            "parameters": {
                "slope": 10.26930325898615,
                "spring_start": 26.28063371066778,
                "spring_length": 6.297815238748889,
                "intercept": 82.83440464615899
            }
        }
    ],
    "model_name": "WeightedEnsemble"
}