{
    "model_name": "WeightedEnsemble",
    "core_models": [
        {
            "parameters": {
                "a": 186.69391226546983,
                "b": 4976.007281003142,
                "c": -0.0876292712779092,
                "threshold": 5,
                "t1": 1
            },
            "weight": 0.3533898459437475,
            "model_name": "Alternating"
        },
        {
            "parameters": {
                "F": 187.26779750420866,
                "T": 1.124239060695581,
                "t1": 69.03707095516017
            },
            "weight": 0.2113805216756367,
            "model_name": "ThermalTime"
        },
        {
            "parameters": {
                "F": 23.168620470988927,
                "b": -0.2583910909015259,
                "c": 2.557181593905855,
                "t1": 58.561503296212535
            },
            "weight": 0.11667270643216933,
            "model_name": "Uniforc"
        },
        {
            "parameters": {
                "time_length": 113.48403983462572,
                "time_start": 59.87843867167852,
                "intercept": 141.12765153017983,
                "slope": -3.6360582210364694
            },
            "weight": 0.31855692594844653,
            "model_name": "Linear"
        }
    ]
}