{
    "model_name": "WeightedEnsemble",
    "core_models": [
        {
            "weight": 0.1304754912775014,
            "model_name": "Alternating",
            "parameters": {
                "b": 639.9138262279114,
                "t1": 1,
                "threshold": 5,
                "a": 217.27942668155876,
                "c": -0.0436537612648773
            }
        },
        {
            "weight": 0.148792325322422,
            "model_name": "ThermalTime",
            "parameters": {
                "t1": 35.55968031908891,
                "F": 119.40611529652165,
                "T": -13.390290727805088
            }
        },
        {
            "weight": 0.33910342304465607,
            "model_name": "Uniforc",
            "parameters": {
                "t1": 28.865929114803052,
                "b": -17.60373747122976,
                "F": 17.31917661740033,
                "c": 5.223234905002139
            }
        },
        {
            "weight": 0.38162876035542054,
            "model_name": "Linear",
            "parameters": {
                "spring_length": 2.0802111683964313,
                "intercept": 88.66064444847461,
                "slope": -3.4326367244069753,
                "spring_start": 46.48998579454272
            }
        }
    ]
}