{
    "model_name": "WeightedEnsemble",
    "core_models": [
        {
            "model_name": "Alternating",
            "weight": 0.30470261677389543,
            "parameters": {
                "b": 821.5638378128222,
                "a": 104.78472358058077,
                "threshold": 5,
                "t1": 1,
                "c": -0.05393701012909302
            }
        },
        {
            "model_name": "ThermalTime",
            "weight": 0.15461014792318284,
            "parameters": {
                "T": 0.050751383435787556,
                "F": 146.0749600617442,
                "t1": 46.5299638681563
            }
        },
        {
            "model_name": "Uniforc",
            "weight": 0.1944599237007935,
            "parameters": {
                "b": -19.726887969432465,
                "F": 12.310745310881202,
                "t1": 44.673344767256424,
                "c": 4.853733717078512
            }
        },
        {
            "model_name": "Linear",
            "weight": 0.34622731160212816,
            "parameters": {
                "slope": -2.8621018339701814,
                "spring_length": 42.43250221065462,
                "spring_start": 44.60456092582813,
                "intercept": 92.2052192251982
            }
        }
    ]
}