{
    "model_name": "WeightedEnsemble",
    "core_models": [
        {
            "parameters": {
                "c": -0.014035552436509668,
                "b": 881.1766081401095,
                "a": -11.44989475696434,
                "threshold": 5,
                "t1": 1
            },
            "model_name": "Alternating",
            "weight": 0.2927217105904604
        },
        {
            "parameters": {
                "F": 37.3660099357358,
                "t1": 86.93093189459519,
                "T": 14.430267133651997
            },
            "model_name": "ThermalTime",
            "weight": 0.2085242817175384
        },
        {
            "parameters": {
                "b": -10.061747582266019,
                "c": 14.458221223924072,
                "t1": 86.83091371200672,
                "F": 2.148822007570118
            },
            "model_name": "Uniforc",
            "weight": 0.18621423280919605
        },
        {
            "parameters": {
                "intercept": 129.8360688688949,
                "time_length": 72.18513657292394,
                "slope": -3.2207604121973126,
                "time_start": 56.28120081671465
            },
            "model_name": "Linear",
            "weight": 0.312539774882805
        }
    ]
}