{
    "core_models": [
        {
            "model_name": "Alternating",
            "weight": 0.23029753981034806,
            "parameters": {
                "t1": 1,
                "c": -0.008539355601742127,
                "b": 1403.9746694912594,
                "threshold": 5,
                "a": -421.9882940964911
            }
        },
        {
            "model_name": "ThermalTime",
            "weight": 0.31234726032748744,
            "parameters": {
                "t1": 73.35438285592198,
                "T": 10.640740416529654,
                "F": 127.06678601283375
            }
        },
        {
            "model_name": "Uniforc",
            "weight": 0.16932178023979513,
            "parameters": {
                "t1": 99.44748046297795,
                "c": 14.175633735875149,
                "F": 2.260866172991797,
                "b": -19.634425365596652
            }
        },
        {
            "model_name": "Linear",
            "weight": 0.28803341962236934,
            "parameters": {
                "time_start": 59.29431078069336,
                "slope": -2.0361574877723996,
                "time_length": 23.289712327499167,
                "intercept": 113.2159496894054
            }
        }
    ],
    "model_name": "WeightedEnsemble"
}