{
    "model_name": "WeightedEnsemble",
    "core_models": [
        {
            "model_name": "Alternating",
            "weight": 0.7655696270234149,
            "parameters": {
                "a": 185.04608942918966,
                "c": -0.07844691493234857,
                "threshold": 5,
                "b": 4997.330259181623,
                "t1": 1
            }
        },
        {
            "model_name": "ThermalTime",
            "weight": 0.07655696270234148,
            "parameters": {
                "t1": 132.97967884375578,
                "T": -16.901538240154085,
                "F": 32.6711788087614
            }
        },
        {
            "model_name": "Uniforc",
            "weight": 0.07655696270234148,
            "parameters": {
                "c": -8.685315412430155,
                "t1": 102.76698451499082,
                "b": -1.2769921255962302,
                "F": 35.01185132995353
            }
        },
        {
            "model_name": "Linear",
            "weight": 0.08131644757190279,
            "parameters": {
                "intercept": 122.33397935688618,
                "spring_length": 1.8691694542679969,
                "spring_start": 43.05276207858753,
                "slope": 5.133729639683912
            }
        }
    ]
}