{
    "model_name": "WeightedEnsemble",
    "core_models": [
        {
            "parameters": {
                "threshold": 5,
                "a": -367.03695565553096,
                "t1": 1,
                "c": -0.006062486564810676,
                "b": 4774.718294686539
            },
            "model_name": "Alternating",
            "weight": 0.24987371038897366
        },
        {
            "parameters": {
                "T": 23.106800641972896,
                "t1": 196.59196836377987,
                "F": 105.55090539639508
            },
            "model_name": "ThermalTime",
            "weight": 0.16124448992328275
        },
        {
            "parameters": {
                "t1": 196.22944901397256,
                "F": 3.999872772502428,
                "b": -6.0843886329426455,
                "c": 23.517415128476582
            },
            "model_name": "Uniforc",
            "weight": 0.11069143699132433
        },
        {
            "parameters": {
                "intercept": 217.33228296588925,
                "spring_start": 12.814655327807108,
                "slope": 7.1841086829084135,
                "spring_length": 2.146001019850189
            },
            "model_name": "Linear",
            "weight": 0.47819036269641924
        }
    ]
}