{
    "model_name": "Uniforc",
    "parameters": {
        "F": 65.64936798537752,
        "b": -13.735738185613984,
        "c": 0.4453470667323045,
        "t1": -3.3255532224455777
    }
}