{
    "core_models": [
        {
            "parameters": {
                "t1": 1,
                "b": 3602.2845479239386,
                "threshold": 5,
                "c": -0.120637045344969,
                "a": 383.1119817981081
            },
            "weight": 0.3336720241250991,
            "model_name": "Alternating"
        },
        {
            "parameters": {
                "T": -18.206187997730026,
                "t1": 38.709959486061905,
                "F": 314.39455258127805
            },
            "weight": 0.09929099696502719,
            "model_name": "ThermalTime"
        },
        {
            "parameters": {
                "t1": -3.8108550059507422,
                "F": 65.91926420204868,
                "c": 0.28782927148807147,
                "b": -13.575573583767607
            },
            "weight": 0.25654544699364934,
            "model_name": "Uniforc"
        },
        {
            "parameters": {
                "intercept": 109.60671109258229,
                "slope": -4.200392455089964,
                "spring_length": 4.95836211224001,
                "spring_start": 56.0116443364526
            },
            "weight": 0.3104915319162243,
            "model_name": "Linear"
        }
    ],
    "model_name": "WeightedEnsemble"
}