{
    "model_name": "WeightedEnsemble",
    "core_models": [
        {
            "parameters": {
                "threshold": 5,
                "b": 1621.1286278491584,
                "a": -921.9162959277625,
                "c": -0.00593936669899886,
                "t1": 1
            },
            "model_name": "Alternating",
            "weight": 0.4420048255350085
        },
        {
            "parameters": {
                "t1": 69.56191869116606,
                "F": 119.75576514470129,
                "T": -8.304446591643869
            },
            "model_name": "ThermalTime",
            "weight": 0.22480698109570413
        },
        {
            "parameters": {
                "b": -0.10418883253113798,
                "c": -0.0030075712093680096,
                "t1": 32.244999868723966,
                "F": 35.096770273309886
            },
            "model_name": "Uniforc",
            "weight": 0.17075912958176315
        },
        {
            "parameters": {
                "intercept": 94.08519656343482,
                "time_length": 3.2092747446606253,
                "time_start": -19.982457908799162,
                "slope": -2.0620948201717546
            },
            "model_name": "Linear",
            "weight": 0.16242906378752417
        }
    ]
}