{
    "core_models": [
        {
            "weight": 0.2520431000523063,
            "model_name": "Alternating",
            "parameters": {
                "c": -0.020101901191935223,
                "t1": 1,
                "threshold": 5,
                "a": 242.01143760959744,
                "b": 651.9267986791576
            }
        },
        {
            "weight": 0.2512364218613304,
            "model_name": "ThermalTime",
            "parameters": {
                "F": 464.83825708915765,
                "t1": 45.91496597364721,
                "T": 3.3742315416631694
            }
        },
        {
            "weight": 0.17720053046659381,
            "model_name": "Uniforc",
            "parameters": {
                "F": 19.140804237374226,
                "t1": 45.03861913196961,
                "c": 11.647846517755012,
                "b": -0.21480412093356982
            }
        },
        {
            "weight": 0.31951994761976943,
            "model_name": "Linear",
            "parameters": {
                "time_start": 59.39278439077257,
                "intercept": 155.0078528182193,
                "slope": -6.038587801818718,
                "time_length": 47.514705969758495
            }
        }
    ],
    "model_name": "WeightedEnsemble"
}