{
    "core_models": [
        {
            "parameters": {
                "intercept": 298.0,
                "time_length": 11.321969030018863,
                "time_start": 182.07651958369985,
                "slope": -2.457775460337826
            },
            "weight": 0.8372061270604688,
            "model_name": "Linear"
        },
        {
            "parameters": {
                "t1": 234.66134321045433,
                "T": 24.855956155544956,
                "F": 21.73382804257153
            },
            "weight": 0.16279387293953035,
            "model_name": "FallCooling"
        }
    ],
    "model_name": "WeightedEnsemble"
}