{
    "core_models": [
        {
            "model_name": "Alternating",
            "weight": 0.16539364789991778,
            "parameters": {
                "a": -13.1981909356772,
                "c": -0.015235150945637876,
                "b": 696.3806913461253,
                "t1": 1,
                "threshold": 5
            }
        },
        {
            "model_name": "ThermalTime",
            "weight": 0.1927455547945667,
            "parameters": {
                "F": 241.27616831686686,
                "t1": 38.613112964030535,
                "T": 0.5672431930679289
            }
        },
        {
            "model_name": "Uniforc",
            "weight": 0.2523383060512233,
            "parameters": {
                "F": 21.908191747825228,
                "c": 4.503945530741637,
                "b": -18.65326763099689,
                "t1": 35.45950218168434
            }
        },
        {
            "model_name": "Linear",
            "weight": 0.38952249125429217,
            "parameters": {
                "intercept": 136.28989823581426,
                "slope": -4.517391829481893,
                "spring_length": 76.53079330708727,
                "spring_start": 59.76170518003394
            }
        }
    ],
    "model_name": "WeightedEnsemble"
}