{
    "model_name": "Alternating",
    "parameters": {
        "a": -0.16482694148989285,
        "b": 666.2551915550807,
        "c": -0.03233486032772559,
        "t1": 1.0,
        "threshold": 5.0
    }
}