{
    "core_models": [
        {
            "weight": 0.22288546595811987,
            "parameters": {
                "b": 569.7618680606586,
                "threshold": 5,
                "c": -0.03073816569562915,
                "a": 241.91047345519513,
                "t1": 1
            },
            "model_name": "Alternating"
        },
        {
            "weight": 0.39028562966922997,
            "parameters": {
                "F": 188.6783895952305,
                "T": 3.219966205040131,
                "t1": 63.88928756689042
            },
            "model_name": "ThermalTime"
        },
        {
            "weight": 0.3029845849372852,
            "parameters": {
                "c": 2.289963725270072,
                "F": 111.36112371091944,
                "b": -19.618613312541363,
                "t1": -36.02946055307831
            },
            "model_name": "Uniforc"
        },
        {
            "weight": 0.08384431943536505,
            "parameters": {
                "time_start": 27.16146957242075,
                "time_length": 5.486916407452341,
                "intercept": 146.44007625259835,
                "slope": -8.537632550865467
            },
            "model_name": "Linear"
        }
    ],
    "model_name": "WeightedEnsemble"
}