{
    "core_models": [
        {
            "weight": 0.4391780818720282,
            "model_name": "Alternating",
            "parameters": {
                "threshold": 5,
                "b": 4739.146274744717,
                "c": -0.10647291400938963,
                "a": 365.80739941402317,
                "t1": 1
            }
        },
        {
            "weight": 0.17152327486389748,
            "model_name": "ThermalTime",
            "parameters": {
                "T": -20.56737769597585,
                "F": 318.00343612774157,
                "t1": 40.82249839699618
            }
        },
        {
            "weight": 0.17042520215954962,
            "model_name": "Uniforc",
            "parameters": {
                "F": 55.682187353232,
                "b": -18.77139889710881,
                "c": 1.8899370449023234,
                "t1": 6.761321089167396
            }
        },
        {
            "weight": 0.21887344110452425,
            "model_name": "Linear",
            "parameters": {
                "intercept": 87.95672434543822,
                "time_start": 5.539791134849242,
                "slope": -7.914689702593311,
                "time_length": 1.1636151150417504
            }
        }
    ],
    "model_name": "WeightedEnsemble"
}