{
    "model_name": "ThermalTime",
    "parameters": {
        "F": 105.66748018228209,
        "T": 23.101079701718863,
        "t1": 196.0985851447888
    }
}