{
    "model_name": "WeightedEnsemble",
    "core_models": [
        {
            "model_name": "Alternating",
            "weight": 0.05700478687050877,
            "parameters": {
                "t1": 1,
                "b": 4346.713451078193,
                "c": -1.3874578184442528,
                "threshold": 5,
                "a": 568.3520779410811
            }
        },
        {
            "model_name": "ThermalTime",
            "weight": 0.380608357057769,
            "parameters": {
                "F": 49.769708143874254,
                "t1": 72.7117656985422,
                "T": 17.020717935836178
            }
        },
        {
            "model_name": "Uniforc",
            "weight": 0.3897365111099606,
            "parameters": {
                "F": 2.0051317790748158,
                "t1": 73.45290833838712,
                "b": -7.351165334097189,
                "c": 17.21131018715386
            }
        },
        {
            "model_name": "Linear",
            "weight": 0.17265034496176118,
            "parameters": {
                "time_start": 23.641392541863247,
                "intercept": 102.00573277913914,
                "time_length": 2.2842484898118585,
                "slope": -2.7056001691824676
            }
        }
    ]
}