{
    "model_name": "Alternating",
    "parameters": {
        "a": 265.44016164265383,
        "b": 608.6398119342317,
        "c": -0.039137633294845216,
        "t1": 1.0,
        "threshold": 5.0
    }
}