{
    "core_models": [
        {
            "model_name": "Alternating",
            "parameters": {
                "a": 302.2065971705361,
                "b": 1317.7569228144025,
                "threshold": 5,
                "c": -0.10699826437838889,
                "t1": 1
            },
            "weight": 0.21764470514919837
        },
        {
            "model_name": "ThermalTime",
            "parameters": {
                "T": 14.262683512624147,
                "F": 5.897011157164798,
                "t1": 76.57932006670964
            },
            "weight": 0.25130857324065736
        },
        {
            "model_name": "Uniforc",
            "parameters": {
                "b": -12.426571447253785,
                "c": -2.046768817801403,
                "F": 120.55054201981321,
                "t1": -26.681830956435334
            },
            "weight": 0.34319626330936664
        },
        {
            "model_name": "Linear",
            "parameters": {
                "slope": 5.358354631180079,
                "intercept": 72.14685661148269,
                "time_start": -29.660425367374827,
                "time_length": 1.1580828569614923
            },
            "weight": 0.18785045830077762
        }
    ],
    "model_name": "WeightedEnsemble"
}