{
    "core_models": [
        {
            "parameters": {
                "b": 628.3572026363756,
                "c": -0.03218999980848114,
                "a": 5.519467391036592,
                "threshold": 5,
                "t1": 1
            },
            "model_name": "Alternating",
            "weight": 0.16010867679712487
        },
        {
            "parameters": {
                "F": 63.64449232115743,
                "T": 5.525241204712805,
                "t1": 45.63576281205772
            },
            "model_name": "ThermalTime",
            "weight": 0.29852279737256343
        },
        {
            "parameters": {
                "c": 4.98966609687087,
                "F": 7.636862248360927,
                "b": -1.0995802457506425,
                "t1": 46.21498367506287
            },
            "model_name": "Uniforc",
            "weight": 0.2799505245559128
        },
        {
            "parameters": {
                "spring_length": 67.84713167413948,
                "intercept": 94.46786946564042,
                "slope": -3.446426351158921,
                "spring_start": 46.75559584551249
            },
            "model_name": "Linear",
            "weight": 0.26141800127439885
        }
    ],
    "model_name": "WeightedEnsemble"
}