{
    "model_name": "WeightedEnsemble",
    "core_models": [
        {
            "model_name": "Alternating",
            "parameters": {
                "a": 264.7301067721044,
                "b": 1621.524219080247,
                "c": -0.39492474050635007,
                "threshold": 5,
                "t1": 1
            },
            "weight": 0.5127428176894333
        },
        {
            "model_name": "ThermalTime",
            "parameters": {
                "T": 10.661280190951366,
                "t1": 57.682933916048135,
                "F": 130.81851737402184
            },
            "weight": 0.12816314809796048
        },
        {
            "model_name": "Uniforc",
            "parameters": {
                "t1": 54.90696690857337,
                "b": -14.642910131300393,
                "c": 10.614707733651596,
                "F": 9.708539202109819
            },
            "weight": 0.07901756909253038
        },
        {
            "model_name": "Linear",
            "parameters": {
                "intercept": 92.1570044109181,
                "slope": -3.101616269730683,
                "time_length": 47.52917059435766,
                "time_start": -21.525803416174206
            },
            "weight": 0.2800764651200753
        }
    ]
}