{
    "model_name": "WeightedEnsemble",
    "core_models": [
        {
            "weight": 0.21352949731036827,
            "model_name": "Alternating",
            "parameters": {
                "c": -0.07681603244530866,
                "threshold": 5,
                "a": 294.76371986693215,
                "b": 2465.04492226411,
                "t1": 1
            }
        },
        {
            "weight": 0.33301813226202337,
            "model_name": "ThermalTime",
            "parameters": {
                "t1": 73.10286255939134,
                "F": 131.94371782829018,
                "T": 9.638127535770236
            }
        },
        {
            "weight": 0.21108955031255017,
            "model_name": "Uniforc",
            "parameters": {
                "c": 9.734591991528829,
                "t1": 74.81768289353701,
                "F": 8.575748946715905,
                "b": -19.223868652230678
            }
        },
        {
            "weight": 0.24236282011505814,
            "model_name": "Linear",
            "parameters": {
                "intercept": 132.93642011686438,
                "slope": -3.8069720473217257,
                "time_length": 103.21065761880698,
                "time_start": 37.854336917655885
            }
        }
    ]
}