{
    "core_models": [
        {
            "weight": 0.2127620934602578,
            "parameters": {
                "a": -113.06127383702635,
                "b": 2414.493568940362,
                "c": -0.019918908286468806,
                "t1": 1,
                "threshold": 5
            },
            "model_name": "Alternating"
        },
        {
            "weight": 0.378374163344142,
            "parameters": {
                "T": 11.957132886396021,
                "t1": 112.87321784654897,
                "F": 40.47721516194855
            },
            "model_name": "ThermalTime"
        },
        {
            "weight": 0.2905552798461974,
            "parameters": {
                "b": -2.7717256943059994,
                "c": 15.245042216420323,
                "t1": 110.13126309416721,
                "F": 1.0927429103686563
            },
            "model_name": "Uniforc"
        },
        {
            "weight": 0.11830846334940283,
            "parameters": {
                "slope": 1.0817341122007522,
                "time_start": 3.0766916382223144,
                "time_length": 3.5173420124458445,
                "intercept": 130.41958695835916
            },
            "model_name": "Linear"
        }
    ],
    "model_name": "WeightedEnsemble"
}