{
    "model_name": "WeightedEnsemble",
    "core_models": [
        {
            "model_name": "Alternating",
            "weight": 0.16391112103396632,
            "parameters": {
                "threshold": 5,
                "b": 657.2195337884309,
                "c": -0.03030433948035194,
                "t1": 1,
                "a": -2.747546921984423
            }
        },
        {
            "model_name": "ThermalTime",
            "weight": 0.15649447540225414,
            "parameters": {
                "t1": 54.87400873055725,
                "F": 41.13036559593081,
                "T": 6.830840069542749
            }
        },
        {
            "model_name": "Uniforc",
            "weight": 0.2996464009614102,
            "parameters": {
                "b": -11.154646458654984,
                "t1": 52.80133722736196,
                "c": 7.094114581086231,
                "F": 4.981500223581364
            }
        },
        {
            "model_name": "Linear",
            "weight": 0.37994800260236916,
            "parameters": {
                "time_length": 55.88042152369908,
                "slope": -3.3254133648662725,
                "intercept": 99.77533754917961,
                "time_start": 59.91746689976702
            }
        }
    ]
}