{
    "core_models": [
        {
            "parameters": {
                "threshold": 5,
                "b": 1289.3868454478868,
                "a": 118.71375115902505,
                "c": -0.03499742203235234,
                "t1": 1
            },
            "model_name": "Alternating",
            "weight": 0.3260974162516645
        },
        {
            "parameters": {
                "T": 0.49467928261234806,
                "t1": 63.9227278159337,
                "F": 206.2265070730578
            },
            "model_name": "ThermalTime",
            "weight": 0.195062071306545
        },
        {
            "parameters": {
                "F": 2.0242161359648776,
                "c": 13.71419360467524,
                "t1": 67.2600766736737,
                "b": -4.051178451196411
            },
            "model_name": "Uniforc",
            "weight": 0.23750255619024735
        },
        {
            "parameters": {
                "intercept": 113.37335307844192,
                "time_length": 57.083157856673125,
                "slope": -2.757555675722904,
                "time_start": 52.90359282300814
            },
            "model_name": "Linear",
            "weight": 0.24133795625154303
        }
    ],
    "model_name": "WeightedEnsemble"
}