{
    "model_name": "WeightedEnsemble",
    "core_models": [
        {
            "model_name": "Alternating",
            "weight": 0.25495140605141614,
            "parameters": {
                "b": 1426.2379993926156,
                "threshold": 5,
                "c": -0.18851809524233643,
                "a": 433.6071456512629,
                "t1": 1
            }
        },
        {
            "model_name": "ThermalTime",
            "weight": 0.18975858355169706,
            "parameters": {
                "F": 11.903216985554252,
                "T": 14.263471541363016,
                "t1": 75.85151272654595
            }
        },
        {
            "model_name": "Uniforc",
            "weight": 0.16622750984839632,
            "parameters": {
                "F": 118.06161149982022,
                "b": -2.5844226361919027,
                "c": 0.1728447902883401,
                "t1": -30.808414081112403
            }
        },
        {
            "model_name": "Linear",
            "weight": 0.38906250054849056,
            "parameters": {
                "spring_start": 39.545418797289074,
                "intercept": 156.25154607635727,
                "slope": -7.653783574000625,
                "spring_length": 2.30683440758677
            }
        }
    ]
}