{
    "core_models": [
        {
            "weight": 0.10686557035107505,
            "model_name": "Alternating",
            "parameters": {
                "t1": 1,
                "threshold": 5,
                "a": 998.501518754697,
                "c": -3.5224441490127223,
                "b": 743.0155316334462
            }
        },
        {
            "weight": 0.163000694244653,
            "model_name": "ThermalTime",
            "parameters": {
                "t1": -42.05549393091451,
                "T": -13.047282579305952,
                "F": 998.359420733029
            }
        },
        {
            "weight": 0.14738886102711837,
            "model_name": "Uniforc",
            "parameters": {
                "t1": -37.84765721175498,
                "c": -2.2365131725438694,
                "F": 162.70460972686664,
                "b": -18.64015856515258
            }
        },
        {
            "weight": 0.582744874377154,
            "model_name": "Linear",
            "parameters": {
                "intercept": 117.57860874568927,
                "spring_start": 2.7342789042463025,
                "slope": -8.052632042117388,
                "spring_length": 1.0738985570250037
            }
        }
    ],
    "model_name": "WeightedEnsemble"
}