{
    "model_name": "WeightedEnsemble",
    "core_models": [
        {
            "parameters": {
                "c": -0.004990991815775558,
                "t1": 1,
                "threshold": 5,
                "a": 966.4668925025766,
                "b": 2698.8698687230117
            },
            "model_name": "Alternating",
            "weight": 0.08286574850791383
        },
        {
            "parameters": {
                "F": 101.34534363041348,
                "t1": 196.4227562954747,
                "T": 23.101592348458688
            },
            "model_name": "ThermalTime",
            "weight": 0.10597861796358166
        },
        {
            "parameters": {
                "F": 6.305026761495228,
                "t1": 196.62106951018308,
                "c": 23.174566488799176,
                "b": -19.92461645984853
            },
            "model_name": "Uniforc",
            "weight": 0.08611373353566172
        },
        {
            "parameters": {
                "spring_start": 10.42556773000673,
                "intercept": 184.7130049818861,
                "slope": 9.081253309992803,
                "spring_length": 1.0269400664814299
            },
            "model_name": "Linear",
            "weight": 0.7250418999928434
        }
    ]
}