{
    "model_name": "ThermalTime",
    "parameters": {
        "F": 19.99665252932084,
        "T": 13.508127312715178,
        "t1": 74.02708956501502
    }
}