{
    "model_name": "Uniforc",
    "parameters": {
        "F": 6.247100484780063,
        "b": -19.968181969174346,
        "c": 23.187086915565942,
        "t1": 196.5031869258001
    }
}