{
    "core_models": [
        {
            "weight": 0.359403191387937,
            "model_name": "Alternating",
            "parameters": {
                "c": -0.13916985183796138,
                "b": 4772.159222812394,
                "threshold": 5,
                "a": 366.4487923509161,
                "t1": 1
            }
        },
        {
            "weight": 0.15755453975585165,
            "model_name": "ThermalTime",
            "parameters": {
                "t1": 39.817918875085454,
                "F": 276.4174939167105,
                "T": -19.830376889098734
            }
        },
        {
            "weight": 0.25383615953281335,
            "model_name": "Uniforc",
            "parameters": {
                "t1": -2.76981910211326,
                "c": -1.2532197942940748,
                "b": -11.583645124639933,
                "F": 72.62072483023337
            }
        },
        {
            "weight": 0.22920610932339808,
            "model_name": "Linear",
            "parameters": {
                "slope": -4.178991956455025,
                "intercept": 109.67046734986694,
                "time_start": 57.12164433179058,
                "time_length": 3.987760193347647
            }
        }
    ],
    "model_name": "WeightedEnsemble"
}