{
    "core_models": [
        {
            "weight": 0.18550355947550046,
            "model_name": "Alternating",
            "parameters": {
                "c": -0.011481839330658161,
                "t1": 1,
                "threshold": 5,
                "a": -499.0681977481665,
                "b": 1264.3406480640576
            }
        },
        {
            "weight": 0.1924190287265191,
            "model_name": "ThermalTime",
            "parameters": {
                "F": 62.497934308447896,
                "t1": 71.25006410761225,
                "T": -7.931214197755618
            }
        },
        {
            "weight": 0.39514733520262957,
            "model_name": "Uniforc",
            "parameters": {
                "F": 43.50407928948934,
                "t1": 34.036350529751886,
                "c": -0.2195249666843202,
                "b": -16.39510168421278
            }
        },
        {
            "weight": 0.2269300765953507,
            "model_name": "Linear",
            "parameters": {
                "time_start": 40.74895656638119,
                "slope": -1.354068428565292,
                "time_length": 1.2082780084927975,
                "intercept": 90.20055906280325
            }
        }
    ],
    "model_name": "WeightedEnsemble"
}