{
    "core_models": [
        {
            "parameters": {
                "time_length": 10.400982602708716,
                "intercept": 241.21821739849787,
                "slope": 3.408231589157578,
                "time_start": 282.2704435761216
            },
            "weight": 0.19895522925277678,
            "model_name": "Linear"
        },
        {
            "parameters": {
                "t1": 182.67774985984204,
                "T": 15.502914699798943,
                "F": 126.90545789249171
            },
            "weight": 0.8010447707472222,
            "model_name": "FallCooling"
        }
    ],
    "model_name": "WeightedEnsemble"
}