{
    "model_name": "WeightedEnsemble",
    "core_models": [
        {
            "model_name": "Alternating",
            "weight": 0.1744173366894387,
            "parameters": {
                "b": 1114.7649156478892,
                "threshold": 5,
                "c": -0.020358005560145997,
                "t1": 1,
                "a": 71.86647947964863
            }
        },
        {
            "model_name": "ThermalTime",
            "weight": 0.3383099178710837,
            "parameters": {
                "F": 245.31572051775507,
                "t1": 71.56700224631724,
                "T": -4.681336380196114
            }
        },
        {
            "model_name": "Uniforc",
            "weight": 0.07128352628709225,
            "parameters": {
                "b": -0.1479025057206762,
                "F": 32.01188319097048,
                "c": 4.60562708559018,
                "t1": 38.241682689131494
            }
        },
        {
            "model_name": "Linear",
            "weight": 0.4159892191523854,
            "parameters": {
                "time_length": 59.40207343582413,
                "slope": -2.69631271374863,
                "intercept": 115.76785608030934,
                "time_start": 39.07162986560778
            }
        }
    ]
}