{
    "model_name": "WeightedEnsemble",
    "core_models": [
        {
            "model_name": "Alternating",
            "parameters": {
                "b": 1012.4139865543063,
                "c": -0.007885017955508555,
                "a": -236.37177613236793,
                "t1": 1,
                "threshold": 5
            },
            "weight": 0.434324030525527
        },
        {
            "model_name": "ThermalTime",
            "parameters": {
                "T": 9.754731684296697,
                "t1": 74.0158754269137,
                "F": 112.38479690083909
            },
            "weight": 0.1052753434277856
        },
        {
            "model_name": "Uniforc",
            "parameters": {
                "c": 9.738122288652873,
                "b": -12.570039420187957,
                "t1": 72.21229865613296,
                "F": 8.629315113230973
            },
            "weight": 0.12805959581986057
        },
        {
            "model_name": "Linear",
            "parameters": {
                "time_start": 40.15152874629763,
                "intercept": 127.22525158561992,
                "slope": -3.114366852881014,
                "time_length": 90.95826481932284
            },
            "weight": 0.33234103022682665
        }
    ]
}