{
    "model_name": "Alternating",
    "parameters": {
        "a": 184.91963221503616,
        "b": 4996.871209573569,
        "c": -0.07784692460616682,
        "t1": 1.0,
        "threshold": 5.0
    }
}