{
    "model_name": "ThermalTime",
    "parameters": {
        "F": 2.286117639297061,
        "T": 14.260270610772539,
        "t1": 77.60037308987017
    }
}