{
    "model_name": "WeightedEnsemble",
    "core_models": [
        {
            "model_name": "Alternating",
            "parameters": {
                "c": -0.00500080897473687,
                "threshold": 5,
                "b": 1551.5645266236133,
                "a": -727.3917077465694,
                "t1": 1
            },
            "weight": 0.1891407595668537
        },
        {
            "model_name": "ThermalTime",
            "parameters": {
                "t1": 57.141519481513676,
                "T": 0.40997487246934305,
                "F": 332.63503252884425
            },
            "weight": 0.20867039279084548
        },
        {
            "model_name": "Uniforc",
            "parameters": {
                "t1": -17.490851005348645,
                "F": 105.44650704241288,
                "b": -13.017442100499917,
                "c": 1.954576354680726
            },
            "weight": 0.349165727184999
        },
        {
            "model_name": "Linear",
            "parameters": {
                "time_start": 23.024304485459645,
                "time_length": 1.42565280633697,
                "slope": -5.599252221263641,
                "intercept": 138.39033995690056
            },
            "weight": 0.2530231204573019
        }
    ]
}