{
    "model_name": "WeightedEnsemble",
    "core_models": [
        {
            "parameters": {
                "c": -0.01404627945151482,
                "t1": 1,
                "threshold": 5,
                "a": 147.7789082418959,
                "b": 757.8618082868804
            },
            "model_name": "Alternating",
            "weight": 0.3410387369740766
        },
        {
            "parameters": {
                "F": 512.7579969940767,
                "t1": 43.43730497460129,
                "T": -1.7497740118112253
            },
            "model_name": "ThermalTime",
            "weight": 0.26904578594994677
        },
        {
            "parameters": {
                "F": 18.02531194764144,
                "t1": 42.907873270370544,
                "c": 14.287280602690021,
                "b": -0.16099601918965334
            },
            "model_name": "Uniforc",
            "weight": 0.1231931054628119
        },
        {
            "parameters": {
                "spring_start": 58.574087617348106,
                "intercept": 155.75335121143436,
                "slope": -5.89665539929342,
                "spring_length": 46.10914798508394
            },
            "model_name": "Linear",
            "weight": 0.2667223716131645
        }
    ]
}