{
    "model_name": "WeightedEnsemble",
    "core_models": [
        {
            "model_name": "Alternating",
            "parameters": {
                "b": 632.5014508346744,
                "c": -0.01902208428055019,
                "a": 264.2081369158953,
                "threshold": 5,
                "t1": 1
            },
            "weight": 0.2242486924044286
        },
        {
            "model_name": "ThermalTime",
            "parameters": {
                "F": 498.2329556609334,
                "t1": 43.25494426587669,
                "T": 0.3221994938181205
            },
            "weight": 0.19229363762256269
        },
        {
            "model_name": "Uniforc",
            "parameters": {
                "b": -0.18789435286723233,
                "F": 19.588586245655037,
                "t1": 41.525521326832916,
                "c": 12.692702708418002
            },
            "weight": 0.2327437213502078
        },
        {
            "model_name": "Linear",
            "parameters": {
                "intercept": 134.70734553409494,
                "time_start": 59.43306519099559,
                "slope": -4.255964508489414,
                "time_length": 9.89314006526375
            },
            "weight": 0.35071394862280103
        }
    ]
}