{
    "model_name": "WeightedEnsemble",
    "core_models": [
        {
            "model_name": "Alternating",
            "weight": 0.35905357904364193,
            "parameters": {
                "b": 564.4201864963459,
                "threshold": 5,
                "c": -0.04183321627892678,
                "a": 281.24545353551554,
                "t1": 1
            }
        },
        {
            "model_name": "ThermalTime",
            "weight": 0.2870666948860701,
            "parameters": {
                "F": 299.724704466999,
                "T": 1.929078320928651,
                "t1": 47.635545946211735
            }
        },
        {
            "model_name": "Uniforc",
            "weight": 0.22499825718634225,
            "parameters": {
                "F": 114.22525267344437,
                "b": -8.440899563283235,
                "c": 2.0426811043385285,
                "t1": -36.83911994213287
            }
        },
        {
            "model_name": "Linear",
            "weight": 0.12888146888394575,
            "parameters": {
                "spring_start": 26.91677054802865,
                "intercept": 137.42220314140582,
                "slope": -6.877526135752411,
                "spring_length": 4.895429476494435
            }
        }
    ]
}