{
    "model_name": "Alternating",
    "parameters": {
        "a": -7.9983205958515935,
        "b": 1005.3451699318823,
        "c": -0.039911651967918786,
        "t1": 1.0,
        "threshold": 5.0
    }
}