{
    "model_name": "WeightedEnsemble",
    "core_models": [
        {
            "model_name": "Alternating",
            "parameters": {
                "a": -98.2605064257659,
                "b": 1126.302442265198,
                "t1": 1,
                "threshold": 5,
                "c": -0.014215761443341801
            },
            "weight": 0.12156084891478994
        },
        {
            "model_name": "ThermalTime",
            "parameters": {
                "F": 214.03562531000154,
                "t1": 71.88746178112443,
                "T": -2.0942537322903325
            },
            "weight": 0.15403441533326012
        },
        {
            "model_name": "Uniforc",
            "parameters": {
                "c": 13.523838355569772,
                "t1": 39.30167822889044,
                "F": 18.771796913105348,
                "b": -0.09877318146816805
            },
            "weight": 0.26435736059143067
        },
        {
            "model_name": "Linear",
            "parameters": {
                "intercept": 117.43660420259684,
                "time_start": 40.224339201338715,
                "slope": -2.7191937238356316,
                "time_length": 72.07465169379
            },
            "weight": 0.46004737516051925
        }
    ]
}