{
    "core_models": [
        {
            "weight": 0.35581389546927317,
            "parameters": {
                "b": 537.8440974336706,
                "c": -0.02517504979547658,
                "threshold": 5,
                "a": 99.6171545173159,
                "t1": 1
            },
            "model_name": "Alternating"
        },
        {
            "weight": 0.20021360424106555,
            "parameters": {
                "T": 4.374773186796549,
                "F": 174.36288720481366,
                "t1": 43.380177249510496
            },
            "model_name": "ThermalTime"
        },
        {
            "weight": 0.08389930963101933,
            "parameters": {
                "b": -14.421880357650693,
                "c": 7.72411846029536,
                "F": 11.994251614017742,
                "t1": 42.71035279857243
            },
            "model_name": "Uniforc"
        },
        {
            "weight": 0.3600731906586416,
            "parameters": {
                "time_length": 76.63389011506553,
                "intercept": 135.31946587163296,
                "slope": -4.591271590340356,
                "time_start": 59.788658196611124
            },
            "model_name": "Linear"
        }
    ],
    "model_name": "WeightedEnsemble"
}