{
    "core_models": [
        {
            "parameters": {
                "threshold": 5,
                "a": -13.336082076891852,
                "c": -0.038858753908912025,
                "b": 996.4682746044257,
                "t1": 1
            },
            "model_name": "Alternating",
            "weight": 0.36025745744272253
        },
        {
            "parameters": {
                "F": 23.925355272317347,
                "T": -10.516404281155573,
                "t1": 76.02908014595718
            },
            "model_name": "ThermalTime",
            "weight": 0.07555685619766597
        },
        {
            "parameters": {
                "F": 44.51896223472902,
                "c": -0.600648143544974,
                "b": -8.248703509647367,
                "t1": 33.24860772096902
            },
            "model_name": "Uniforc",
            "weight": 0.11225617512819933
        },
        {
            "parameters": {
                "spring_length": 3.312242822838435,
                "slope": 4.677763818258695,
                "spring_start": -5.738039805548215,
                "intercept": 62.62758339699482
            },
            "model_name": "Linear",
            "weight": 0.4519295112314124
        }
    ],
    "model_name": "WeightedEnsemble"
}