{
    "model_name": "WeightedEnsemble",
    "core_models": [
        {
            "model_name": "Alternating",
            "parameters": {
                "c": -0.021153879815821952,
                "b": 1124.241119953465,
                "a": 43.207408050633276,
                "threshold": 5,
                "t1": 1
            },
            "weight": 0.08397710259279052
        },
        {
            "model_name": "ThermalTime",
            "parameters": {
                "F": 19.937396632461287,
                "T": 13.523097303690307,
                "t1": 74.1062049562528
            },
            "weight": 0.3246193303517841
        },
        {
            "model_name": "Uniforc",
            "parameters": {
                "F": 1.7818545078708894,
                "c": 13.419390797342167,
                "b": -13.316491982572433,
                "t1": 74.95623086221109
            },
            "weight": 0.29029674075584755
        },
        {
            "model_name": "Linear",
            "parameters": {
                "spring_start": 59.10228466472383,
                "intercept": 145.16446221070657,
                "slope": -3.4695565300789903,
                "spring_length": 119.42378255052087
            },
            "weight": 0.3011068262995779
        }
    ]
}