{
    "model_name": "Alternating",
    "parameters": {
        "a": 205.2451131046127,
        "b": 702.7950149201366,
        "c": -0.01564930174799084,
        "t1": 1.0,
        "threshold": 5.0
    }
}