{
    "model_name": "WeightedEnsemble",
    "core_models": [
        {
            "model_name": "Alternating",
            "weight": 0.13255970011529325,
            "parameters": {
                "threshold": 5,
                "a": 196.33621732942495,
                "c": -0.05694588308187676,
                "t1": 1,
                "b": 1352.6304827578124
            }
        },
        {
            "model_name": "ThermalTime",
            "weight": 0.41973899443794366,
            "parameters": {
                "T": 14.26360247609666,
                "F": 8.970119380818346,
                "t1": 76.92629745015412
            }
        },
        {
            "model_name": "Uniforc",
            "weight": 0.3153281492492226,
            "parameters": {
                "c": -3.3903578365739264,
                "F": 126.51594623278983,
                "t1": -26.566970989904434,
                "b": -17.59086277093114
            }
        },
        {
            "model_name": "Linear",
            "weight": 0.13237315619754034,
            "parameters": {
                "time_length": 1.0196758866207105,
                "time_start": 8.454522701041046,
                "intercept": 60.90357805011252,
                "slope": 7.661152468580518
            }
        }
    ]
}