{
    "model_name": "WeightedEnsemble",
    "core_models": [
        {
            "weight": 0.2851784507080178,
            "model_name": "Alternating",
            "parameters": {
                "t1": 1,
                "threshold": 5,
                "c": -0.07164981105726786,
                "b": 4965.536560070044,
                "a": 253.54081646129467
            }
        },
        {
            "weight": 0.227982611142529,
            "model_name": "ThermalTime",
            "parameters": {
                "t1": 102.67968059980855,
                "T": 9.605293255401104,
                "F": 25.185818433503016
            }
        },
        {
            "weight": 0.22248776690178282,
            "model_name": "Uniforc",
            "parameters": {
                "t1": 102.37138425199561,
                "c": 10.575456523569727,
                "F": 2.056558762739215,
                "b": -14.531175183840098
            }
        },
        {
            "weight": 0.26435117124767066,
            "model_name": "Linear",
            "parameters": {
                "intercept": 109.43876511132338,
                "time_length": 1.820854383280583,
                "slope": -0.6404013719894598,
                "time_start": 51.846107945737785
            }
        }
    ]
}