{
    "model_name": "WeightedEnsemble",
    "core_models": [
        {
            "model_name": "Alternating",
            "parameters": {
                "b": 4093.156031339281,
                "t1": 1,
                "a": 729.6833528811873,
                "threshold": 5,
                "c": -3.0420780166267667
            },
            "weight": 0.24985719343209642
        },
        {
            "model_name": "ThermalTime",
            "parameters": {
                "t1": 20.31710025189281,
                "T": -11.972986878780373,
                "F": 494.7150775099818
            },
            "weight": 0.11220904441486261
        },
        {
            "model_name": "Uniforc",
            "parameters": {
                "b": -19.06327619670118,
                "t1": -37.12173197185396,
                "c": -2.2643359820611,
                "F": 124.86217661541906
            },
            "weight": 0.1064403554091119
        },
        {
            "model_name": "Linear",
            "parameters": {
                "intercept": 108.82295926901328,
                "spring_start": 2.1044882523430744,
                "spring_length": 1.7815294465400626,
                "slope": -5.349995675564171
            },
            "weight": 0.5314934067439292
        }
    ]
}