{
    "model_name": "Uniforc",
    "parameters": {
        "F": 17.47880581518912,
        "b": -18.864680977610305,
        "c": 5.180748675781689,
        "t1": 28.73733311328394
    }
}