{
    "core_models": [
        {
            "weight": 0.09031446190378714,
            "parameters": {
                "t1": 1,
                "a": 49.140511882546974,
                "threshold": 5,
                "b": 686.2483373642292,
                "c": -0.029984900026759576
            },
            "model_name": "Alternating"
        },
        {
            "weight": 0.1689318225060183,
            "parameters": {
                "t1": 40.32013241760265,
                "F": 145.67367467196436,
                "T": 0.0936654223208988
            },
            "model_name": "ThermalTime"
        },
        {
            "weight": 0.24894993468672655,
            "parameters": {
                "t1": 39.43580067762616,
                "b": -0.19946190282969845,
                "F": 6.568214999048507,
                "c": 12.840668742882055
            },
            "model_name": "Uniforc"
        },
        {
            "weight": 0.491803780903468,
            "parameters": {
                "time_length": 63.35690150099548,
                "time_start": 47.89007414949415,
                "intercept": 104.83689138308526,
                "slope": -3.4390377710447484
            },
            "model_name": "Linear"
        }
    ],
    "model_name": "WeightedEnsemble"
}