{
    "model_name": "WeightedEnsemble",
    "core_models": [
        {
            "weight": 0.3951916669605595,
            "model_name": "Alternating",
            "parameters": {
                "c": -0.005993467163218469,
                "a": -734.4758891295904,
                "t1": 1,
                "threshold": 5,
                "b": 1995.7558653834878
            }
        },
        {
            "weight": 0.13804179011259154,
            "model_name": "ThermalTime",
            "parameters": {
                "T": 14.155757229432647,
                "t1": 101.78964579771815,
                "F": 99.72845952581116
            }
        },
        {
            "weight": 0.3727931028213973,
            "model_name": "Uniforc",
            "parameters": {
                "c": 17.040264346545918,
                "b": -1.3030828543716932,
                "t1": 103.50208344470826,
                "F": 2.322177556477982
            }
        },
        {
            "weight": 0.09397344010545158,
            "model_name": "Linear",
            "parameters": {
                "time_start": 31.52293297650385,
                "slope": -1.9362808674340952,
                "time_length": 24.09703024965959,
                "intercept": 122.72844865822827
            }
        }
    ]
}