{
    "model_name": "Uniforc",
    "parameters": {
        "F": 123.72992605857449,
        "b": -19.24485320211056,
        "c": -2.2417486745234805,
        "t1": -37.8812021585247
    }
}