{
    "model_name": "ThermalTime",
    "parameters": {
        "F": 53.323953063821754,
        "T": 17.306079194505088,
        "t1": 74.16691581598376
    }
}