{
    "model_name": "ThermalTime",
    "parameters": {
        "F": 243.24193032981725,
        "T": 2.7769424770643925,
        "t1": 35.02927935267748
    }
}