{
    "core_models": [
        {
            "weight": 0.0641599208434124,
            "parameters": {
                "b": 4778.431742489334,
                "c": -3.6163685541832464,
                "a": 615.9400272382285,
                "threshold": 5,
                "t1": 1
            },
            "model_name": "Alternating"
        },
        {
            "weight": 0.3170155244429072,
            "parameters": {
                "t1": 72.4270695102528,
                "T": 17.292796317742294,
                "F": 53.27031948915061
            },
            "model_name": "ThermalTime"
        },
        {
            "weight": 0.43472547178976423,
            "parameters": {
                "t1": 72.83787829425694,
                "c": 17.577043360934663,
                "F": 2.023720520357813,
                "b": -1.861881614695493
            },
            "model_name": "Uniforc"
        },
        {
            "weight": 0.18409908292391616,
            "parameters": {
                "slope": -5.7616078487635285,
                "spring_length": 2.6669329721733064,
                "spring_start": 3.967273979597646,
                "intercept": 99.13011420670145
            },
            "model_name": "Linear"
        }
    ],
    "model_name": "WeightedEnsemble"
}