{
    "core_models": [
        {
            "model_name": "Alternating",
            "parameters": {
                "a": 19.750659288309215,
                "threshold": 5,
                "t1": 1,
                "b": 705.0099529793056,
                "c": -0.02403684586190602
            },
            "weight": 0.10876673602786002
        },
        {
            "model_name": "ThermalTime",
            "parameters": {
                "T": 0.22322126384647367,
                "t1": 45.756916451555824,
                "F": 138.1084023752951
            },
            "weight": 0.14671060856825535
        },
        {
            "model_name": "Uniforc",
            "parameters": {
                "c": 11.12114135478064,
                "t1": 39.93949801310228,
                "b": -0.19263256642668303,
                "F": 8.76168259817939
            },
            "weight": 0.09185133734545559
        },
        {
            "model_name": "Linear",
            "parameters": {
                "time_start": 55.07995513332995,
                "intercept": 108.8017015304029,
                "time_length": 56.26323937130555,
                "slope": -3.4133208076269272
            },
            "weight": 0.6526713180584287
        }
    ],
    "model_name": "WeightedEnsemble"
}