{
    "core_models": [
        {
            "model_name": "Alternating",
            "weight": 0.26366843593470685,
            "parameters": {
                "a": -8.134088809565787,
                "c": -0.015134584030272347,
                "b": 948.5637428557802,
                "t1": 1,
                "threshold": 5
            }
        },
        {
            "model_name": "ThermalTime",
            "weight": 0.16942173311063638,
            "parameters": {
                "F": 217.26194133338208,
                "T": -5.086029420372318,
                "t1": 74.73559965695786
            }
        },
        {
            "model_name": "Uniforc",
            "weight": 0.12907709392102223,
            "parameters": {
                "c": -2.590417711361509,
                "F": 55.83719640651381,
                "t1": 17.01903169332867,
                "b": -0.1404982702113884
            }
        },
        {
            "model_name": "Linear",
            "weight": 0.4378327370336346,
            "parameters": {
                "time_start": 39.93502130369363,
                "slope": -2.8073271650697453,
                "intercept": 115.51516194234263,
                "time_length": 61.2359240617708
            }
        }
    ],
    "model_name": "WeightedEnsemble"
}