{
    "model_name": "Uniforc",
    "parameters": {
        "F": 13.433047711251204,
        "b": -0.36021377008158595,
        "c": 5.491287619933627,
        "t1": 44.36850875438913
    }
}