{
    "core_models": [
        {
            "weight": 0.5185134318670049,
            "parameters": {
                "time_length": 10.49001657663738,
                "time_start": 202.22391262762127,
                "slope": -0.6350510269020263,
                "intercept": 298.0
            },
            "model_name": "Linear"
        },
        {
            "weight": 0.48148656813299523,
            "parameters": {
                "F": 411.6358062875463,
                "T": 24.297955152919183,
                "t1": 255.80955143402463
            },
            "model_name": "FallCooling"
        }
    ],
    "model_name": "WeightedEnsemble"
}