{
    "model_name": "Uniforc",
    "parameters": {
        "F": 160.8157950123006,
        "b": -18.77427012642984,
        "c": -2.2521016968148624,
        "t1": -37.71368255849123
    }
}