{
    "core_models": [
        {
            "weight": 0.2526513981123142,
            "model_name": "Alternating",
            "parameters": {
                "c": -0.010568791406887712,
                "b": 1277.66014771117,
                "threshold": 5,
                "a": -292.30399798724795,
                "t1": 1
            }
        },
        {
            "weight": 0.1954533398202683,
            "model_name": "ThermalTime",
            "parameters": {
                "T": 13.501296504407456,
                "F": 20.08466931759193,
                "t1": 75.71882903274084
            }
        },
        {
            "weight": 0.19484009435677344,
            "model_name": "Uniforc",
            "parameters": {
                "c": 13.488782902436657,
                "b": -13.431844959928274,
                "F": 1.5334923351454819,
                "t1": 75.1111147386693
            }
        },
        {
            "weight": 0.3570551677106444,
            "model_name": "Linear",
            "parameters": {
                "slope": -3.862556785134474,
                "time_length": 119.86186911018979,
                "intercept": 149.56992732374044,
                "time_start": 59.44715219920463
            }
        }
    ],
    "model_name": "WeightedEnsemble"
}