{
    "core_models": [
        {
            "weight": 0.1840779456792169,
            "parameters": {
                "b": 2776.0106850037037,
                "c": -0.009396891472906788,
                "t1": 1,
                "threshold": 5,
                "a": -770.5331386653676
            },
            "model_name": "Alternating"
        },
        {
            "weight": 0.35790933147698817,
            "parameters": {
                "T": 17.802202617600333,
                "t1": 109.63469205572197,
                "F": 27.477998572541196
            },
            "model_name": "ThermalTime"
        },
        {
            "weight": 0.2992218723101862,
            "parameters": {
                "b": -5.360719341625515,
                "F": 9.946112317274299,
                "c": 15.169381645142865,
                "t1": -53.68549679191662
            },
            "model_name": "Uniforc"
        },
        {
            "weight": 0.15879085053360878,
            "parameters": {
                "intercept": 143.55550329730573,
                "slope": 1.7679686966447519,
                "time_length": 2.983868307663201,
                "time_start": 13.888418670454165
            },
            "model_name": "Linear"
        }
    ],
    "model_name": "WeightedEnsemble"
}