{
    "model_name": "WeightedEnsemble",
    "core_models": [
        {
            "weight": 0.11114735821681193,
            "model_name": "Alternating",
            "parameters": {
                "c": -0.013153356962441798,
                "t1": 1,
                "threshold": 5,
                "b": 1012.3598817660159,
                "a": -121.97269492467811
            }
        },
        {
            "weight": 0.12214278229075541,
            "model_name": "ThermalTime",
            "parameters": {
                "T": -2.3860644996711255,
                "F": 279.05888160348354,
                "t1": 41.22263132252152
            }
        },
        {
            "weight": 0.18398692062099284,
            "model_name": "Uniforc",
            "parameters": {
                "c": 6.066565754796249,
                "F": 24.556230844483935,
                "b": -0.1916870497185741,
                "t1": 39.574119956405184
            }
        },
        {
            "weight": 0.5827229388714394,
            "model_name": "Linear",
            "parameters": {
                "intercept": 113.83191818487285,
                "time_start": 39.421274573330564,
                "slope": -2.997330962291922,
                "time_length": 69.50903791111097
            }
        }
    ]
}