{
    "core_models": [
        {
            "weight": 0.12058238648714571,
            "parameters": {
                "c": -0.031143076464081876,
                "b": 629.7220106124912,
                "a": 2.5361191430022245,
                "t1": 1,
                "threshold": 5
            },
            "model_name": "Alternating"
        },
        {
            "weight": 0.3318713713775332,
            "parameters": {
                "F": 63.4880051528105,
                "T": 5.508479225875579,
                "t1": 46.458899482293035
            },
            "model_name": "ThermalTime"
        },
        {
            "weight": 0.3454483245536497,
            "parameters": {
                "F": 7.79625560687893,
                "b": -1.3510219192011945,
                "t1": 47.541607617661,
                "c": 4.863331733473397
            },
            "model_name": "Uniforc"
        },
        {
            "weight": 0.20209791758167114,
            "parameters": {
                "slope": -3.451785745327571,
                "time_start": 47.11733207733218,
                "time_length": 68.26290372171285,
                "intercept": 94.50782766654807
            },
            "model_name": "Linear"
        }
    ],
    "model_name": "WeightedEnsemble"
}