{
    "core_models": [
        {
            "parameters": {
                "a": 143.04476001282686,
                "b": 1464.2769651063054,
                "c": -0.005860306555447448,
                "threshold": 5,
                "t1": 1
            },
            "weight": 0.18669328861193718,
            "model_name": "Alternating"
        },
        {
            "parameters": {
                "F": 230.08209493543484,
                "t1": 95.80934210521352,
                "T": 16.89564440261965
            },
            "weight": 0.1309520535237864,
            "model_name": "ThermalTime"
        },
        {
            "parameters": {
                "F": 8.04090380812363,
                "b": -18.0030310068432,
                "c": 17.477276469869384,
                "t1": 96.81695879815594
            },
            "weight": 0.12691367647727447,
            "model_name": "Uniforc"
        },
        {
            "parameters": {
                "intercept": 173.51101070843802,
                "slope": -4.172279873314286,
                "time_start": 51.712292781332316,
                "time_length": 1.749154095418774
            },
            "weight": 0.555440981387001,
            "model_name": "Linear"
        }
    ],
    "model_name": "WeightedEnsemble"
}