{
    "core_models": [
        {
            "parameters": {
                "c": -0.013445057729735144,
                "b": 787.5921680906818,
                "threshold": 5,
                "a": 829.234649854603,
                "t1": 1
            },
            "weight": 0.2689103617965635,
            "model_name": "Alternating"
        },
        {
            "parameters": {
                "F": 230.69423982833348,
                "t1": 95.48232401483722,
                "T": 16.938657641891087
            },
            "weight": 0.16078700618620526,
            "model_name": "ThermalTime"
        },
        {
            "parameters": {
                "c": 17.270864430363098,
                "F": 11.08904811611336,
                "t1": 95.015683039138,
                "b": -7.713389150486067
            },
            "weight": 0.17146975970989428,
            "model_name": "Uniforc"
        },
        {
            "parameters": {
                "spring_length": 5.593585218306728,
                "spring_start": 49.71904301322965,
                "intercept": 172.98624425930868,
                "slope": -4.188767230362735
            },
            "weight": 0.39883287230733677,
            "model_name": "Linear"
        }
    ],
    "model_name": "WeightedEnsemble"
}