{
    "core_models": [
        {
            "model_name": "Alternating",
            "weight": 0.18098058208580778,
            "parameters": {
                "a": 923.5923587308541,
                "t1": 1,
                "b": 1361.8820726331955,
                "threshold": 5,
                "c": -0.030816208267332446
            }
        },
        {
            "model_name": "ThermalTime",
            "weight": 0.19814364421356692,
            "parameters": {
                "t1": 152.87149156356082,
                "T": 20.684898342792614,
                "F": 73.41569682749542
            }
        },
        {
            "model_name": "Uniforc",
            "weight": 0.26324884641971985,
            "parameters": {
                "t1": 41.95287147490666,
                "F": 107.96154074553257,
                "b": -1.3853791961453528,
                "c": 2.109276203006605
            }
        },
        {
            "model_name": "Linear",
            "weight": 0.3576269272809056,
            "parameters": {
                "time_length": 1.2926512319016936,
                "slope": -3.296914574892736,
                "time_start": 29.176847749462112,
                "intercept": 177.18701995190338
            }
        }
    ],
    "model_name": "WeightedEnsemble"
}