{
    "model_name": "ThermalTime",
    "parameters": {
        "F": 193.04810315960992,
        "T": 16.340253077033427,
        "t1": 95.52548265728056
    }
}