{
    "model_name": "WeightedEnsemble",
    "core_models": [
        {
            "parameters": {
                "threshold": 5,
                "b": 781.8649992757621,
                "t1": 1,
                "a": 950.8460477219085,
                "c": -0.10342212282510488
            },
            "model_name": "Alternating",
            "weight": 0.09011260576010469
        },
        {
            "parameters": {
                "F": 504.24959874512155,
                "t1": 65.6739237292596,
                "T": 14.756720321650329
            },
            "model_name": "ThermalTime",
            "weight": 0.19259942217820653
        },
        {
            "parameters": {
                "F": 49.2129684656319,
                "b": -16.764451492889098,
                "t1": 30.141755025121014,
                "c": 14.11441598172376
            },
            "model_name": "Uniforc",
            "weight": 0.3517840779449245
        },
        {
            "parameters": {
                "spring_length": 1.0219235921876262,
                "intercept": 172.7568955776919,
                "spring_start": 32.53215809182443,
                "slope": -4.223975738551769
            },
            "model_name": "Linear",
            "weight": 0.3655038941167644
        }
    ]
}