{
    "model_name": "WeightedEnsemble",
    "core_models": [
        {
            "model_name": "Alternating",
            "weight": 0.36024012463424043,
            "parameters": {
                "a": 987.4157141334592,
                "c": -0.43050035967584677,
                "t1": 1,
                "b": 916.6802494835324,
                "threshold": 5
            }
        },
        {
            "model_name": "ThermalTime",
            "weight": 0.14715934664859912,
            "parameters": {
                "F": 829.4951985776013,
                "t1": 31.95332795805446,
                "T": 14.132320058480275
            }
        },
        {
            "model_name": "Uniforc",
            "weight": 0.3258942789594174,
            "parameters": {
                "F": 49.897474888690994,
                "c": 14.061969445654231,
                "t1": 31.14332962571622,
                "b": -16.393782919567535
            }
        },
        {
            "model_name": "Linear",
            "weight": 0.16670624975774298,
            "parameters": {
                "intercept": 264.99826412228504,
                "slope": -9.949762044947896,
                "time_start": 57.30215959650362,
                "time_length": 31.8366087066258
            }
        }
    ]
}