{
    "model_name": "ThermalTime",
    "parameters": {
        "F": 417.7380429720895,
        "T": 14.755797063088385,
        "t1": 70.36644119852279
    }
}