{
    "model_name": "WeightedEnsemble",
    "core_models": [
        {
            "parameters": {
                "a": 998.7563909241773,
                "t1": 1,
                "b": 918.0381694569392,
                "threshold": 5,
                "c": -0.5010446192892126
            },
            "model_name": "Alternating",
            "weight": 0.36901171182565934
        },
        {
            "parameters": {
                "t1": 70.85450084199286,
                "T": 15.1654220236273,
                "F": 412.83651227200363
            },
            "model_name": "ThermalTime",
            "weight": 0.11602004602648122
        },
        {
            "parameters": {
                "t1": 31.36673726315611,
                "F": 49.91360618162728,
                "b": -18.482203065779608,
                "c": 14.05992226603453
            },
            "model_name": "Uniforc",
            "weight": 0.2898049481844888
        },
        {
            "parameters": {
                "time_length": 1.2879700804770096,
                "slope": -4.1109494123714905,
                "time_start": 33.20700962003515,
                "intercept": 171.23127686408765
            },
            "model_name": "Linear",
            "weight": 0.2251632939633708
        }
    ]
}