{
    "model_name": "WeightedEnsemble",
    "core_models": [
        {
            "weight": 0.07116148266347183,
            "parameters": {
                "b": 851.1464168807013,
                "a": 233.29042158108203,
                "c": -0.02994770747983999,
                "t1": 1,
                "threshold": 5
            },
            "model_name": "Alternating"
        },
        {
            "weight": 0.1245182193036634,
            "parameters": {
                "T": -16.296242036314496,
                "t1": 35.03749626248097,
                "F": 325.31303262491554
            },
            "model_name": "ThermalTime"
        },
        {
            "weight": 0.23589455508468707,
            "parameters": {
                "b": -9.525931275952908,
                "c": 1.4863323721135968,
                "t1": 24.588247301215972,
                "F": 50.94586857428205
            },
            "model_name": "Uniforc"
        },
        {
            "weight": 0.5684257429481773,
            "parameters": {
                "time_start": 40.07530351792973,
                "slope": -5.07361218590118,
                "time_length": 31.22335263900558,
                "intercept": 115.11254556850153
            },
            "model_name": "Linear"
        }
    ]
}