{
    "core_models": [
        {
            "parameters": {
                "threshold": 5,
                "a": 417.17591427898657,
                "c": -4.346557889347471,
                "b": 555.9252903800361,
                "t1": 1
            },
            "weight": 0.265166367716841,
            "model_name": "Alternating"
        },
        {
            "parameters": {
                "T": -11.069497383821837,
                "F": 14.36437862956501,
                "t1": 57.35094048368071
            },
            "weight": 0.13373489345813708,
            "model_name": "ThermalTime"
        },
        {
            "parameters": {
                "c": -47.00488997173547,
                "F": 10.787443866775021,
                "b": -9.716849010886877,
                "t1": 47.12069502873186
            },
            "weight": 0.19516405134375706,
            "model_name": "Uniforc"
        },
        {
            "parameters": {
                "time_start": 25.829903237723205,
                "time_length": 1.6828596312100146,
                "slope": 10.628736637909094,
                "intercept": -67.0
            },
            "weight": 0.4059346874812647,
            "model_name": "Linear"
        }
    ],
    "model_name": "WeightedEnsemble"
}