{
    "core_models": [
        {
            "weight": 0.7194951874640553,
            "model_name": "Linear",
            "parameters": {
                "time_start": 239.8799252363132,
                "intercept": -67.0,
                "time_length": 52.23607032510131,
                "slope": 16.905600628750296
            }
        },
        {
            "weight": 0.28050481253594417,
            "model_name": "FallCooling",
            "parameters": {
                "F": 283.32985521663977,
                "T": 22.775729468987514,
                "t1": 184.5874151734722
            }
        }
    ],
    "model_name": "WeightedEnsemble"
}