{
    "model_name": "WeightedEnsemble",
    "core_models": [
        {
            "model_name": "Alternating",
            "weight": 0.3128977446070183,
            "parameters": {
                "a": 819.1607470620435,
                "c": -0.019567534101033957,
                "t1": 1,
                "threshold": 5,
                "b": 703.4086241414743
            }
        },
        {
            "model_name": "ThermalTime",
            "weight": 0.25612364882041805,
            "parameters": {
                "T": 15.676744808641036,
                "t1": 76.5854579342109,
                "F": 236.1661764017532
            }
        },
        {
            "model_name": "Uniforc",
            "weight": 0.2723773639807235,
            "parameters": {
                "c": 16.090520521855744,
                "t1": 76.73062239718135,
                "F": 12.045205313671303,
                "b": -15.974455218065485
            }
        },
        {
            "model_name": "Linear",
            "weight": 0.15860124259184016,
            "parameters": {
                "time_length": 8.657283138628017,
                "intercept": 161.36059819581166,
                "slope": -3.318000766310733,
                "time_start": 42.02192219011929
            }
        }
    ]
}