{
    "core_models": [
        {
            "model_name": "Alternating",
            "parameters": {
                "t1": 1,
                "threshold": 5,
                "b": 1168.8351784066167,
                "a": 418.3229660517447,
                "c": -0.01733967210220566
            },
            "weight": 0.2859526875616406
        },
        {
            "model_name": "ThermalTime",
            "parameters": {
                "t1": 73.72090246267636,
                "F": 274.77266902690815,
                "T": 15.910509577038484
            },
            "weight": 0.26182338918327913
        },
        {
            "model_name": "Uniforc",
            "parameters": {
                "t1": 75.01557681108108,
                "F": 13.122281715569102,
                "b": -14.010871032131009,
                "c": 16.032695097040584
            },
            "weight": 0.2510930868011742
        },
        {
            "model_name": "Linear",
            "parameters": {
                "time_start": 48.09503817817479,
                "intercept": 184.94131082679428,
                "slope": -5.492607857245347,
                "time_length": 1.9093762674414378
            },
            "weight": 0.201130836453906
        }
    ],
    "model_name": "WeightedEnsemble"
}