{
    "core_models": [
        {
            "weight": 0.11713953903889196,
            "parameters": {
                "c": -0.09599339937686979,
                "a": 65.09819666245242,
                "threshold": 5,
                "t1": 1,
                "b": 572.2981693420077
            },
            "model_name": "Alternating"
        },
        {
            "weight": 0.28249939290118875,
            "parameters": {
                "t1": 46.12871092590527,
                "F": 2.981459108556578,
                "T": 13.771081071004087
            },
            "model_name": "ThermalTime"
        },
        {
            "weight": 0.22627468691658337,
            "parameters": {
                "t1": -6.403410494711849,
                "F": 58.879593945574335,
                "b": -11.646938568322497,
                "c": -6.531444202132736
            },
            "model_name": "Uniforc"
        },
        {
            "weight": 0.37408638114333553,
            "parameters": {
                "time_start": 59.75832126725487,
                "slope": -12.726375316647086,
                "intercept": 260.9349834022059,
                "time_length": 119.73920019129918
            },
            "model_name": "Linear"
        }
    ],
    "model_name": "WeightedEnsemble"
}