{
    "model_name": "WeightedEnsemble",
    "core_models": [
        {
            "parameters": {
                "threshold": 5,
                "b": 1114.0347163470344,
                "t1": 1,
                "a": 249.89550864601907,
                "c": -0.014447157565779634
            },
            "model_name": "Alternating",
            "weight": 0.07675682547634544
        },
        {
            "parameters": {
                "F": 222.2667216472168,
                "t1": 110.92481021736265,
                "T": 8.04690658887312
            },
            "model_name": "ThermalTime",
            "weight": 0.0816547060794906
        },
        {
            "parameters": {
                "F": 76.42066222343729,
                "b": -11.175486402599011,
                "t1": 25.860541694736682,
                "c": 1.7754911271241958
            },
            "model_name": "Uniforc",
            "weight": 0.21929328259642666
        },
        {
            "parameters": {
                "spring_length": 1.661279035361396,
                "intercept": 133.9960586130585,
                "spring_start": 33.58897198000009,
                "slope": -2.5244503812894754
            },
            "model_name": "Linear",
            "weight": 0.6222951858477374
        }
    ]
}