{
    "model_name": "Uniforc",
    "parameters": {
        "F": 76.12152708546179,
        "b": -15.858370676014314,
        "c": 1.8234727260669328,
        "t1": 25.99361229150761
    }
}