{
    "model_name": "Uniforc",
    "parameters": {
        "F": 57.029003333204145,
        "b": -9.340945105011176,
        "c": 0.0951920117510996,
        "t1": 23.415826264531546
    }
}