{
    "model_name": "Uniforc",
    "parameters": {
        "F": 21.924107873245347,
        "b": -17.51041169560077,
        "c": 15.851088495680488,
        "t1": 35.328248582207344
    }
}