{
    "core_models": [
        {
            "weight": 0.2206765158820862,
            "model_name": "Alternating",
            "parameters": {
                "t1": 1,
                "threshold": 5,
                "a": 71.35988159015727,
                "c": -0.29083106728234887,
                "b": 619.6207308054086
            }
        },
        {
            "weight": 0.294191515310308,
            "model_name": "ThermalTime",
            "parameters": {
                "t1": 45.983294461585544,
                "T": -22.454586111932468,
                "F": 25.52102974884218
            }
        },
        {
            "weight": 0.11707590904539948,
            "model_name": "Uniforc",
            "parameters": {
                "t1": -54.00580599563435,
                "c": -9.163894703926356,
                "F": 99.7605248043323,
                "b": -0.2639270693154572
            }
        },
        {
            "weight": 0.3680560597622063,
            "model_name": "Linear",
            "parameters": {
                "intercept": -0.7501409782354536,
                "spring_start": 21.35764570501088,
                "slope": 4.19743137094126,
                "spring_length": 7.1462901377726595
            }
        }
    ],
    "model_name": "WeightedEnsemble"
}