{
    "model_name": "WeightedEnsemble",
    "core_models": [
        {
            "model_name": "Alternating",
            "weight": 0.14857331810313482,
            "parameters": {
                "b": 1473.1852421258352,
                "a": -111.45051376559223,
                "c": -0.009624548493756713,
                "t1": 1,
                "threshold": 5
            }
        },
        {
            "model_name": "ThermalTime",
            "weight": 0.11072825251408334,
            "parameters": {
                "F": 376.02189309316924,
                "t1": 86.24475445352437,
                "T": 7.8012465597021405
            }
        },
        {
            "model_name": "Uniforc",
            "weight": 0.330160220354725,
            "parameters": {
                "F": 74.12444221868002,
                "b": -11.156427759045197,
                "c": 1.523339768366283,
                "t1": 33.78293786586657
            }
        },
        {
            "model_name": "Linear",
            "weight": 0.4105382090280569,
            "parameters": {
                "time_length": 1.153095021328184,
                "slope": -2.637919302229161,
                "intercept": 135.25779641027157,
                "time_start": 35.63502368227319
            }
        }
    ]
}