{
    "model_name": "WeightedEnsemble",
    "core_models": [
        {
            "model_name": "Alternating",
            "parameters": {
                "c": -0.045571401586739224,
                "t1": 1,
                "a": 456.57722811726796,
                "b": 3987.652235941797,
                "threshold": 5
            },
            "weight": 0.24710108842870204
        },
        {
            "model_name": "ThermalTime",
            "parameters": {
                "F": 51.797753620676986,
                "t1": 124.60097664436113,
                "T": 11.069740682559114
            },
            "weight": 0.35237602453324435
        },
        {
            "model_name": "Uniforc",
            "parameters": {
                "c": 10.74421231591498,
                "F": 11.997211178751655,
                "t1": 113.24366388413443,
                "b": -13.129493598594976
            },
            "weight": 0.2167988334818552
        },
        {
            "model_name": "Linear",
            "parameters": {
                "time_length": 1.622525865024926,
                "time_start": -14.003705965289722,
                "slope": 1.3323454304603688,
                "intercept": 126.6018740157781
            },
            "weight": 0.18372405355619847
        }
    ]
}