{
    "core_models": [
        {
            "parameters": {
                "threshold": 5,
                "c": -0.02950570979931344,
                "a": 495.1502606287861,
                "t1": 1,
                "b": 287.8738146202145
            },
            "weight": 0.15889414310480907,
            "model_name": "Alternating"
        },
        {
            "parameters": {
                "F": 50.49837416592919,
                "T": 14.086978165930713,
                "t1": 83.09236191368345
            },
            "weight": 0.3938286999496327,
            "model_name": "ThermalTime"
        },
        {
            "parameters": {
                "c": 18.21372438404598,
                "F": 0.38820025843028816,
                "t1": 75.50426877794484,
                "b": -1.0830535631103526
            },
            "weight": 0.18846144844298873,
            "model_name": "Uniforc"
        },
        {
            "parameters": {
                "time_start": 39.392669869029874,
                "slope": -4.390910717104516,
                "time_length": 33.11085588742787,
                "intercept": 121.2831776696495
            },
            "weight": 0.2588157085025694,
            "model_name": "Linear"
        }
    ],
    "model_name": "WeightedEnsemble"
}