{
    "core_models": [
        {
            "parameters": {
                "b": 2233.314652464529,
                "a": 407.32570159669,
                "c": -0.11344800900533025,
                "t1": 1,
                "threshold": 5
            },
            "weight": 0.09037657924541914,
            "model_name": "Alternating"
        },
        {
            "parameters": {
                "F": 329.31169657761205,
                "T": -16.306640121804808,
                "t1": 34.725487052360094
            },
            "weight": 0.10488979214017213,
            "model_name": "ThermalTime"
        },
        {
            "parameters": {
                "b": -18.168958470696396,
                "F": 53.63704337819429,
                "c": 1.2252510377759873,
                "t1": 22.846250017723307
            },
            "weight": 0.15468419337676517,
            "model_name": "Uniforc"
        },
        {
            "parameters": {
                "intercept": 112.2089018215584,
                "spring_length": 31.43804795400706,
                "slope": -4.624317579852091,
                "spring_start": 38.156325830778925
            },
            "weight": 0.6500494352376436,
            "model_name": "Linear"
        }
    ],
    "model_name": "WeightedEnsemble"
}