{
    "model_name": "ThermalTime",
    "parameters": {
        "F": 0.28014292414280817,
        "T": 11.765685482225607,
        "t1": 45.14473777102083
    }
}