{
    "core_models": [
        {
            "model_name": "Alternating",
            "parameters": {
                "t1": 1,
                "threshold": 5,
                "a": 750.0995367905745,
                "c": -0.018497002644894067,
                "b": 839.3614584106278
            },
            "weight": 0.08599462262965439
        },
        {
            "model_name": "ThermalTime",
            "parameters": {
                "t1": 74.14868560267965,
                "T": 16.131705613560765,
                "F": 258.7404885031466
            },
            "weight": 0.38443198826205005
        },
        {
            "model_name": "Uniforc",
            "parameters": {
                "t1": 74.09292514026703,
                "c": 16.110139374720855,
                "b": -18.156869907173466,
                "F": 13.956255503801145
            },
            "weight": 0.46255496297641524
        },
        {
            "model_name": "Linear",
            "parameters": {
                "intercept": 166.15721770767533,
                "spring_start": 34.08032366946152,
                "slope": -3.7112191483605637,
                "spring_length": 15.58223587800991
            },
            "weight": 0.06701842613188033
        }
    ],
    "model_name": "WeightedEnsemble"
}