{
    "model_name": "WeightedEnsemble",
    "core_models": [
        {
            "model_name": "Alternating",
            "weight": 0.2945804659174965,
            "parameters": {
                "c": -0.03289754552941604,
                "b": 3334.3492069854183,
                "threshold": 5,
                "a": 202.05754520274556,
                "t1": 1
            }
        },
        {
            "model_name": "ThermalTime",
            "weight": 0.10419670155311872,
            "parameters": {
                "T": 16.699561898193664,
                "F": 20.207397124108354,
                "t1": 115.71124051014975
            }
        },
        {
            "model_name": "Uniforc",
            "weight": 0.11959625261263779,
            "parameters": {
                "c": -17.887572039114097,
                "b": -17.535525788371725,
                "F": 104.45547555345004,
                "t1": 32.21084739915369
            }
        },
        {
            "model_name": "Linear",
            "weight": 0.4816265799167469,
            "parameters": {
                "slope": 3.8797609454715776,
                "time_length": 1.9542690474677187,
                "time_start": -18.22603850598079,
                "intercept": 149.0509770598987
            }
        }
    ]
}