{
    "model_name": "WeightedEnsemble",
    "core_models": [
        {
            "model_name": "Alternating",
            "weight": 0.26629761899123783,
            "parameters": {
                "c": -0.015573338666014624,
                "threshold": 5,
                "b": 4193.247585900364,
                "t1": 1,
                "a": -665.9392473539187
            }
        },
        {
            "model_name": "ThermalTime",
            "weight": 0.17379914164960067,
            "parameters": {
                "T": 12.261804764570549,
                "F": 8.191312459943447,
                "t1": 121.70078079331239
            }
        },
        {
            "model_name": "Uniforc",
            "weight": 0.10197619143889018,
            "parameters": {
                "c": -13.251490129412236,
                "F": 92.17437325032826,
                "b": -14.129784505306148,
                "t1": 38.72524549939753
            }
        },
        {
            "model_name": "Linear",
            "weight": 0.45792704792027095,
            "parameters": {
                "slope": 4.88597785131047,
                "intercept": 164.59373631982083,
                "time_start": -1.7730473793995358,
                "time_length": 12.613776440766692
            }
        }
    ]
}