{
    "model_name": "ThermalTime",
    "parameters": {
        "F": 3.5227850695850407,
        "T": 14.325699579064331,
        "t1": 80.89260331472494
    }
}