{
    "model_name": "WeightedEnsemble",
    "core_models": [
        {
            "model_name": "Alternating",
            "weight": 0.18617136762961578,
            "parameters": {
                "b": 2471.9089842561743,
                "c": -0.04372439564389197,
                "threshold": 5,
                "a": 356.1613861623307,
                "t1": 1
            }
        },
        {
            "model_name": "ThermalTime",
            "weight": 0.14373638423073826,
            "parameters": {
                "t1": 113.77612672469712,
                "T": 5.640070287955551,
                "F": 227.64855608853594
            }
        },
        {
            "model_name": "Uniforc",
            "weight": 0.15637590193210144,
            "parameters": {
                "t1": 114.56728410890393,
                "b": -11.959538573384743,
                "c": 6.620910224005194,
                "F": 21.144169841515662
            }
        },
        {
            "model_name": "Linear",
            "weight": 0.5137163462075441,
            "parameters": {
                "slope": 3.7045301961063917,
                "time_length": 1.6787107632998186,
                "intercept": 170.6301856674053,
                "time_start": 38.121265997442805
            }
        }
    ]
}