{
    "core_models": [
        {
            "parameters": {
                "b": 1764.5481147822873,
                "c": -0.1373549582020397,
                "t1": 1,
                "a": 73.38561089835261,
                "threshold": 5
            },
            "weight": 0.4556868647920729,
            "model_name": "Alternating"
        },
        {
            "parameters": {
                "T": -7.875675820008166,
                "t1": 94.67704759251367,
                "F": 2.8414893722053876
            },
            "weight": 0.13879685124564015,
            "model_name": "ThermalTime"
        },
        {
            "parameters": {
                "c": -8.351512090042206,
                "t1": 39.11254268849187,
                "F": 56.52828452138514,
                "b": -12.01465889738536
            },
            "weight": 0.2778410528013406,
            "model_name": "Uniforc"
        },
        {
            "parameters": {
                "intercept": 64.22165971229612,
                "time_start": -27.808992905365898,
                "time_length": 1.059777224100344,
                "slope": 5.785371288884702
            },
            "weight": 0.12767523116094637,
            "model_name": "Linear"
        }
    ],
    "model_name": "WeightedEnsemble"
}