{
    "core_models": [
        {
            "model_name": "Linear",
            "parameters": {
                "slope": 18.648842372855373,
                "time_start": 246.71479636570558,
                "time_length": 10.789305545007934,
                "intercept": -66.9999999999994
            },
            "weight": 0.3232210229316085
        },
        {
            "model_name": "FallCooling",
            "parameters": {
                "T": 15.1084555140157,
                "F": 88.02994460096494,
                "t1": 227.8669350259409
            },
            "weight": 0.6767789770683911
        }
    ],
    "model_name": "WeightedEnsemble"
}