{
    "core_models": [
        {
            "parameters": {
                "time_length": 20.065830214232268,
                "slope": 2.709291799153183,
                "time_start": 248.50144252525845,
                "intercept": 200.38012853081858
            },
            "weight": 0.6937002852562668,
            "model_name": "Linear"
        },
        {
            "parameters": {
                "t1": 237.6708276655606,
                "F": 16.892845678708056,
                "T": 17.438514786932878
            },
            "weight": 0.30629971474373235,
            "model_name": "FallCooling"
        }
    ],
    "model_name": "WeightedEnsemble"
}