{
    "model_name": "WeightedEnsemble",
    "core_models": [
        {
            "model_name": "Alternating",
            "weight": 0.17229596018010426,
            "parameters": {
                "b": 3783.08223107322,
                "a": -891.2332753522172,
                "threshold": 5,
                "t1": 1,
                "c": -0.011823100152754673
            }
        },
        {
            "model_name": "ThermalTime",
            "weight": 0.0696340828946127,
            "parameters": {
                "T": -11.165472873815279,
                "F": 12.866351331262877,
                "t1": 152.94153912846355
            }
        },
        {
            "model_name": "Uniforc",
            "weight": 0.0696340828946127,
            "parameters": {
                "b": -10.942847224766721,
                "F": 37.825922934723366,
                "t1": 115.00506492629013,
                "c": 3.253552893021505
            }
        },
        {
            "model_name": "Linear",
            "weight": 0.6884358740306705,
            "parameters": {
                "slope": 2.032268362603895,
                "spring_length": 1.7914586937710695,
                "spring_start": 37.14947856259325,
                "intercept": 151.21062421730784
            }
        }
    ]
}