{
    "model_name": "WeightedEnsemble",
    "core_models": [
        {
            "model_name": "Alternating",
            "weight": 0.1720529547495307,
            "parameters": {
                "a": -989.9842018460866,
                "b": 4435.901798240335,
                "threshold": 5,
                "t1": 1,
                "c": -0.012697203716347971
            }
        },
        {
            "model_name": "ThermalTime",
            "weight": 0.1249112965697894,
            "parameters": {
                "t1": 128.16996986971643,
                "T": 13.822856610444711,
                "F": 5.707005725430122
            }
        },
        {
            "model_name": "Uniforc",
            "weight": 0.17062744693020054,
            "parameters": {
                "t1": 113.88760114537058,
                "b": -19.84367344088593,
                "F": 19.831011644999606,
                "c": 6.670446781747019
            }
        },
        {
            "model_name": "Linear",
            "weight": 0.5324083017504789,
            "parameters": {
                "time_start": 38.287549235233634,
                "intercept": 162.13564981070903,
                "slope": 3.0666165691139833,
                "time_length": 1.3955046633316002
            }
        }
    ]
}