{
    "model_name": "Alternating",
    "parameters": {
        "a": -720.304437341656,
        "b": 4108.330159405124,
        "c": -0.015032567815186582,
        "t1": 1.0,
        "threshold": 5.0
    }
}