{
    "core_models": [
        {
            "weight": 0.7324239194856456,
            "model_name": "Linear",
            "parameters": {
                "time_start": 298.2250223383993,
                "time_length": 10.130947861304477,
                "intercept": 298.0,
                "slope": -7.675715577554154
            }
        },
        {
            "weight": 0.26757608051435344,
            "model_name": "FallCooling",
            "parameters": {
                "T": 22.836675399213597,
                "t1": 187.15673428423182,
                "F": 336.68805141399525
            }
        }
    ],
    "model_name": "WeightedEnsemble"
}