{
    "model_name": "Alternating",
    "parameters": {
        "a": -985.8362184709847,
        "b": 3875.711012641813,
        "c": -0.011501670606918868,
        "t1": 1.0,
        "threshold": 5.0
    }
}