{
    "core_models": [
        {
            "model_name": "Alternating",
            "weight": 0.22865075368908053,
            "parameters": {
                "c": -0.08971560801072176,
                "b": 1075.3612062037184,
                "t1": 1,
                "a": 90.034151779949,
                "threshold": 5
            }
        },
        {
            "model_name": "ThermalTime",
            "weight": 0.29578069835230186,
            "parameters": {
                "F": 13.023874985997452,
                "t1": 75.22815275188722,
                "T": -18.521527862084632
            }
        },
        {
            "model_name": "Uniforc",
            "weight": 0.3576761387180562,
            "parameters": {
                "F": 67.60926642655228,
                "b": -8.029327400441899,
                "t1": 10.334089220830535,
                "c": -10.828025941615065
            }
        },
        {
            "model_name": "Linear",
            "weight": 0.11789240924056106,
            "parameters": {
                "intercept": 93.0290819623544,
                "time_start": 19.390078622049774,
                "time_length": 1.9591338158949227,
                "slope": -1.7396752776098086
            }
        }
    ],
    "model_name": "WeightedEnsemble"
}