{
    "model_name": "WeightedEnsemble",
    "core_models": [
        {
            "model_name": "Alternating",
            "weight": 0.2394558696575344,
            "parameters": {
                "threshold": 5,
                "t1": 1,
                "b": 3055.354738495022,
                "a": 182.38746112076254,
                "c": -0.03534371337598197
            }
        },
        {
            "model_name": "ThermalTime",
            "weight": 0.1007521855409079,
            "parameters": {
                "t1": 122.55991624142312,
                "F": 0.6660104060526351,
                "T": 12.293461115789189
            }
        },
        {
            "model_name": "Uniforc",
            "weight": 0.07314167908853861,
            "parameters": {
                "t1": 19.799546103067044,
                "b": -17.571193977214335,
                "F": 108.81038226567873,
                "c": -15.89841993493502
            }
        },
        {
            "model_name": "Linear",
            "weight": 0.5866502657130194,
            "parameters": {
                "slope": 4.934232535480464,
                "spring_length": 11.585026509605413,
                "intercept": 163.94531114183806,
                "spring_start": -2.5525003333428913
            }
        }
    ]
}