{
    "core_models": [
        {
            "model_name": "Alternating",
            "weight": 0.24924938929710921,
            "parameters": {
                "a": 170.67912569479637,
                "threshold": 5,
                "b": 1477.3579398589998,
                "c": -0.3234891153611841,
                "t1": 1
            }
        },
        {
            "model_name": "ThermalTime",
            "weight": 0.4364518647442619,
            "parameters": {
                "t1": 80.3865919358087,
                "T": 14.326931141110972,
                "F": 12.93054636114897
            }
        },
        {
            "model_name": "Uniforc",
            "weight": 0.17942559925653703,
            "parameters": {
                "t1": 80.3257838467207,
                "b": -15.474238994904718,
                "F": 0.1392250400869699,
                "c": 14.390872585382175
            }
        },
        {
            "model_name": "Linear",
            "weight": 0.13487314670209188,
            "parameters": {
                "slope": 5.784224425757972,
                "spring_start": -28.739369876113848,
                "spring_length": 1.2054080713326627,
                "intercept": 58.618773216853796
            }
        }
    ],
    "model_name": "WeightedEnsemble"
}