{
    "model_name": "WeightedEnsemble",
    "core_models": [
        {
            "model_name": "Alternating",
            "weight": 0.2808810353524981,
            "parameters": {
                "b": 3320.5129065357237,
                "threshold": 5,
                "c": -0.07517610762942262,
                "a": 360.0074135849047,
                "t1": 1
            }
        },
        {
            "model_name": "ThermalTime",
            "weight": 0.21015826631245477,
            "parameters": {
                "F": 442.63391672915384,
                "T": 1.8637480510799442,
                "t1": 17.256571620157473
            }
        },
        {
            "model_name": "Uniforc",
            "weight": 0.18312261201514618,
            "parameters": {
                "F": 67.87868452426221,
                "b": -3.1328403361862156,
                "c": -0.9721353452898651,
                "t1": 16.371988348343066
            }
        },
        {
            "model_name": "Linear",
            "weight": 0.3258380863199009,
            "parameters": {
                "spring_start": 18.179841930518595,
                "intercept": 107.10286074263729,
                "slope": -4.694643240373743,
                "spring_length": 21.394166862056338
            }
        }
    ]
}