{
    "model_name": "WeightedEnsemble",
    "core_models": [
        {
            "model_name": "Alternating",
            "parameters": {
                "t1": 1,
                "a": 275.7571136270665,
                "threshold": 5,
                "b": 4712.24828375369,
                "c": -2.364679481024722
            },
            "weight": 0.23232518275817163
        },
        {
            "model_name": "ThermalTime",
            "parameters": {
                "t1": 57.83669698677033,
                "T": -9.101843351191308,
                "F": 149.23018824179468
            },
            "weight": 0.1430272709137367
        },
        {
            "model_name": "Uniforc",
            "parameters": {
                "t1": -30.95186915116946,
                "F": 18.00262956476614,
                "b": -3.291605972315259,
                "c": 7.240412302777111
            },
            "weight": 0.10037575816069647
        },
        {
            "model_name": "Linear",
            "parameters": {
                "slope": -4.494643340306278,
                "time_length": 88.66282072172575,
                "time_start": 35.382979739187775,
                "intercept": 124.40558610579073
            },
            "weight": 0.5242717881673946
        }
    ]
}