{
    "model_name": "WeightedEnsemble",
    "core_models": [
        {
            "model_name": "Alternating",
            "weight": 0.22669591982472614,
            "parameters": {
                "c": -0.06587425729233543,
                "t1": 1,
                "threshold": 5,
                "a": 193.9596340348093,
                "b": 1836.9883903719801
            }
        },
        {
            "model_name": "ThermalTime",
            "weight": 0.14121321466425626,
            "parameters": {
                "t1": 74.23474394765913,
                "T": 3.0729240157798268,
                "F": 188.0716756834894
            }
        },
        {
            "model_name": "Uniforc",
            "weight": 0.16197235926756942,
            "parameters": {
                "c": 8.743165215519532,
                "t1": 83.52622267271423,
                "F": 7.952796949975394,
                "b": -18.260077016643795
            }
        },
        {
            "model_name": "Linear",
            "weight": 0.470118506243448,
            "parameters": {
                "time_length": 119.8886569068357,
                "time_start": 59.69649026235441,
                "slope": -5.0312365489164455,
                "intercept": 161.85507364173074
            }
        }
    ]
}