{
    "model_name": "WeightedEnsemble",
    "core_models": [
        {
            "model_name": "Alternating",
            "parameters": {
                "b": 3388.3638303253874,
                "threshold": 5,
                "a": 377.4668642054848,
                "t1": 1,
                "c": -0.11258226376156788
            },
            "weight": 0.31359814777662254
        },
        {
            "model_name": "ThermalTime",
            "parameters": {
                "T": 8.18360070368705,
                "F": 255.72681757718024,
                "t1": 12.78841516038986
            },
            "weight": 0.1493690822215625
        },
        {
            "model_name": "Uniforc",
            "parameters": {
                "b": -19.493771852011932,
                "F": 71.09541680633693,
                "t1": 21.212480580562698,
                "c": -2.850993637806043
            },
            "weight": 0.2116849698830488
        },
        {
            "model_name": "Linear",
            "parameters": {
                "intercept": 106.87272871725375,
                "time_start": 22.47019836422713,
                "time_length": 10.220261449718656,
                "slope": -2.6152384836414115
            },
            "weight": 0.32534780011876613
        }
    ]
}