{
    "core_models": [
        {
            "model_name": "Alternating",
            "weight": 0.10817516855473785,
            "parameters": {
                "b": 1015.395400566184,
                "a": -409.1359006330402,
                "c": -0.007294779063471424,
                "t1": 1,
                "threshold": 5
            }
        },
        {
            "model_name": "ThermalTime",
            "weight": 0.37424808939204507,
            "parameters": {
                "F": 120.0945125692495,
                "t1": 74.56678990580562,
                "T": -1.274635782734923
            }
        },
        {
            "model_name": "Uniforc",
            "weight": 0.18559022768506692,
            "parameters": {
                "F": 9.828589791491353,
                "t1": 73.69953143003852,
                "c": 9.233522559525753,
                "b": -0.16526350539724177
            }
        },
        {
            "model_name": "Linear",
            "weight": 0.3319865143681501,
            "parameters": {
                "spring_length": 63.78192172733065,
                "spring_start": 49.075049555299614,
                "slope": -3.1299577166328603,
                "intercept": 109.83018370185054
            }
        }
    ],
    "model_name": "WeightedEnsemble"
}