{
    "model_name": "WeightedEnsemble",
    "core_models": [
        {
            "weight": 0.19643168640312889,
            "model_name": "Alternating",
            "parameters": {
                "a": 230.60206955823048,
                "c": -0.03497943957129701,
                "b": 1566.522081123654,
                "threshold": 5,
                "t1": 1
            }
        },
        {
            "weight": 0.2900180872888951,
            "model_name": "ThermalTime",
            "parameters": {
                "T": 15.270661452078855,
                "F": 35.81816010901019,
                "t1": 78.97624597297217
            }
        },
        {
            "weight": 0.31078355820662734,
            "model_name": "Uniforc",
            "parameters": {
                "c": 15.0761351488645,
                "b": -3.4719803826664304,
                "F": 2.806037207278351,
                "t1": 78.94267713580456
            }
        },
        {
            "weight": 0.2027666681013486,
            "model_name": "Linear",
            "parameters": {
                "intercept": 153.28460702162263,
                "slope": -4.426569391240339,
                "spring_length": 89.75528484946402,
                "spring_start": 59.435504046511326
            }
        }
    ]
}