{
    "core_models": [
        {
            "parameters": {
                "t1": 1,
                "b": 1217.7784149244649,
                "a": 373.3597384629026,
                "threshold": 5,
                "c": -0.08806252466598874
            },
            "weight": 0.2912138305265628,
            "model_name": "Alternating"
        },
        {
            "parameters": {
                "t1": 17.936378457524256,
                "F": 402.52570052410414,
                "T": -4.907786887153781
            },
            "weight": 0.21495420802541332,
            "model_name": "ThermalTime"
        },
        {
            "parameters": {
                "t1": 18.02292902297401,
                "b": -4.568306376614246,
                "c": -0.9710570115661732,
                "F": 65.96375655215562
            },
            "weight": 0.21543492235865502,
            "model_name": "Uniforc"
        },
        {
            "parameters": {
                "intercept": 106.30743886159819,
                "slope": -4.894196314978661,
                "time_start": 19.923983180118256,
                "time_length": 16.51560512880416
            },
            "weight": 0.27839703908936875,
            "model_name": "Linear"
        }
    ],
    "model_name": "WeightedEnsemble"
}