{
    "core_models": [
        {
            "weight": 0.2697485448998103,
            "parameters": {
                "b": 937.371271664616,
                "c": -0.014631439839344118,
                "threshold": 5,
                "a": 60.46025036331226,
                "t1": 1
            },
            "model_name": "Alternating"
        },
        {
            "weight": 0.27947205758475135,
            "parameters": {
                "T": 8.256506868330826,
                "F": 108.4026000091398,
                "t1": 106.87506722482048
            },
            "model_name": "ThermalTime"
        },
        {
            "weight": 0.2073098007428755,
            "parameters": {
                "b": -5.869653117647802,
                "c": 8.148292526348143,
                "F": 11.035952398849204,
                "t1": 98.65540553725623
            },
            "model_name": "Uniforc"
        },
        {
            "weight": 0.24346959677256294,
            "parameters": {
                "time_start": 59.420133890661475,
                "intercept": 172.13127198910996,
                "slope": -5.146057986664157,
                "time_length": 119.9795583705145
            },
            "model_name": "Linear"
        }
    ],
    "model_name": "WeightedEnsemble"
}