{
    "model_name": "ThermalTime",
    "parameters": {
        "F": 120.25893421543172,
        "T": -1.2838372212555045,
        "t1": 74.97395921145576
    }
}