{
    "model_name": "WeightedEnsemble",
    "core_models": [
        {
            "parameters": {
                "threshold": 5,
                "b": 61.34949768097749,
                "t1": 1,
                "a": 259.28401980040803,
                "c": -2.5323000936671383
            },
            "model_name": "Alternating",
            "weight": 0.16025756935353128
        },
        {
            "parameters": {
                "F": 59.31515305033838,
                "t1": 82.30000604462512,
                "T": 5.080029413030607
            },
            "model_name": "ThermalTime",
            "weight": 0.21130448186525735
        },
        {
            "parameters": {
                "F": 70.28143968443175,
                "b": -10.540608069283003,
                "t1": 19.90420423553941,
                "c": -8.266148151720538
            },
            "model_name": "Uniforc",
            "weight": 0.2586019459760509
        },
        {
            "parameters": {
                "spring_length": 50.85348950639272,
                "intercept": 66.24137901344895,
                "spring_start": 5.414258629053434,
                "slope": 15.907398049620728
            },
            "model_name": "Linear",
            "weight": 0.3698360028051604
        }
    ]
}