{
    "core_models": [
        {
            "weight": 0.25604041794633153,
            "parameters": {
                "c": -0.03098783268620009,
                "t1": 1,
                "a": 185.27163082846099,
                "b": 154.58178268149413,
                "threshold": 5
            },
            "model_name": "Alternating"
        },
        {
            "weight": 0.11516241032014457,
            "parameters": {
                "F": 179.79759307595964,
                "t1": 74.23278406898748,
                "T": 3.0405510183015183
            },
            "model_name": "ThermalTime"
        },
        {
            "weight": 0.18949231358882168,
            "parameters": {
                "F": 7.725774020466929,
                "c": 7.969582195051839,
                "t1": 76.17100066228124,
                "b": -13.304964129947903
            },
            "model_name": "Uniforc"
        },
        {
            "weight": 0.4393048581447019,
            "parameters": {
                "slope": -5.226773782647723,
                "time_length": 112.79156860993663,
                "intercept": 158.61580662451502,
                "time_start": 59.25382628652609
            },
            "model_name": "Linear"
        }
    ],
    "model_name": "WeightedEnsemble"
}