{
    "model_name": "WeightedEnsemble",
    "core_models": [
        {
            "model_name": "Alternating",
            "parameters": {
                "threshold": 5,
                "t1": 1,
                "a": -257.9782134930995,
                "b": 670.6930392560018,
                "c": -0.006263422074381353
            },
            "weight": 0.22998290465473986
        },
        {
            "model_name": "ThermalTime",
            "parameters": {
                "t1": 23.352599173243703,
                "T": -4.054964276173151,
                "F": 140.44083584952318
            },
            "weight": 0.45624691399098827
        },
        {
            "model_name": "Uniforc",
            "parameters": {
                "t1": 41.13676289384716,
                "F": 5.795437998269804,
                "b": -0.19011430471952906,
                "c": 15.40700929605443
            },
            "weight": 0.12527819971809384
        },
        {
            "model_name": "Linear",
            "parameters": {
                "time_length": 99.38025661878879,
                "slope": -4.600671092214848,
                "time_start": 50.682724676577514,
                "intercept": 128.99018366793797
            },
            "weight": 0.18849198163617775
        }
    ]
}