{
    "model_name": "WeightedEnsemble",
    "core_models": [
        {
            "model_name": "Alternating",
            "parameters": {
                "c": -0.08992860988279006,
                "t1": 1,
                "a": 243.07129350399202,
                "b": 3625.992548471705,
                "threshold": 5
            },
            "weight": 0.3752316000590195
        },
        {
            "model_name": "ThermalTime",
            "parameters": {
                "t1": 78.4429844804346,
                "T": 4.132105061776004,
                "F": 83.70427955070386
            },
            "weight": 0.17159675305650865
        },
        {
            "model_name": "Uniforc",
            "parameters": {
                "t1": 41.579626172271446,
                "c": 4.937142595850186,
                "F": 25.313396620596166,
                "b": -4.940738062842389
            },
            "weight": 0.26729485140290654
        },
        {
            "model_name": "Linear",
            "parameters": {
                "time_length": 61.34709150280638,
                "time_start": 7.662633561325851,
                "intercept": 50.59025182111574,
                "slope": 16.54320436410602
            },
            "weight": 0.18587679548156505
        }
    ]
}