{
    "model_name": "Alternating",
    "parameters": {
        "a": -43.19332361485117,
        "b": 886.023015726279,
        "c": -0.010089394189086498,
        "t1": 1.0,
        "threshold": 5.0
    }
}