{
    "model_name": "ThermalTime",
    "parameters": {
        "F": 36.19891512296937,
        "T": 5.1159888432646845,
        "t1": 84.80495358829863
    }
}