{
    "core_models": [
        {
            "parameters": {
                "b": 390.58636207072914,
                "c": -0.04083944468922507,
                "t1": 1,
                "a": 296.9903085596788,
                "threshold": 5
            },
            "weight": 0.2361719183905678,
            "model_name": "Alternating"
        },
        {
            "parameters": {
                "F": 188.81122253337332,
                "t1": 39.87932588923027,
                "T": 9.400842838786977
            },
            "weight": 0.21094643748346364,
            "model_name": "ThermalTime"
        },
        {
            "parameters": {
                "F": 2.4124232123705553,
                "c": 15.271739776455995,
                "t1": 79.21428407426018,
                "b": -4.3580391701274195
            },
            "weight": 0.3437995813109856,
            "model_name": "Uniforc"
        },
        {
            "parameters": {
                "slope": -4.352486417871548,
                "time_start": 59.376802610654096,
                "time_length": 91.49413395054098,
                "intercept": 152.11469674904103
            },
            "weight": 0.20908206281498315,
            "model_name": "Linear"
        }
    ],
    "model_name": "WeightedEnsemble"
}