{
    "core_models": [
        {
            "parameters": {
                "threshold": 5,
                "c": -1.2704910094395676,
                "t1": 1,
                "b": 2851.4895796065907,
                "a": 297.5536529416283
            },
            "weight": 0.2579726860611753,
            "model_name": "Alternating"
        },
        {
            "parameters": {
                "t1": 79.95491143840864,
                "T": 14.708349193440052,
                "F": 45.4735586976866
            },
            "weight": 0.2516927216599942,
            "model_name": "ThermalTime"
        },
        {
            "parameters": {
                "t1": 79.10385225852943,
                "c": 14.892198636817888,
                "b": -9.964315434652093,
                "F": 2.9959695670321054
            },
            "weight": 0.3022081342170254,
            "model_name": "Uniforc"
        },
        {
            "parameters": {
                "intercept": 124.79992360648369,
                "slope": -2.567668876688203,
                "time_length": 37.35515410389969,
                "time_start": 59.99404977130028
            },
            "weight": 0.18812645806180517,
            "model_name": "Linear"
        }
    ],
    "model_name": "WeightedEnsemble"
}