{
    "model_name": "WeightedEnsemble",
    "core_models": [
        {
            "model_name": "Alternating",
            "parameters": {
                "c": -0.020011266362135238,
                "t1": 1,
                "a": 106.3127073323824,
                "threshold": 5,
                "b": 1175.7236279667654
            },
            "weight": 0.23197957032982056
        },
        {
            "model_name": "ThermalTime",
            "parameters": {
                "F": 106.52612995091977,
                "t1": 105.85758523256533,
                "T": 8.262275608005364
            },
            "weight": 0.2810702975551177
        },
        {
            "model_name": "Uniforc",
            "parameters": {
                "c": 8.285857686686548,
                "t1": 99.99833079346347,
                "F": 10.762093679700143,
                "b": -5.907448593783298
            },
            "weight": 0.1883482164181554
        },
        {
            "model_name": "Linear",
            "parameters": {
                "intercept": 171.71839183502902,
                "time_start": 59.76776748642459,
                "slope": -5.013259096858821,
                "time_length": 119.52065242894878
            },
            "weight": 0.29860191569690636
        }
    ]
}