{
    "model_name": "ThermalTime",
    "parameters": {
        "F": 35.71838357163102,
        "T": 15.194775808668355,
        "t1": 78.67483750111784
    }
}