{
    "model_name": "ThermalTime",
    "parameters": {
        "F": 433.7880077088348,
        "T": -3.6433764693515998,
        "t1": 17.02256915202595
    }
}