{
    "model_name": "Alternating",
    "parameters": {
        "a": -513.6502184471067,
        "b": 1044.76658510273,
        "c": -0.004574378275651547,
        "t1": 1.0,
        "threshold": 5.0
    }
}