{
    "model_name": "WeightedEnsemble",
    "core_models": [
        {
            "model_name": "Alternating",
            "parameters": {
                "b": 1161.231274863717,
                "t1": 1,
                "a": 122.19095307092064,
                "threshold": 5,
                "c": -0.02011827707694902
            },
            "weight": 0.11471204155863553
        },
        {
            "model_name": "ThermalTime",
            "parameters": {
                "t1": 65.45570707539765,
                "T": 6.939385706744661,
                "F": 207.59474462748187
            },
            "weight": 0.4348471926729351
        },
        {
            "model_name": "Uniforc",
            "parameters": {
                "b": -4.311332662099742,
                "t1": 98.48625357154653,
                "c": 8.168032377232116,
                "F": 10.98051332088366
            },
            "weight": 0.31257319947151696
        },
        {
            "model_name": "Linear",
            "parameters": {
                "intercept": 173.07361911706587,
                "spring_start": 59.55444071648942,
                "spring_length": 119.73861873876993,
                "slope": -5.15460082583305
            },
            "weight": 0.1378675662969124
        }
    ]
}