{
    "core_models": [
        {
            "weight": 0.13848135239442202,
            "parameters": {
                "c": -0.006351076067117045,
                "threshold": 5,
                "a": -483.97650753081456,
                "b": 1058.0534057384718,
                "t1": 1
            },
            "model_name": "Alternating"
        },
        {
            "weight": 0.3792082520658113,
            "parameters": {
                "F": 122.21891649444996,
                "T": 0.2507268119485595,
                "t1": 75.01507105636739
            },
            "model_name": "ThermalTime"
        },
        {
            "weight": 0.1394516350882844,
            "parameters": {
                "c": 46.524357727987265,
                "F": 1.2041030229144098,
                "t1": 47.977876540663274,
                "b": -0.08758712410208425
            },
            "model_name": "Uniforc"
        },
        {
            "weight": 0.3428587604514823,
            "parameters": {
                "time_start": 50.748568905915704,
                "intercept": 110.58158421104292,
                "time_length": 65.34299046401642,
                "slope": -3.1721871673778974
            },
            "model_name": "Linear"
        }
    ],
    "model_name": "WeightedEnsemble"
}