{
    "core_models": [
        {
            "parameters": {
                "threshold": 5,
                "c": -0.10687118985737154,
                "b": 2188.8006598242005,
                "t1": 1,
                "a": 201.40968293403594
            },
            "model_name": "Alternating",
            "weight": 0.23211315610647193
        },
        {
            "parameters": {
                "T": 3.2708127473493,
                "t1": 73.76707756877897,
                "F": 185.15798895931295
            },
            "model_name": "ThermalTime",
            "weight": 0.23620757184669264
        },
        {
            "parameters": {
                "F": 7.009759233704699,
                "b": -13.07310369872519,
                "t1": 82.93315364637948,
                "c": 7.8909290157276875
            },
            "model_name": "Uniforc",
            "weight": 0.3220021349659241
        },
        {
            "parameters": {
                "spring_length": 111.4779422484416,
                "slope": -5.273196377614104,
                "spring_start": 59.76955289383499,
                "intercept": 159.73439867189686
            },
            "model_name": "Linear",
            "weight": 0.20967713708091126
        }
    ],
    "model_name": "WeightedEnsemble"
}