{
    "model_name": "WeightedEnsemble",
    "core_models": [
        {
            "parameters": {
                "t1": 1,
                "c": -0.007354174168140659,
                "a": 175.18239756945442,
                "b": 867.5526082326,
                "threshold": 5
            },
            "weight": 0.08963133518893697,
            "model_name": "Alternating"
        },
        {
            "parameters": {
                "t1": 108.00246158634194,
                "T": 19.630738125233478,
                "F": 34.56226995654174
            },
            "weight": 0.3549041537648997,
            "model_name": "ThermalTime"
        },
        {
            "parameters": {
                "t1": 108.92708182252022,
                "F": 1.9221741920985096,
                "b": -8.14570952258595,
                "c": 19.434453231348105
            },
            "weight": 0.3218397127190466,
            "model_name": "Uniforc"
        },
        {
            "parameters": {
                "intercept": 195.3007858766782,
                "slope": -5.207584415037517,
                "time_start": 59.49185105964217,
                "time_length": 115.56432240603465
            },
            "weight": 0.2336247983271164,
            "model_name": "Linear"
        }
    ]
}