{
    "core_models": [
        {
            "parameters": {
                "c": -0.024985680346244266,
                "threshold": 5,
                "t1": 1,
                "b": 674.8550904657129,
                "a": 610.1824818239903
            },
            "weight": 0.10372957045078607,
            "model_name": "Alternating"
        },
        {
            "parameters": {
                "t1": 108.79473506690078,
                "F": 35.17828776957788,
                "T": 19.63571285062778
            },
            "weight": 0.30511588842225196,
            "model_name": "ThermalTime"
        },
        {
            "parameters": {
                "c": 19.497117676940267,
                "t1": 108.24959882060287,
                "b": -13.102034601929844,
                "F": 1.867806889601198
            },
            "weight": 0.2557671685872298,
            "model_name": "Uniforc"
        },
        {
            "parameters": {
                "slope": -4.786134090102101,
                "time_length": 117.4451074456981,
                "time_start": 59.38639414218393,
                "intercept": 191.33059758072534
            },
            "weight": 0.3353873725397325,
            "model_name": "Linear"
        }
    ],
    "model_name": "WeightedEnsemble"
}