{
    "model_name": "WeightedEnsemble",
    "core_models": [
        {
            "model_name": "Alternating",
            "parameters": {
                "threshold": 5,
                "b": 1345.9594222673563,
                "a": -62.935058571610746,
                "c": -0.007239703906830819,
                "t1": 1
            },
            "weight": 0.1128264763156159
        },
        {
            "model_name": "ThermalTime",
            "parameters": {
                "T": 13.532194741495918,
                "t1": 13.414893720743251,
                "F": 264.31068753799804
            },
            "weight": 0.4023917039437676
        },
        {
            "model_name": "Uniforc",
            "parameters": {
                "b": -16.517506912426057,
                "c": 13.773344324658964,
                "t1": 13.015783885410542,
                "F": 15.832697633252522
            },
            "weight": 0.35582759637162364
        },
        {
            "model_name": "Linear",
            "parameters": {
                "spring_length": 116.13175370705284,
                "slope": -4.818950157923413,
                "spring_start": 59.510753024184424,
                "intercept": 192.24100613284978
            },
            "weight": 0.128954223368993
        }
    ]
}