{
    "model_name": "Uniforc",
    "parameters": {
        "F": 1.7695052282379464,
        "b": -1.2247138509851858,
        "c": 19.485112659293048,
        "t1": 108.41318923962405
    }
}