{
    "model_name": "Alternating",
    "parameters": {
        "a": 624.8804129280021,
        "b": 1281.7265619607958,
        "c": -0.2396756723475835,
        "t1": 1.0,
        "threshold": 5.0
    }
}