{
    "core_models": [
        {
            "model_name": "Alternating",
            "weight": 0.35856530745474935,
            "parameters": {
                "t1": 1,
                "c": -0.028749787972616403,
                "threshold": 5,
                "b": 916.7695996106468,
                "a": 726.664503111057
            }
        },
        {
            "model_name": "ThermalTime",
            "weight": 0.2079360007582394,
            "parameters": {
                "t1": 116.82296318100012,
                "T": 14.109437498391792,
                "F": 181.68553156140513
            }
        },
        {
            "model_name": "Uniforc",
            "weight": 0.2098631800779177,
            "parameters": {
                "t1": 114.73341357703853,
                "c": 14.239408622604799,
                "b": -11.69592333187704,
                "F": 11.153651998212794
            }
        },
        {
            "model_name": "Linear",
            "weight": 0.2236355117090934,
            "parameters": {
                "time_start": 49.350163075777644,
                "slope": -7.0172331683659115,
                "intercept": 206.62798569114858,
                "time_length": 102.1660839446429
            }
        }
    ],
    "model_name": "WeightedEnsemble"
}