{
    "core_models": [
        {
            "model_name": "Alternating",
            "weight": 0.24139280278076472,
            "parameters": {
                "a": 22.39588474525589,
                "t1": 1,
                "b": 910.9748422424911,
                "threshold": 5,
                "c": -0.013981875226360518
            }
        },
        {
            "model_name": "ThermalTime",
            "weight": 0.2066693137118906,
            "parameters": {
                "F": 176.40180592758986,
                "t1": 79.32863332210033,
                "T": 6.520973735244217
            }
        },
        {
            "model_name": "Uniforc",
            "weight": 0.3596010760743282,
            "parameters": {
                "F": 13.09016486887272,
                "c": 7.385819350587619,
                "t1": 78.60467966855518,
                "b": -19.199707933388503
            }
        },
        {
            "model_name": "Linear",
            "weight": 0.19233680743301634,
            "parameters": {
                "spring_length": 108.9460899024536,
                "intercept": 132.93364343756642,
                "slope": -3.555953214552646,
                "spring_start": 17.602563429688725
            }
        }
    ],
    "model_name": "WeightedEnsemble"
}