{
    "core_models": [
        {
            "parameters": {
                "c": -0.17534600681882306,
                "b": 2526.3283414692883,
                "threshold": 5,
                "a": 320.09241894270326,
                "t1": 1
            },
            "weight": 0.2936923385259991,
            "model_name": "Alternating"
        },
        {
            "parameters": {
                "T": 4.176793064364526,
                "F": 271.4179713923783,
                "t1": 31.035119611188776
            },
            "weight": 0.29169507710423764,
            "model_name": "ThermalTime"
        },
        {
            "parameters": {
                "c": 4.287389804459907,
                "b": -15.44739279871168,
                "F": 35.94880350090396,
                "t1": 36.27916833768599
            },
            "weight": 0.26797427455345824,
            "model_name": "Uniforc"
        },
        {
            "parameters": {
                "spring_length": 73.00766804292819,
                "slope": -6.819435693268803,
                "intercept": 131.14625647905257,
                "spring_start": 31.049780550932002
            },
            "weight": 0.1466383098163049,
            "model_name": "Linear"
        }
    ],
    "model_name": "WeightedEnsemble"
}