{
    "model_name": "WeightedEnsemble",
    "core_models": [
        {
            "model_name": "Alternating",
            "parameters": {
                "threshold": 5,
                "c": -0.02080062795793136,
                "b": 775.789939960388,
                "a": 198.27160618557383,
                "t1": 1
            },
            "weight": 0.2578615841231711
        },
        {
            "model_name": "ThermalTime",
            "parameters": {
                "t1": 70.21534956252904,
                "F": 282.80383494225293,
                "T": 3.5371023676653235
            },
            "weight": 0.38424677978150024
        },
        {
            "model_name": "Uniforc",
            "parameters": {
                "t1": 70.11998421809236,
                "b": -0.36530166656690355,
                "F": 22.60862141722629,
                "c": 6.80167396848379
            },
            "weight": 0.10214922619746936
        },
        {
            "model_name": "Linear",
            "parameters": {
                "slope": -4.195329294593597,
                "time_start": 59.7995893493328,
                "intercept": 145.92611999860256,
                "time_length": 68.08073490882607
            },
            "weight": 0.2557424098978592
        }
    ]
}