{
    "core_models": [
        {
            "weight": 0.3128210003131372,
            "parameters": {
                "a": 365.00273346152534,
                "b": 85.11659352636161,
                "threshold": 5,
                "t1": 1,
                "c": -1.5216026858589482
            },
            "model_name": "Alternating"
        },
        {
            "weight": 0.2513570258018316,
            "parameters": {
                "T": 4.183845724571761,
                "t1": 16.15143695880782,
                "F": 336.16538738995905
            },
            "model_name": "ThermalTime"
        },
        {
            "weight": 0.17467467264501202,
            "parameters": {
                "t1": 32.846396137699415,
                "b": -10.116136706664829,
                "F": 9.179535092489104,
                "c": 9.44928747202467
            },
            "model_name": "Uniforc"
        },
        {
            "weight": 0.2611473012400193,
            "parameters": {
                "time_start": 52.78192129830418,
                "intercept": 178.9776149318782,
                "time_length": 69.09380477807053,
                "slope": -13.940403696780896
            },
            "model_name": "Linear"
        }
    ],
    "model_name": "WeightedEnsemble"
}