{
    "core_models": [
        {
            "parameters": {
                "c": -0.014751348802542807,
                "threshold": 5,
                "b": 934.9471003754588,
                "t1": 1,
                "a": 30.69141402929043
            },
            "model_name": "Alternating",
            "weight": 0.21743008186157145
        },
        {
            "parameters": {
                "T": 6.457479986154613,
                "t1": 80.83192260493595,
                "F": 176.485009222094
            },
            "model_name": "ThermalTime",
            "weight": 0.20846908441088124
        },
        {
            "parameters": {
                "c": 7.386764442220073,
                "b": -19.883180698366196,
                "t1": 79.08119885139249,
                "F": 13.124611712788578
            },
            "model_name": "Uniforc",
            "weight": 0.32825267656569923
        },
        {
            "parameters": {
                "time_length": 109.00198312699918,
                "time_start": 18.00195434894386,
                "intercept": 133.0179611692249,
                "slope": -3.5689979136783823
            },
            "model_name": "Linear",
            "weight": 0.24584815716184788
        }
    ],
    "model_name": "WeightedEnsemble"
}