{
    "core_models": [
        {
            "model_name": "Alternating",
            "weight": 0.2592068990177319,
            "parameters": {
                "threshold": 5,
                "c": -0.06914942070087093,
                "a": 464.32324865620234,
                "b": 814.564460917584,
                "t1": 1
            }
        },
        {
            "model_name": "ThermalTime",
            "weight": 0.22077324453164596,
            "parameters": {
                "T": 10.41547676006951,
                "F": 120.46915387864539,
                "t1": 86.82081861654471
            }
        },
        {
            "model_name": "Uniforc",
            "weight": 0.395238902446091,
            "parameters": {
                "c": 12.976220244557569,
                "b": -1.070634525333297,
                "F": 4.481867758571767,
                "t1": 87.5049454710147
            }
        },
        {
            "model_name": "Linear",
            "weight": 0.12478095400453089,
            "parameters": {
                "slope": -4.781569674148692,
                "time_start": -13.124112585083854,
                "intercept": 131.07089365155835,
                "time_length": 20.413718425494295
            }
        }
    ],
    "model_name": "WeightedEnsemble"
}