{
    "core_models": [
        {
            "model_name": "Alternating",
            "weight": 0.07429970212138345,
            "parameters": {
                "threshold": 5,
                "a": 723.9069002059442,
                "t1": 1,
                "b": 1489.6078973729848,
                "c": -0.03848488605939826
            }
        },
        {
            "model_name": "ThermalTime",
            "weight": 0.3063147914974732,
            "parameters": {
                "t1": -62.25697636493817,
                "F": 212.80938808392227,
                "T": 13.80593651125558
            }
        },
        {
            "model_name": "Uniforc",
            "weight": 0.486868842844283,
            "parameters": {
                "t1": -57.89624294744016,
                "c": 13.609245098111,
                "F": 13.826728949456992,
                "b": -8.468669922453028
            }
        },
        {
            "model_name": "Linear",
            "weight": 0.13251666353685992,
            "parameters": {
                "intercept": 206.93847036149316,
                "slope": -5.6319889977579365,
                "time_start": 53.305815407111425,
                "time_length": 119.98300758991522
            }
        }
    ],
    "model_name": "WeightedEnsemble"
}