{
    "core_models": [
        {
            "model_name": "Alternating",
            "parameters": {
                "c": -0.042532309015739234,
                "a": 745.5380489851365,
                "t1": 1,
                "b": 1798.650623840861,
                "threshold": 5
            },
            "weight": 0.09826623887754662
        },
        {
            "model_name": "ThermalTime",
            "parameters": {
                "T": 13.802180788414026,
                "F": 213.20726587531362,
                "t1": -65.30742384987843
            },
            "weight": 0.2866829452483387
        },
        {
            "model_name": "Uniforc",
            "parameters": {
                "F": 13.953768766593129,
                "t1": -64.31057148919933,
                "b": -17.213550772194964,
                "c": 13.603735675770977
            },
            "weight": 0.442254030678073
        },
        {
            "model_name": "Linear",
            "parameters": {
                "intercept": 206.83114449832698,
                "slope": -5.614256676917898,
                "spring_length": 119.90168357363416,
                "spring_start": 52.486713277431285
            },
            "weight": 0.17279678519604164
        }
    ],
    "model_name": "WeightedEnsemble"
}