{
    "model_name": "Alternating",
    "parameters": {
        "a": 341.9429627492427,
        "b": 2578.3857920928367,
        "c": -0.2341995287578653,
        "t1": 1.0,
        "threshold": 5.0
    }
}