{
    "core_models": [
        {
            "weight": 0.2162767997113131,
            "model_name": "Alternating",
            "parameters": {
                "c": -0.050892549014433186,
                "t1": 1,
                "threshold": 5,
                "b": 683.115959299834,
                "a": 456.12096565770986
            }
        },
        {
            "weight": 0.16552742858022193,
            "model_name": "ThermalTime",
            "parameters": {
                "F": 135.23379872185757,
                "t1": 86.17562033323293,
                "T": 10.344790788614278
            }
        },
        {
            "weight": 0.4901824593033068,
            "model_name": "Uniforc",
            "parameters": {
                "F": 9.788073517384447,
                "t1": 84.7137653739858,
                "c": 10.888840263361354,
                "b": -1.83945127071053
            }
        },
        {
            "weight": 0.12801331240515793,
            "model_name": "Linear",
            "parameters": {
                "time_length": 25.241790441866485,
                "intercept": 133.2205010824977,
                "slope": -4.8271267116863665,
                "time_start": -13.54745861889685
            }
        }
    ],
    "model_name": "WeightedEnsemble"
}