{
    "model_name": "Alternating",
    "parameters": {
        "a": -74.08463557796286,
        "b": 988.9380366926599,
        "c": -0.011296347910876305,
        "t1": 1.0,
        "threshold": 5.0
    }
}