{
    "model_name": "WeightedEnsemble",
    "core_models": [
        {
            "model_name": "Alternating",
            "weight": 0.10194090924930321,
            "parameters": {
                "a": 624.2235841383741,
                "threshold": 5,
                "c": -0.2513594159642141,
                "b": 1502.1288885889,
                "t1": 1
            }
        },
        {
            "model_name": "ThermalTime",
            "weight": 0.2991822807409489,
            "parameters": {
                "T": 13.019861568884505,
                "t1": 84.33942974400941,
                "F": 58.087688963811786
            }
        },
        {
            "model_name": "Uniforc",
            "weight": 0.36799205851737904,
            "parameters": {
                "F": 4.588566269105996,
                "c": 14.375332769837767,
                "b": -1.3810904733521667,
                "t1": -64.83132844358721
            }
        },
        {
            "model_name": "Linear",
            "weight": 0.230884751492369,
            "parameters": {
                "slope": -6.929286466925808,
                "spring_start": 57.56540712224698,
                "spring_length": 74.81660729253595,
                "intercept": 177.0987281184579
            }
        }
    ]
}