{
    "model_name": "WeightedEnsemble",
    "core_models": [
        {
            "weight": 0.3119863721323622,
            "parameters": {
                "t1": 1,
                "a": 349.3259515324576,
                "b": 2886.814369807033,
                "c": -0.3023327572774557,
                "threshold": 5
            },
            "model_name": "Alternating"
        },
        {
            "weight": 0.2647229974162079,
            "parameters": {
                "t1": 52.79269483609141,
                "T": 6.356049815908349,
                "F": 148.0341488255736
            },
            "model_name": "ThermalTime"
        },
        {
            "weight": 0.30833078109495315,
            "parameters": {
                "t1": 69.93097084697754,
                "b": -9.043940757251914,
                "c": 6.796863438337142,
                "F": 11.931476915473553
            },
            "model_name": "Uniforc"
        },
        {
            "weight": 0.11495984935647657,
            "parameters": {
                "intercept": 133.49929553325106,
                "time_length": 46.384633680769284,
                "time_start": 59.57613240415567,
                "slope": -6.640649274968949
            },
            "model_name": "Linear"
        }
    ]
}