{
    "model_name": "ThermalTime",
    "parameters": {
        "F": 212.10920660030982,
        "T": 13.808888409153722,
        "t1": -64.09536507682571
    }
}