{
    "model_name": "WeightedEnsemble",
    "core_models": [
        {
            "weight": 0.07090365744388558,
            "model_name": "Alternating",
            "parameters": {
                "b": 4814.855360403302,
                "t1": 1,
                "threshold": 5,
                "a": -992.9262421471816,
                "c": -0.002781318733584559
            }
        },
        {
            "weight": 0.14915611067337334,
            "model_name": "ThermalTime",
            "parameters": {
                "t1": 209.01360915436857,
                "F": 999.2399166161484,
                "T": -18.104197124142097
            }
        },
        {
            "weight": 0.07090365744388558,
            "model_name": "Uniforc",
            "parameters": {
                "t1": -25.919847742267763,
                "b": -18.551744964250084,
                "F": 170.57911707016564,
                "c": 4.628378379038034
            }
        },
        {
            "weight": 0.7090365744388557,
            "model_name": "Linear",
            "parameters": {
                "spring_length": 8.490686768485297,
                "intercept": 247.29074480599297,
                "slope": -14.477141384205455,
                "spring_start": 6.100374412504992
            }
        }
    ]
}