{
    "core_models": [
        {
            "parameters": {
                "t1": 1,
                "a": -773.0009981353575,
                "c": -4.952176907198519,
                "threshold": 5,
                "b": 2828.3511564268056
            },
            "model_name": "Alternating",
            "weight": 0.08594365339530868
        },
        {
            "parameters": {
                "t1": 122.99426658964212,
                "F": 10.414299882273724,
                "T": 19.54292864599192
            },
            "model_name": "ThermalTime",
            "weight": 0.08594365339530868
        },
        {
            "parameters": {
                "t1": 122.4923115257038,
                "F": 7.269589986302762,
                "c": 16.348021267994138,
                "b": -0.8445969766417782
            },
            "model_name": "Uniforc",
            "weight": 0.0760943653395309
        },
        {
            "parameters": {
                "spring_length": 1.7285198440706466,
                "spring_start": 31.04717939509603,
                "intercept": -66.99999999999471,
                "slope": 18.603375188119166
            },
            "model_name": "Linear",
            "weight": 0.7520183278698525
        }
    ],
    "model_name": "WeightedEnsemble"
}