{
    "core_models": [
        {
            "parameters": {
                "a": -383.0577642259021,
                "c": -0.8329095250099394,
                "t1": 1,
                "b": 1332.2865583362488,
                "threshold": 5
            },
            "weight": 0.1917608613446661,
            "model_name": "Alternating"
        },
        {
            "parameters": {
                "F": 95.60079529847474,
                "t1": 31.25437269061719,
                "T": 21.513827983711494
            },
            "weight": 0.18648918113641785,
            "model_name": "ThermalTime"
        },
        {
            "parameters": {
                "F": 7.4172298094262885,
                "c": 21.60752778256668,
                "t1": -45.789570027611376,
                "b": -17.158854120494023
            },
            "weight": 0.15430858561478164,
            "model_name": "Uniforc"
        },
        {
            "parameters": {
                "slope": -12.669457290509026,
                "intercept": 290.7523510695546,
                "time_length": 1.202398192845699,
                "time_start": -21.677666174079057
            },
            "weight": 0.467441371904134,
            "model_name": "Linear"
        }
    ],
    "model_name": "WeightedEnsemble"
}