{
    "core_models": [
        {
            "weight": 0.07623468656461871,
            "parameters": {
                "t1": 1,
                "c": -0.0042706607603930635,
                "a": 769.077853204706,
                "b": 3001.8716534492332,
                "threshold": 5
            },
            "model_name": "Alternating"
        },
        {
            "weight": 0.17284315928074687,
            "parameters": {
                "t1": 209.9945498464919,
                "T": -0.5103997452803544,
                "F": 999.5545996568457
            },
            "model_name": "ThermalTime"
        },
        {
            "weight": 0.07161348943207665,
            "parameters": {
                "t1": -43.91067914956494,
                "c": 4.637111600258792,
                "b": -19.533855664547936,
                "F": 176.20148223071132
            },
            "model_name": "Uniforc"
        },
        {
            "weight": 0.679308664722557,
            "parameters": {
                "slope": -14.478419296991138,
                "time_start": 7.906849586397157,
                "time_length": 7.997147893025513,
                "intercept": 247.29497623379328
            },
            "model_name": "Linear"
        }
    ],
    "model_name": "WeightedEnsemble"
}