{
    "model_name": "Uniforc",
    "parameters": {
        "F": 0.6859774345091978,
        "b": -15.51412562875628,
        "c": 28.705883186041483,
        "t1": 6.865279322604407
    }
}