{
    "model_name": "WeightedEnsemble",
    "core_models": [
        {
            "model_name": "Alternating",
            "parameters": {
                "a": 860.9176261416767,
                "c": -6.183882335086821e-07,
                "t1": 1,
                "threshold": 5,
                "b": 2324.283387999384
            },
            "weight": 0.11629870966725234
        },
        {
            "model_name": "ThermalTime",
            "parameters": {
                "T": 17.788557573261738,
                "t1": 224.54396981752635,
                "F": 566.7343244824467
            },
            "weight": 0.09714085726597765
        },
        {
            "model_name": "Uniforc",
            "parameters": {
                "b": -14.377720417508336,
                "c": 9.555193454492617,
                "t1": -64.93592974341777,
                "F": 167.6441064664179
            },
            "weight": 0.18333046386303342
        },
        {
            "model_name": "Linear",
            "parameters": {
                "intercept": 260.1413583269626,
                "time_start": -6.380421121276694,
                "slope": -17.009461752955406,
                "time_length": 39.017525970386615
            },
            "weight": 0.6032299692037361
        }
    ]
}