{
    "core_models": [
        {
            "parameters": {
                "a": 472.1016424341544,
                "c": -2.9065875042372316,
                "threshold": 5,
                "b": 823.7908727697707,
                "t1": 1
            },
            "weight": 0.07150964287209888,
            "model_name": "Alternating"
        },
        {
            "parameters": {
                "T": 21.568764086744924,
                "t1": 21.03235528002314,
                "F": 93.2810922438926
            },
            "weight": 0.20621649598189473,
            "model_name": "ThermalTime"
        },
        {
            "parameters": {
                "t1": 25.33314367599573,
                "F": 4.700451322921737,
                "b": -19.0496340518701,
                "c": 21.520856037014113
            },
            "weight": 0.13593985189706098,
            "model_name": "Uniforc"
        },
        {
            "parameters": {
                "intercept": 281.3998826043542,
                "time_start": -21.49253640066761,
                "time_length": 2.3907270807906116,
                "slope": -14.532655138187327
            },
            "weight": 0.5863340092489449,
            "model_name": "Linear"
        }
    ],
    "model_name": "WeightedEnsemble"
}