{
    "model_name": "ThermalTime",
    "parameters": {
        "F": 957.595427340239,
        "T": -3.3024387689852333,
        "t1": 209.38816565233108
    }
}