{
    "model_name": "Alternating",
    "parameters": {
        "a": 998.6968625739667,
        "b": 3129.6358350193505,
        "c": -0.05095496001220834,
        "t1": 1.0,
        "threshold": 5.0
    }
}