{
    "model_name": "WeightedEnsemble",
    "core_models": [
        {
            "model_name": "Alternating",
            "weight": 0.4139304032862804,
            "parameters": {
                "a": 999.9312905657102,
                "threshold": 5,
                "c": -0.05085741154365486,
                "t1": 1,
                "b": 3067.6296932649648
            }
        },
        {
            "model_name": "ThermalTime",
            "weight": 0.2059354195077132,
            "parameters": {
                "T": 20.127092297310718,
                "F": 166.5554563097147,
                "t1": 158.34803845528202
            }
        },
        {
            "model_name": "Uniforc",
            "weight": 0.2820780257309822,
            "parameters": {
                "F": 15.2217612031762,
                "c": 20.09081771998069,
                "t1": 146.2065536410826,
                "b": -3.2192637391368395
            }
        },
        {
            "model_name": "Linear",
            "weight": 0.09805615147502408,
            "parameters": {
                "spring_length": 1.0938853761563792,
                "slope": 0.884636210708713,
                "intercept": 162.4291171314288,
                "spring_start": -4.847430959333234
            }
        }
    ]
}