{
    "model_name": "WeightedEnsemble",
    "core_models": [
        {
            "model_name": "Alternating",
            "parameters": {
                "c": -0.19937116903518604,
                "b": 4787.268642438288,
                "a": 507.576813450217,
                "threshold": 5,
                "t1": 1
            },
            "weight": 0.13718082574765855
        },
        {
            "model_name": "ThermalTime",
            "parameters": {
                "F": 822.2304257162134,
                "T": -18.382774826062107,
                "t1": -62.01563756068148
            },
            "weight": 0.17793712839642656
        },
        {
            "model_name": "Uniforc",
            "parameters": {
                "F": 107.68139412592951,
                "c": 3.457094531551852,
                "b": -18.93589232259329,
                "t1": -62.88660470654304
            },
            "weight": 0.09413675743163369
        },
        {
            "model_name": "Linear",
            "parameters": {
                "spring_start": 37.567110429638994,
                "intercept": 130.4021918411242,
                "slope": -6.836818785666789,
                "spring_length": 18.76685845686754
            },
            "weight": 0.5907452884242814
        }
    ]
}