{
    "model_name": "WeightedEnsemble",
    "core_models": [
        {
            "parameters": {
                "c": -0.03625250974176941,
                "b": 2828.9797590309167,
                "a": 996.1343032677328,
                "threshold": 5,
                "t1": 1
            },
            "model_name": "Alternating",
            "weight": 0.36670109859215944
        },
        {
            "parameters": {
                "T": 18.58171854174292,
                "F": 368.15536072027584,
                "t1": 150.41412308983405
            },
            "model_name": "ThermalTime",
            "weight": 0.2625491396586305
        },
        {
            "parameters": {
                "c": 9.621171450826715,
                "b": -9.098673927958947,
                "F": 66.45887187682325,
                "t1": 96.22549477005192
            },
            "model_name": "Uniforc",
            "weight": 0.2823278142040739
        },
        {
            "parameters": {
                "time_start": 6.890120380937761,
                "slope": 0.6963613076609254,
                "intercept": 170.08093403190333,
                "time_length": 1.3259971641805564
            },
            "model_name": "Linear",
            "weight": 0.08842194754513588
        }
    ]
}