{
    "model_name": "WeightedEnsemble",
    "core_models": [
        {
            "model_name": "Alternating",
            "parameters": {
                "c": -0.030578283928378802,
                "a": 986.8591731412641,
                "t1": 1,
                "b": 2746.440771704543,
                "threshold": 5
            },
            "weight": 0.14268145122726753
        },
        {
            "model_name": "ThermalTime",
            "parameters": {
                "T": 9.615724912167877,
                "F": 933.0753063561997,
                "t1": 98.98230113237501
            },
            "weight": 0.2109353760460406
        },
        {
            "model_name": "Uniforc",
            "parameters": {
                "F": 56.84655216099102,
                "c": 9.79649111660107,
                "t1": 104.72255916973458,
                "b": -16.948340846508813
            },
            "weight": 0.2473435880151262
        },
        {
            "model_name": "Linear",
            "parameters": {
                "time_start": 11.54289177972895,
                "intercept": 163.85729384185115,
                "slope": -2.191187410849357,
                "time_length": 49.26481545621812
            },
            "weight": 0.39903958471156564
        }
    ]
}