{
    "core_models": [
        {
            "parameters": {
                "t1": 1,
                "threshold": 5,
                "a": 999.2182063729906,
                "c": -0.04993388677325461,
                "b": 3028.7794712051054
            },
            "model_name": "Alternating",
            "weight": 0.4344771944018987
        },
        {
            "parameters": {
                "t1": 159.4770350163114,
                "T": 20.39649999156624,
                "F": 165.54845584860288
            },
            "model_name": "ThermalTime",
            "weight": 0.2718255997874359
        },
        {
            "parameters": {
                "t1": 148.16662235347968,
                "b": -6.55006713672337,
                "c": 19.739210855826684,
                "F": 15.628970082350506
            },
            "model_name": "Uniforc",
            "weight": 0.22416610812604618
        },
        {
            "parameters": {
                "slope": 0.8224761194594012,
                "time_start": -3.487367190125873,
                "intercept": 164.29893054863,
                "time_length": 1.0904558762158771
            },
            "model_name": "Linear",
            "weight": 0.06953109768461918
        }
    ],
    "model_name": "WeightedEnsemble"
}