{
    "model_name": "WeightedEnsemble",
    "core_models": [
        {
            "model_name": "Alternating",
            "weight": 0.23661099873859548,
            "parameters": {
                "t1": 1,
                "threshold": 5,
                "a": 546.0042575958686,
                "c": -0.016389906783496055,
                "b": 2657.078084472275
            }
        },
        {
            "model_name": "ThermalTime",
            "weight": 0.17600827589003676,
            "parameters": {
                "t1": 137.11081746926232,
                "F": 680.9429208176225,
                "T": 8.290315588531517
            }
        },
        {
            "model_name": "Uniforc",
            "weight": 0.15587201105922988,
            "parameters": {
                "t1": 109.33463289698193,
                "F": 63.75216781818771,
                "c": 5.8599842125734,
                "b": -8.378597118633962
            }
        },
        {
            "model_name": "Linear",
            "weight": 0.4315087143121375,
            "parameters": {
                "slope": -1.2216847873796592,
                "time_start": 46.43011338590035,
                "time_length": 75.69584597760809,
                "intercept": 180.58621281309712
            }
        }
    ]
}