{
    "model_name": "Uniforc",
    "parameters": {
        "F": 106.23194862828562,
        "b": -19.880518516439842,
        "c": 3.4809188430565685,
        "t1": -61.3981189628876
    }
}