{
    "core_models": [
        {
            "weight": 0.07817901123302991,
            "model_name": "Alternating",
            "parameters": {
                "threshold": 5,
                "c": -3.7314884061761915,
                "a": 615.8940039581443,
                "b": 267.15796570645944,
                "t1": 1
            }
        },
        {
            "weight": 0.1672319730084747,
            "model_name": "ThermalTime",
            "parameters": {
                "T": 16.861185355403453,
                "F": 220.51430424061573,
                "t1": -46.688910079358834
            }
        },
        {
            "weight": 0.17788665345014973,
            "model_name": "Uniforc",
            "parameters": {
                "c": 13.2577525898105,
                "b": -19.831129937129294,
                "F": 33.75260734810274,
                "t1": -49.01458537996493
            }
        },
        {
            "weight": 0.5767023623083457,
            "model_name": "Linear",
            "parameters": {
                "spring_length": 5.512913181564684,
                "slope": -9.593356409365573,
                "intercept": 215.02673996001437,
                "spring_start": 41.03838960902526
            }
        }
    ],
    "model_name": "WeightedEnsemble"
}