{
    "core_models": [
        {
            "weight": 0.21826991014760166,
            "model_name": "Alternating",
            "parameters": {
                "b": 255.32546026528507,
                "c": -0.001349056015929495,
                "a": 987.323605847353,
                "t1": 1,
                "threshold": 5
            }
        },
        {
            "weight": 0.21650291856754555,
            "model_name": "ThermalTime",
            "parameters": {
                "F": 84.9557980940101,
                "t1": -44.74844117666029,
                "T": 19.289365438513684
            }
        },
        {
            "weight": 0.219205415861025,
            "model_name": "Uniforc",
            "parameters": {
                "b": -18.244929158846425,
                "F": 82.55809690644845,
                "t1": -42.50481856614431,
                "c": 8.854311628925293
            }
        },
        {
            "weight": 0.34602175542382807,
            "model_name": "Linear",
            "parameters": {
                "time_start": 42.56593866024669,
                "slope": -10.135165632471162,
                "time_length": 5.249149050909956,
                "intercept": 218.7801971459292
            }
        }
    ],
    "model_name": "WeightedEnsemble"
}