{
    "core_models": [
        {
            "weight": 0.19303616914275562,
            "model_name": "Alternating",
            "parameters": {
                "c": -0.0030026986985931536,
                "b": 139.5129553656393,
                "t1": 1,
                "threshold": 5,
                "a": 999.5682754874312
            }
        },
        {
            "weight": 0.1769366712602994,
            "model_name": "ThermalTime",
            "parameters": {
                "F": 650.6990502035757,
                "T": 11.367117221846446,
                "t1": 13.301809378518499
            }
        },
        {
            "weight": 0.22278553499033252,
            "model_name": "Uniforc",
            "parameters": {
                "F": 33.846316438644436,
                "b": -13.301252024743194,
                "t1": -32.98109640586762,
                "c": 13.289205516551682
            }
        },
        {
            "weight": 0.4072416246066123,
            "model_name": "Linear",
            "parameters": {
                "slope": -9.046811587351723,
                "time_length": 40.195803639853025,
                "intercept": 226.5449832599682,
                "time_start": 59.582124257893156
            }
        }
    ],
    "model_name": "WeightedEnsemble"
}