{
    "model_name": "Uniforc",
    "parameters": {
        "F": 34.497450029695145,
        "b": -17.955722934273556,
        "c": 13.28491669930314,
        "t1": -49.964080096518046
    }
}