{
    "model_name": "Alternating",
    "parameters": {
        "a": -34.82250988616098,
        "b": 835.4008205845438,
        "c": -1.740382809692949,
        "t1": 1.0,
        "threshold": 5.0
    }
}