{
    "model_name": "WeightedEnsemble",
    "core_models": [
        {
            "model_name": "Alternating",
            "parameters": {
                "a": 664.3661826296143,
                "threshold": 5,
                "t1": 1,
                "c": -0.014633933178437974,
                "b": 2609.553872522406
            },
            "weight": 0.050395730242814414
        },
        {
            "model_name": "ThermalTime",
            "parameters": {
                "F": 6.327012228788419,
                "T": -8.791696399604248,
                "t1": 237.97726983138358
            },
            "weight": 0.2532426270065819
        },
        {
            "model_name": "Uniforc",
            "parameters": {
                "F": 183.9868658689752,
                "t1": 52.109636618577106,
                "c": 6.522083351798713,
                "b": -7.871320966490916
            },
            "weight": 0.3428534702702728
        },
        {
            "model_name": "Linear",
            "parameters": {
                "intercept": 270.335680802212,
                "time_start": 1.3584752766192576,
                "time_length": 1.5150456764493399,
                "slope": -3.499156017586905
            },
            "weight": 0.35350817248033095
        }
    ]
}