{
    "core_models": [
        {
            "parameters": {
                "a": -457.9305161941261,
                "b": 1248.4419980560995,
                "threshold": 5,
                "c": -1.70237731245007,
                "t1": 1
            },
            "weight": 0.19500099566972595,
            "model_name": "Alternating"
        },
        {
            "parameters": {
                "T": 9.304299373859015,
                "F": 937.2992394513442,
                "t1": -10.88410569388256
            },
            "weight": 0.08869334024625208,
            "model_name": "ThermalTime"
        },
        {
            "parameters": {
                "b": -16.481790786229343,
                "F": 100.48741145502763,
                "c": 9.724314500914277,
                "t1": -48.63243625708617
            },
            "weight": 0.06989619196695175,
            "model_name": "Uniforc"
        },
        {
            "parameters": {
                "time_start": 2.0972378164441796,
                "intercept": 297.99999976932196,
                "slope": -14.401362645457713,
                "time_length": 1.764066626104885
            },
            "weight": 0.6464094721170691,
            "model_name": "Linear"
        }
    ],
    "model_name": "WeightedEnsemble"
}