{
    "model_name": "WeightedEnsemble",
    "core_models": [
        {
            "model_name": "Alternating",
            "weight": 0.14946332857967698,
            "parameters": {
                "a": 683.6854769952467,
                "threshold": 5,
                "c": -0.015037413211672401,
                "b": 2381.129827527713,
                "t1": 1
            }
        },
        {
            "model_name": "ThermalTime",
            "weight": 0.13854077511146443,
            "parameters": {
                "T": 13.235053720119916,
                "t1": 188.96120235105883,
                "F": 440.70896751708597
            }
        },
        {
            "model_name": "Uniforc",
            "weight": 0.20257643832937586,
            "parameters": {
                "F": 180.569773549361,
                "c": 8.062090221014074,
                "b": -1.3131597970818714,
                "t1": 24.28093148958682
            }
        },
        {
            "model_name": "Linear",
            "weight": 0.5094194579794828,
            "parameters": {
                "slope": -6.110970994793174,
                "spring_start": 3.7629592688261813,
                "spring_length": 1.1918345630973306,
                "intercept": 283.8786038594585
            }
        }
    ]
}