{
    "core_models": [
        {
            "parameters": {
                "slope": 7.124412932641028,
                "time_length": 10.191972359473382,
                "time_start": 181.44006025242697,
                "intercept": -66.99999999999997
            },
            "weight": 0.7669371677822947,
            "model_name": "Linear"
        },
        {
            "parameters": {
                "t1": 182.36391555643235,
                "F": 1.9785520636127671,
                "T": 22.35158817327917
            },
            "weight": 0.23306283221770469,
            "model_name": "FallCooling"
        }
    ],
    "model_name": "WeightedEnsemble"
}