{
    "model_name": "ThermalTime",
    "parameters": {
        "F": 318.17360662797023,
        "T": 13.495520143865347,
        "t1": 189.94004200937604
    }
}