{
    "core_models": [
        {
            "parameters": {
                "threshold": 5,
                "b": 2646.149188448067,
                "t1": 1,
                "a": 271.4060260519038,
                "c": -0.0065139462125358705
            },
            "weight": 0.1504294251082631,
            "model_name": "Alternating"
        },
        {
            "parameters": {
                "T": 13.62890809186027,
                "t1": 199.80387180757913,
                "F": 239.7446003848604
            },
            "weight": 0.1442419075723134,
            "model_name": "ThermalTime"
        },
        {
            "parameters": {
                "b": -19.85118913109006,
                "t1": 88.81329505480844,
                "F": 119.83510819236702,
                "c": 10.110311347908329
            },
            "weight": 0.1691337214286811,
            "model_name": "Uniforc"
        },
        {
            "parameters": {
                "time_start": -0.5167269491645836,
                "time_length": 1.053678317393313,
                "intercept": 272.79960131182764,
                "slope": -6.705410841245675
            },
            "weight": 0.5361949458907422,
            "model_name": "Linear"
        }
    ],
    "model_name": "WeightedEnsemble"
}