{
    "core_models": [
        {
            "model_name": "Alternating",
            "parameters": {
                "t1": 1,
                "threshold": 5,
                "a": 83.38954573626079,
                "c": -0.026726928491810575,
                "b": 1706.2619070480177
            },
            "weight": 0.18191324797500522
        },
        {
            "model_name": "ThermalTime",
            "parameters": {
                "t1": 90.00988152007739,
                "T": 5.194209312381693,
                "F": 148.79507413761797
            },
            "weight": 0.309603209304394
        },
        {
            "model_name": "Uniforc",
            "parameters": {
                "t1": 88.09426540031771,
                "c": 7.590616070509359,
                "b": -0.9843697570721979,
                "F": 11.58341506583136
            },
            "weight": 0.30634220368004283
        },
        {
            "model_name": "Linear",
            "parameters": {
                "intercept": 118.21186479942271,
                "spring_start": 17.821680492814973,
                "slope": -2.511137478668406,
                "spring_length": 109.87679135134188
            },
            "weight": 0.20214133904055803
        }
    ],
    "model_name": "WeightedEnsemble"
}