{
    "model_name": "ThermalTime",
    "parameters": {
        "F": 60.606482996598466,
        "T": 12.287839064018511,
        "t1": 84.16165351987615
    }
}