{
    "core_models": [
        {
            "model_name": "Linear",
            "parameters": {
                "slope": -2.502676550917276,
                "time_start": 268.8741695851533,
                "time_length": 17.85879996911015,
                "intercept": 298.0
            },
            "weight": 0.6914244139533023
        },
        {
            "model_name": "FallCooling",
            "parameters": {
                "t1": 256.09208321700197,
                "T": 9.417741421711417,
                "F": 9.27476603860623
            },
            "weight": 0.3085755860466969
        }
    ],
    "model_name": "WeightedEnsemble"
}