{
    "core_models": [
        {
            "weight": 0.18973990548430064,
            "model_name": "Alternating",
            "parameters": {
                "a": 670.364897362755,
                "b": 4345.704517307786,
                "threshold": 5,
                "t1": 1,
                "c": -0.3656066012867871
            }
        },
        {
            "weight": 0.21497708581435826,
            "model_name": "ThermalTime",
            "parameters": {
                "t1": -42.59466191654761,
                "T": -24.297337103940787,
                "F": 917.9740779897296
            }
        },
        {
            "weight": 0.22790272842589845,
            "model_name": "Uniforc",
            "parameters": {
                "t1": -41.46140753280321,
                "b": -19.668611951617944,
                "F": 98.6715179512849,
                "c": 3.5911970712085184
            }
        },
        {
            "weight": 0.3673802802754426,
            "model_name": "Linear",
            "parameters": {
                "time_start": 34.36928280750786,
                "slope": -14.233444136192302,
                "intercept": 138.9243518455437,
                "time_length": 6.185427141165313
            }
        }
    ],
    "model_name": "WeightedEnsemble"
}