{
    "model_name": "Uniforc",
    "parameters": {
        "F": 138.8901916244961,
        "b": -14.252116629223508,
        "c": -4.135155626622766,
        "t1": -50.85326653671515
    }
}