{
    "core_models": [
        {
            "parameters": {
                "time_start": 281.2653325323689,
                "time_length": 10.649721103899921,
                "intercept": 199.0035806556568,
                "slope": 3.851302755558963
            },
            "weight": 0.4466345370972769,
            "model_name": "Linear"
        },
        {
            "parameters": {
                "t1": 242.5220567672592,
                "F": 35.770286368898326,
                "T": 19.20783942153762
            },
            "weight": 0.553365462902723,
            "model_name": "FallCooling"
        }
    ],
    "model_name": "WeightedEnsemble"
}