{
    "core_models": [
        {
            "parameters": {
                "a": 116.27264636006807,
                "b": 1974.2642081918448,
                "threshold": 5,
                "c": -0.03224553745745551,
                "t1": 1
            },
            "weight": 0.2590861058435949,
            "model_name": "Alternating"
        },
        {
            "parameters": {
                "t1": 89.56641516661793,
                "F": 149.32270591232503,
                "T": 5.263364488838368
            },
            "weight": 0.3554830704167527,
            "model_name": "ThermalTime"
        },
        {
            "parameters": {
                "b": -0.3269169889485841,
                "c": 9.855462103959244,
                "t1": 80.3234276407016,
                "F": 10.06095359800753
            },
            "weight": 0.1299185063155859,
            "model_name": "Uniforc"
        },
        {
            "parameters": {
                "time_start": 18.061115854644918,
                "slope": -2.5059880727457413,
                "time_length": 110.72205200638552,
                "intercept": 118.19953709311423
            },
            "weight": 0.25551231742406627,
            "model_name": "Linear"
        }
    ],
    "model_name": "WeightedEnsemble"
}