{
    "model_name": "Uniforc",
    "parameters": {
        "F": 124.91967041963196,
        "b": -19.933641226990297,
        "c": 3.8256166569734735,
        "t1": -63.007190053298615
    }
}