{
    "core_models": [
        {
            "weight": 0.21983958406050502,
            "model_name": "Alternating",
            "parameters": {
                "t1": 1,
                "threshold": 5,
                "a": -773.7571572754883,
                "c": -0.006074046267569244,
                "b": 1927.2310917658265
            }
        },
        {
            "weight": 0.1985798917599152,
            "model_name": "ThermalTime",
            "parameters": {
                "t1": 107.8847599697607,
                "T": 12.587404581383804,
                "F": 46.268589363554554
            }
        },
        {
            "weight": 0.11228459798955423,
            "model_name": "Uniforc",
            "parameters": {
                "t1": 31.7954963061117,
                "c": -19.85053762147556,
                "F": 89.75422176455359,
                "b": -0.12830591953520454
            }
        },
        {
            "weight": 0.46929592619002564,
            "model_name": "Linear",
            "parameters": {
                "intercept": 126.53700525594,
                "spring_start": 58.021446642008094,
                "slope": -1.153274371504127,
                "spring_length": 2.721205697345816
            }
        }
    ],
    "model_name": "WeightedEnsemble"
}