{
    "core_models": [
        {
            "parameters": {
                "t1": 1,
                "a": 453.44154166159933,
                "b": 3947.1658165044873,
                "c": -0.13955055684868878,
                "threshold": 5
            },
            "model_name": "Alternating",
            "weight": 0.2076618378379266
        },
        {
            "parameters": {
                "t1": 4.1010868667591325,
                "F": 400.94094315620015,
                "T": -17.83400322566287
            },
            "model_name": "ThermalTime",
            "weight": 0.06254408558272523
        },
        {
            "parameters": {
                "t1": -48.650249785756216,
                "c": -2.656055997968354,
                "b": -0.9915471214455209,
                "F": 128.35895545439854
            },
            "model_name": "Uniforc",
            "weight": 0.30675772213286334
        },
        {
            "parameters": {
                "spring_start": 34.6124482542552,
                "intercept": 216.10508322164884,
                "slope": -11.881339715323172,
                "spring_length": 119.82039027849328
            },
            "model_name": "Linear",
            "weight": 0.4230363544464848
        }
    ],
    "model_name": "WeightedEnsemble"
}