{
    "model_name": "ThermalTime",
    "parameters": {
        "F": 515.2921197366796,
        "T": -22.47582128719048,
        "t1": -17.87245782443918
    }
}