{
    "core_models": [
        {
            "model_name": "Alternating",
            "weight": 0.29671517641379375,
            "parameters": {
                "a": 546.615937635962,
                "c": -0.26406761000786316,
                "b": 2590.567114636026,
                "t1": 1,
                "threshold": 5
            }
        },
        {
            "model_name": "ThermalTime",
            "weight": 0.1143106434534275,
            "parameters": {
                "F": 512.7443094869982,
                "t1": -17.83484432980103,
                "T": -23.303029182905384
            }
        },
        {
            "model_name": "Uniforc",
            "weight": 0.13297851859435283,
            "parameters": {
                "F": 74.52231567276507,
                "c": 3.750482720474757,
                "b": -18.02591650157258,
                "t1": -39.64527698825583
            }
        },
        {
            "model_name": "Linear",
            "weight": 0.45599566153842613,
            "parameters": {
                "intercept": 117.9928601929885,
                "slope": -14.46038765951041,
                "spring_length": 32.57735873301139,
                "spring_start": 7.209335710125417
            }
        }
    ],
    "model_name": "WeightedEnsemble"
}