{
    "core_models": [
        {
            "parameters": {
                "c": -0.03478943568844306,
                "b": 1263.4962926032256,
                "t1": 1,
                "threshold": 5,
                "a": 214.47608014028208
            },
            "model_name": "Alternating",
            "weight": 0.2628952135510638
        },
        {
            "parameters": {
                "T": -22.154038332672947,
                "F": 316.2910238290493,
                "t1": 38.05874727027236
            },
            "model_name": "ThermalTime",
            "weight": 0.06248979560327215
        },
        {
            "parameters": {
                "c": -5.156938323196752,
                "F": 132.975267931771,
                "t1": -46.03220834712246,
                "b": -5.197256520001061
            },
            "model_name": "Uniforc",
            "weight": 0.2544772184530608
        },
        {
            "parameters": {
                "time_start": 39.770779691092685,
                "time_length": 115.1551128142106,
                "slope": -7.435964551472212,
                "intercept": 172.6093640380972
            },
            "model_name": "Linear",
            "weight": 0.4201377723926033
        }
    ],
    "model_name": "WeightedEnsemble"
}