{
    "core_models": [
        {
            "parameters": {
                "b": 1019.6926746339852,
                "threshold": 5,
                "c": -0.030357828638777562,
                "t1": 1,
                "a": 133.78209391448513
            },
            "weight": 0.22001983459939647,
            "model_name": "Alternating"
        },
        {
            "parameters": {
                "F": 245.22280749940896,
                "t1": 41.113694806646095,
                "T": 0.5570345725832315
            },
            "weight": 0.1258263306540829,
            "model_name": "ThermalTime"
        },
        {
            "parameters": {
                "b": -0.16265828717937403,
                "c": 7.309072903879754,
                "t1": 36.41431880956215,
                "F": 22.857070988346152
            },
            "weight": 0.3801504251557219,
            "model_name": "Uniforc"
        },
        {
            "parameters": {
                "slope": -3.2116540826616853,
                "time_start": 56.47383726449381,
                "intercept": 120.19561275809073,
                "time_length": 52.95936003326446
            },
            "weight": 0.27400340959079894,
            "model_name": "Linear"
        }
    ],
    "model_name": "WeightedEnsemble"
}