{
    "model_name": "WeightedEnsemble",
    "core_models": [
        {
            "weight": 0.2948578462087828,
            "model_name": "Alternating",
            "parameters": {
                "b": 1975.1170026222858,
                "c": -0.007742674952437412,
                "t1": 1,
                "a": -632.773826498105,
                "threshold": 5
            }
        },
        {
            "weight": 0.13255864377164003,
            "model_name": "ThermalTime",
            "parameters": {
                "F": 14.498238093057523,
                "t1": 133.2674396052512,
                "T": -2.8629316643405343
            }
        },
        {
            "weight": 0.10573904950752104,
            "model_name": "Uniforc",
            "parameters": {
                "F": 73.09219626392442,
                "c": -16.976097304757026,
                "t1": 59.31891433565665,
                "b": -16.068538056380234
            }
        },
        {
            "weight": 0.46684446051205586,
            "model_name": "Linear",
            "parameters": {
                "slope": -1.135440493173692,
                "time_start": 58.69736129317059,
                "intercept": 125.83973671594345,
                "time_length": 4.017478121451759
            }
        }
    ]
}