{
    "model_name": "WeightedEnsemble",
    "core_models": [
        {
            "model_name": "Alternating",
            "parameters": {
                "b": 1306.8215374734382,
                "c": -0.0066108815674410515,
                "t1": 1,
                "threshold": 5,
                "a": -434.15607519576315
            },
            "weight": 0.1718622423670427
        },
        {
            "model_name": "ThermalTime",
            "parameters": {
                "T": 12.818490271607047,
                "t1": 100.57878054054034,
                "F": 28.08631203537783
            },
            "weight": 0.3061215787409892
        },
        {
            "model_name": "Uniforc",
            "parameters": {
                "b": -18.56637718992296,
                "F": 3.24834273070131,
                "t1": 86.25288552130574,
                "c": 12.360256024260929
            },
            "weight": 0.2906722350078329
        },
        {
            "model_name": "Linear",
            "parameters": {
                "time_length": 110.71229566168206,
                "intercept": 134.6917950595719,
                "slope": -3.2426265446878326,
                "time_start": 40.75481233137498
            },
            "weight": 0.23134394388413507
        }
    ]
}