{
    "core_models": [
        {
            "weight": 0.6520289428058049,
            "model_name": "Linear",
            "parameters": {
                "intercept": 198.96775533462522,
                "slope": 3.4700938677791524,
                "time_length": 17.038474407973176,
                "time_start": 223.49783025775713
            }
        },
        {
            "weight": 0.3479710571941947,
            "model_name": "FallCooling",
            "parameters": {
                "t1": 212.9444333124247,
                "T": 21.889309689899612,
                "F": 768.4001309096664
            }
        }
    ],
    "model_name": "WeightedEnsemble"
}