{
    "core_models": [
        {
            "parameters": {
                "threshold": 5,
                "a": -219.8718526055279,
                "t1": 1,
                "b": 965.7902651976513,
                "c": -0.00860538294053903
            },
            "model_name": "Alternating",
            "weight": 0.3294244716985276
        },
        {
            "parameters": {
                "t1": 54.70642162800759,
                "T": -0.0930447050705524,
                "F": 251.89800270108987
            },
            "model_name": "ThermalTime",
            "weight": 0.14312616680366327
        },
        {
            "parameters": {
                "t1": 55.182479531498124,
                "c": 6.970237039873872,
                "b": -0.13268006865979665,
                "F": 22.984067776590095
            },
            "model_name": "Uniforc",
            "weight": 0.16009736263048627
        },
        {
            "parameters": {
                "time_start": 57.716416017835414,
                "time_length": 28.410354414741263,
                "intercept": 114.55418353032901,
                "slope": -2.335963221470977
            },
            "model_name": "Linear",
            "weight": 0.3673519988673227
        }
    ],
    "model_name": "WeightedEnsemble"
}