{
    "core_models": [
        {
            "weight": 0.13863399071719812,
            "model_name": "Alternating",
            "parameters": {
                "a": -251.50886546233752,
                "c": -0.011176584786810828,
                "threshold": 5,
                "t1": 1,
                "b": 1408.5187767544578
            }
        },
        {
            "weight": 0.4511957870316235,
            "model_name": "ThermalTime",
            "parameters": {
                "F": 97.5178419361792,
                "T": 13.288526037024322,
                "t1": 70.97820732009103
            }
        },
        {
            "weight": 0.2827342250967599,
            "model_name": "Uniforc",
            "parameters": {
                "F": 6.00957133903907,
                "b": -13.288057710792538,
                "c": 13.66458843898769,
                "t1": 54.2510771491428
            }
        },
        {
            "weight": 0.12743599715441872,
            "model_name": "Linear",
            "parameters": {
                "slope": -4.312598869130962,
                "spring_start": 59.11068139672701,
                "spring_length": 86.37082018728852,
                "intercept": 157.4764802422449
            }
        }
    ],
    "model_name": "WeightedEnsemble"
}