{
    "model_name": "WeightedEnsemble",
    "core_models": [
        {
            "parameters": {
                "a": -585.8166955753971,
                "b": 1616.9113616004213,
                "c": -0.006517281219426518,
                "threshold": 5,
                "t1": 1
            },
            "model_name": "Alternating",
            "weight": 0.3926722265710911
        },
        {
            "parameters": {
                "T": -0.11554443895778754,
                "F": 223.72667907684905,
                "t1": 91.98367705774793
            },
            "model_name": "ThermalTime",
            "weight": 0.12095394910205179
        },
        {
            "parameters": {
                "c": 12.6885930604532,
                "b": -5.271279005191416,
                "F": 2.4273165873035794,
                "t1": 100.76667683753988
            },
            "model_name": "Uniforc",
            "weight": 0.29131811643560535
        },
        {
            "parameters": {
                "intercept": 148.16584024486437,
                "slope": -2.8848552461910586,
                "time_start": 59.39038177952983,
                "time_length": 118.24745588718916
            },
            "model_name": "Linear",
            "weight": 0.19505570789125176
        }
    ]
}