{
    "core_models": [
        {
            "model_name": "Alternating",
            "parameters": {
                "c": -0.01718252980942081,
                "b": 697.2181772564222,
                "a": 67.44318309244801,
                "threshold": 5,
                "t1": 1
            },
            "weight": 0.1900819860102371
        },
        {
            "model_name": "ThermalTime",
            "parameters": {
                "T": -0.13626034972178958,
                "F": 266.4933240844405,
                "t1": 40.72022853821663
            },
            "weight": 0.24455247638018962
        },
        {
            "model_name": "Uniforc",
            "parameters": {
                "c": 6.291348013537168,
                "b": -0.16923760219380135,
                "F": 24.808286596013858,
                "t1": 36.1554065820431
            },
            "weight": 0.26458421286694583
        },
        {
            "model_name": "Linear",
            "parameters": {
                "spring_length": 52.856087645644095,
                "slope": -3.2150407317540894,
                "intercept": 120.19770053042748,
                "spring_start": 55.3617387380655
            },
            "weight": 0.30078132474262753
        }
    ],
    "model_name": "WeightedEnsemble"
}