{
    "core_models": [
        {
            "parameters": {
                "c": -0.9735082977573444,
                "b": 1091.7053452573216,
                "threshold": 5,
                "a": 776.4088249320744,
                "t1": 1
            },
            "model_name": "Alternating",
            "weight": 0.19247449420574353
        },
        {
            "parameters": {
                "T": -23.597556989062944,
                "F": 855.3547975109434,
                "t1": -42.549252276331
            },
            "model_name": "ThermalTime",
            "weight": 0.13789926508702882
        },
        {
            "parameters": {
                "c": 1.2509883678347822,
                "b": -17.504879401896893,
                "t1": -53.25563426271637,
                "F": 130.16946095992213
            },
            "model_name": "Uniforc",
            "weight": 0.2380584794298326
        },
        {
            "parameters": {
                "time_start": 8.420318460255839,
                "intercept": 114.35077754572482,
                "slope": -9.013396202851808,
                "time_length": 5.101839113326598
            },
            "model_name": "Linear",
            "weight": 0.4315677612773951
        }
    ],
    "model_name": "WeightedEnsemble"
}