{
    "core_models": [
        {
            "parameters": {
                "c": -0.4114247064243286,
                "b": 2571.805493068741,
                "t1": 1,
                "threshold": 5,
                "a": 912.4342100513123
            },
            "model_name": "Alternating",
            "weight": 0.26033698167517405
        },
        {
            "parameters": {
                "T": -24.829240869707323,
                "t1": -9.778036548965062,
                "F": 807.2427287346434
            },
            "model_name": "ThermalTime",
            "weight": 0.23739525991511104
        },
        {
            "parameters": {
                "c": 5.193195445751808,
                "b": -17.808199994083044,
                "t1": -65.0509142695347,
                "F": 109.22100268872089
            },
            "model_name": "Uniforc",
            "weight": 0.10969912774592164
        },
        {
            "parameters": {
                "slope": -6.855238866492927,
                "time_length": 2.0376507072022534,
                "time_start": 16.29797941416937,
                "intercept": 124.38161976737193
            },
            "model_name": "Linear",
            "weight": 0.3925686306637932
        }
    ],
    "model_name": "WeightedEnsemble"
}