{
    "model_name": "WeightedEnsemble",
    "core_models": [
        {
            "model_name": "Alternating",
            "weight": 0.07996828498781515,
            "parameters": {
                "c": -3.4014667680542283,
                "threshold": 5,
                "b": 2160.513537361293,
                "a": 994.838940904432,
                "t1": 1
            }
        },
        {
            "model_name": "ThermalTime",
            "weight": 0.0766248756190972,
            "parameters": {
                "F": 967.9357002223239,
                "t1": -43.9027254991847,
                "T": -23.8398896960458
            }
        },
        {
            "model_name": "Uniforc",
            "weight": 0.07715808320211599,
            "parameters": {
                "b": -17.694703574769566,
                "t1": -51.892620498464424,
                "F": 121.90108745193773,
                "c": 3.444285238531042
            }
        },
        {
            "model_name": "Linear",
            "weight": 0.7662487561909723,
            "parameters": {
                "spring_start": 7.205817419178137,
                "slope": -11.160720690379852,
                "intercept": 107.09846495812872,
                "spring_length": 10.200816798315472
            }
        }
    ]
}