{
    "model_name": "WeightedEnsemble",
    "core_models": [
        {
            "model_name": "Alternating",
            "weight": 0.36835843703254617,
            "parameters": {
                "t1": 1,
                "a": -632.0377750441723,
                "threshold": 5,
                "b": 2332.5810475206295,
                "c": -0.009747576603876151
            }
        },
        {
            "model_name": "ThermalTime",
            "weight": 0.11017905062502593,
            "parameters": {
                "t1": 130.02257132841763,
                "T": -0.6130527478482778,
                "F": 2.4587413101741618
            }
        },
        {
            "model_name": "Uniforc",
            "weight": 0.14948063066525838,
            "parameters": {
                "t1": 105.92839723944165,
                "F": 25.814489070748095,
                "b": -8.72960749975254,
                "c": -1.633678110544412
            }
        },
        {
            "model_name": "Linear",
            "weight": 0.37198188167716945,
            "parameters": {
                "time_start": 54.822006361228404,
                "slope": -0.7396212808336429,
                "intercept": 127.41541076922675,
                "time_length": 7.680014529498187
            }
        }
    ]
}