{
    "core_models": [
        {
            "parameters": {
                "c": -0.10257718012564654,
                "a": 440.5003982536708,
                "threshold": 5,
                "b": 3129.8001776536194,
                "t1": 1
            },
            "model_name": "Alternating",
            "weight": 0.24093743092464703
        },
        {
            "parameters": {
                "t1": -39.802942892572304,
                "F": 118.8837806668833,
                "T": 15.203479752670795
            },
            "model_name": "ThermalTime",
            "weight": 0.2969839708010343
        },
        {
            "parameters": {
                "c": 19.74654739260956,
                "t1": 61.73625374127602,
                "F": 0.599905481297597,
                "b": -1.146544634262881
            },
            "model_name": "Uniforc",
            "weight": 0.18385894760231253
        },
        {
            "parameters": {
                "time_start": 49.242765616327034,
                "intercept": 108.46294910226412,
                "time_length": 2.4525161737079273,
                "slope": -3.039232188095753
            },
            "model_name": "Linear",
            "weight": 0.27821965067200627
        }
    ],
    "model_name": "WeightedEnsemble"
}