{
    "model_name": "WeightedEnsemble",
    "core_models": [
        {
            "parameters": {
                "c": -0.047779511364817395,
                "b": 2200.9679587952305,
                "t1": 1,
                "threshold": 5,
                "a": 256.4228191914792
            },
            "model_name": "Alternating",
            "weight": 0.4588040621202162
        },
        {
            "parameters": {
                "F": 328.2587025368208,
                "t1": 40.61606134179587,
                "T": -23.221386025737097
            },
            "model_name": "ThermalTime",
            "weight": 0.14918982115406718
        },
        {
            "parameters": {
                "c": -5.260767014872247,
                "F": 122.61994325700752,
                "t1": -32.17902017048016,
                "b": -19.714196286786105
            },
            "model_name": "Uniforc",
            "weight": 0.23329799752728525
        },
        {
            "parameters": {
                "time_length": 72.08344625002722,
                "intercept": 124.05833618868492,
                "slope": -4.288249870074232,
                "time_start": 33.886811551987925
            },
            "model_name": "Linear",
            "weight": 0.1587081191984313
        }
    ]
}