{
    "model_name": "WeightedEnsemble",
    "core_models": [
        {
            "parameters": {
                "b": 1211.126329070944,
                "c": -0.01666036552602934,
                "threshold": 5,
                "t1": 1,
                "a": -20.354451168311694
            },
            "model_name": "Alternating",
            "weight": 0.18094773787030694
        },
        {
            "parameters": {
                "T": 5.0745877920670255,
                "t1": 91.9978215096979,
                "F": 159.5732647893853
            },
            "model_name": "ThermalTime",
            "weight": 0.25759024002730163
        },
        {
            "parameters": {
                "b": -10.089477774545738,
                "c": -3.2157248994872267,
                "t1": 57.17245628081257,
                "F": 50.27353057984442
            },
            "model_name": "Uniforc",
            "weight": 0.3259614899681359
        },
        {
            "parameters": {
                "slope": -2.449705740838767,
                "time_start": 57.94523613302839,
                "time_length": 51.010485015793584,
                "intercept": 124.07469848649127
            },
            "model_name": "Linear",
            "weight": 0.23550053213425542
        }
    ]
}