{
    "model_name": "ThermalTime",
    "parameters": {
        "F": 37.358749407180426,
        "T": 12.70082940699126,
        "t1": 108.84415637801405
    }
}