{
    "model_name": "ThermalTime",
    "parameters": {
        "F": 97.53614421566324,
        "T": 13.283068167701586,
        "t1": 70.79733554293826
    }
}