{
    "model_name": "WeightedEnsemble",
    "core_models": [
        {
            "model_name": "Alternating",
            "parameters": {
                "a": -414.6138549209938,
                "threshold": 5,
                "t1": 1,
                "b": 2358.4755739901357,
                "c": -0.013476508867042547
            },
            "weight": 0.2768735236335904
        },
        {
            "model_name": "ThermalTime",
            "parameters": {
                "t1": 102.98336054679166,
                "F": 36.93031158778905,
                "T": 18.098029010264465
            },
            "weight": 0.22595877543978107
        },
        {
            "model_name": "Uniforc",
            "parameters": {
                "b": -7.159398919523092,
                "t1": 102.64900200166193,
                "F": 1.1048544922613814,
                "c": 18.421291859946763
            },
            "weight": 0.3420403340497362
        },
        {
            "model_name": "Linear",
            "parameters": {
                "time_length": 1.2095104786356785,
                "intercept": 117.0130443696706,
                "time_start": 9.63873570198208,
                "slope": -2.016104585404455
            },
            "weight": 0.15512736687689213
        }
    ]
}