{
    "core_models": [
        {
            "model_name": "Alternating",
            "parameters": {
                "a": 980.4777385678092,
                "t1": 1,
                "b": 819.445833271262,
                "c": -0.030435304140491226,
                "threshold": 5
            },
            "weight": 0.15049739875744916
        },
        {
            "model_name": "ThermalTime",
            "parameters": {
                "t1": -6.952164442758217,
                "T": -22.6086841337019,
                "F": 998.0599237100065
            },
            "weight": 0.15435283600057856
        },
        {
            "model_name": "Uniforc",
            "parameters": {
                "t1": -62.77739468894336,
                "b": -15.817317351047484,
                "c": 1.0819237855822061,
                "F": 175.97311961282514
            },
            "weight": 0.3231528013483199
        },
        {
            "model_name": "Linear",
            "parameters": {
                "time_length": 2.5263911081097916,
                "intercept": 145.62444729567895,
                "slope": -6.038566819968228,
                "time_start": 9.077332436152847
            },
            "weight": 0.3719969638936523
        }
    ],
    "model_name": "WeightedEnsemble"
}