{
    "model_name": "Alternating",
    "parameters": {
        "a": 101.96428793303178,
        "b": 861.5711462340627,
        "c": -0.022346322163299348,
        "t1": 1.0,
        "threshold": 5.0
    }
}