{
    "model_name": "ThermalTime",
    "parameters": {
        "F": 159.00536825142296,
        "T": 5.00910952270413,
        "t1": 87.02483247342178
    }
}