{
    "core_models": [
        {
            "model_name": "Alternating",
            "parameters": {
                "t1": 1,
                "threshold": 5,
                "a": -279.07085714276013,
                "c": -0.008077335537227004,
                "b": 1149.6231367016412
            },
            "weight": 0.06284616244619497
        },
        {
            "model_name": "ThermalTime",
            "parameters": {
                "t1": 85.39742371497064,
                "T": 12.29207988339493,
                "F": 59.46249480338645
            },
            "weight": 0.4410550459348987
        },
        {
            "model_name": "Uniforc",
            "parameters": {
                "t1": 99.29595687311252,
                "c": 15.107287553948968,
                "b": -1.2739854803486175,
                "F": 0.4873739786498703
            },
            "weight": 0.29946723489283766
        },
        {
            "model_name": "Linear",
            "parameters": {
                "intercept": 141.1673870046432,
                "spring_start": 44.835197886841165,
                "slope": -3.5253645112745646,
                "spring_length": 119.88516432771291
            },
            "weight": 0.1966315567260686
        }
    ],
    "model_name": "WeightedEnsemble"
}