{
    "core_models": [
        {
            "weight": 0.26193060263409174,
            "model_name": "Alternating",
            "parameters": {
                "c": -0.0555365762105513,
                "a": 216.14589929264616,
                "b": 4494.961361066181,
                "t1": 1,
                "threshold": 5
            }
        },
        {
            "weight": 0.12492876540480076,
            "model_name": "ThermalTime",
            "parameters": {
                "F": 191.91817969674088,
                "t1": 81.3861876728867,
                "T": -24.151054875630248
            }
        },
        {
            "weight": 0.22520640814297915,
            "model_name": "Uniforc",
            "parameters": {
                "c": 5.537299548458363,
                "F": 28.336530140110213,
                "b": -0.17621524517850418,
                "t1": 38.174333746650404
            }
        },
        {
            "weight": 0.3879342238181281,
            "model_name": "Linear",
            "parameters": {
                "intercept": 142.19442681667468,
                "slope": -4.4221406094165845,
                "time_start": 57.12512130930798,
                "time_length": 85.40362581195522
            }
        }
    ],
    "model_name": "WeightedEnsemble"
}