{
    "core_models": [
        {
            "model_name": "Alternating",
            "parameters": {
                "threshold": 5,
                "t1": 1,
                "c": -0.06578593434456081,
                "a": 221.9390510474315,
                "b": 2393.214015221002
            },
            "weight": 0.21823061798517818
        },
        {
            "model_name": "ThermalTime",
            "parameters": {
                "F": 279.4310812495605,
                "t1": -46.26277085315709,
                "T": -3.837799496063765
            },
            "weight": 0.1657240128581656
        },
        {
            "model_name": "Uniforc",
            "parameters": {
                "F": 20.52723410932296,
                "t1": -51.912371237964464,
                "c": 7.126071411298951,
                "b": -0.8435546581211959
            },
            "weight": 0.3059159947014269
        },
        {
            "model_name": "Linear",
            "parameters": {
                "slope": -5.216166324860601,
                "time_start": 57.14805163847915,
                "intercept": 151.7842579664013,
                "time_length": 95.34492637834771
            },
            "weight": 0.3101293744552292
        }
    ],
    "model_name": "WeightedEnsemble"
}