{
    "core_models": [
        {
            "weight": 0.14831427027312025,
            "parameters": {
                "b": 1388.074086072064,
                "c": -3.3653272185406875,
                "a": 249.31906483530253,
                "threshold": 5,
                "t1": 1
            },
            "model_name": "Alternating"
        },
        {
            "weight": 0.30233625868013286,
            "parameters": {
                "t1": -52.14682237461068,
                "T": -3.829868828681154,
                "F": 320.79174316706064
            },
            "model_name": "ThermalTime"
        },
        {
            "weight": 0.26613520331024454,
            "parameters": {
                "t1": 10.614548819692004,
                "c": 13.390016272552408,
                "F": 19.7171843179421,
                "b": -0.11938146720438958
            },
            "model_name": "Uniforc"
        },
        {
            "weight": 0.28321426773650216,
            "parameters": {
                "slope": -5.217025108875933,
                "spring_length": 95.10489154789498,
                "spring_start": 56.80344077651911,
                "intercept": 151.78398220108448
            },
            "model_name": "Linear"
        }
    ],
    "model_name": "WeightedEnsemble"
}