{
    "model_name": "ThermalTime",
    "parameters": {
        "F": 320.3196914906177,
        "T": -3.8540415526111143,
        "t1": -52.16381950227819
    }
}