{
    "core_models": [
        {
            "weight": 0.13680773710284616,
            "parameters": {
                "a": 59.93890408305735,
                "threshold": 5,
                "c": -0.015419284051551685,
                "t1": 1,
                "b": 604.8231077696116
            },
            "model_name": "Alternating"
        },
        {
            "weight": 0.33589369869045155,
            "parameters": {
                "F": 121.39507663701335,
                "T": 11.714399467028702,
                "t1": 49.46004583585193
            },
            "model_name": "ThermalTime"
        },
        {
            "weight": 0.25041438513705555,
            "parameters": {
                "F": 9.910353623187277,
                "c": 19.336240024772046,
                "t1": 26.91037865920748,
                "b": -0.11953149918420714
            },
            "model_name": "Uniforc"
        },
        {
            "weight": 0.27688417906964635,
            "parameters": {
                "time_start": -21.495011026748138,
                "slope": -4.049878042378296,
                "time_length": 92.55803031781355,
                "intercept": 95.69692393098647
            },
            "model_name": "Linear"
        }
    ],
    "model_name": "WeightedEnsemble"
}