{
    "model_name": "WeightedEnsemble",
    "core_models": [
        {
            "model_name": "Alternating",
            "weight": 0.20956308965147935,
            "parameters": {
                "a": 89.7475091251747,
                "threshold": 5,
                "c": -0.017422382207061382,
                "t1": 1,
                "b": 589.3382204855054
            }
        },
        {
            "model_name": "ThermalTime",
            "weight": 0.26395021736825786,
            "parameters": {
                "T": 12.052110631541286,
                "F": 120.7069819369172,
                "t1": 48.94337242615313
            }
        },
        {
            "model_name": "Uniforc",
            "weight": 0.22597671128840932,
            "parameters": {
                "F": 7.71603733817976,
                "c": 12.415338568683154,
                "t1": 46.052450908173796,
                "b": -3.1107924052182856
            }
        },
        {
            "model_name": "Linear",
            "weight": 0.3005099816918534,
            "parameters": {
                "spring_length": 52.516740805389105,
                "slope": -3.6927099573890536,
                "intercept": 110.43468140045165,
                "spring_start": 45.15456520558088
            }
        }
    ]
}