{
    "model_name": "ThermalTime",
    "parameters": {
        "F": 120.05753020491188,
        "T": 12.174516273678176,
        "t1": 48.719726717993936
    }
}