{
    "model_name": "WeightedEnsemble",
    "core_models": [
        {
            "parameters": {
                "threshold": 5,
                "a": 63.32901377156852,
                "c": -0.015455794175987414,
                "b": 600.1070954774209,
                "t1": 1
            },
            "model_name": "Alternating",
            "weight": 0.1684491263163272
        },
        {
            "parameters": {
                "F": 122.3907844037476,
                "T": 11.89034247906583,
                "t1": 49.55203362221391
            },
            "model_name": "ThermalTime",
            "weight": 0.34506097312965645
        },
        {
            "parameters": {
                "F": 37.908277652109724,
                "c": -0.2781448534274422,
                "b": -14.340509329888523,
                "t1": 27.562900913449155
            },
            "model_name": "Uniforc",
            "weight": 0.23050592795411692
        },
        {
            "parameters": {
                "time_length": 52.55742716567021,
                "slope": -3.692461277547929,
                "time_start": 46.18266449596752,
                "intercept": 110.41829178189657
            },
            "model_name": "Linear",
            "weight": 0.25598397259989925
        }
    ]
}