{
    "model_name": "WeightedEnsemble",
    "core_models": [
        {
            "weight": 0.29662661998640916,
            "model_name": "Alternating",
            "parameters": {
                "t1": 1,
                "b": 1489.7356841025205,
                "c": -0.0009991374702940092,
                "a": 739.8186760915837,
                "threshold": 5
            }
        },
        {
            "weight": 0.30537276286005005,
            "model_name": "ThermalTime",
            "parameters": {
                "t1": 81.06185916269203,
                "F": 223.81769047522135,
                "T": 24.075760467792435
            }
        },
        {
            "weight": 0.15121491127177142,
            "model_name": "Uniforc",
            "parameters": {
                "t1": -0.9746359960419113,
                "b": -16.50244227222337,
                "F": 2.869342493970308,
                "c": 26.364932868092204
            }
        },
        {
            "weight": 0.24678570588176924,
            "model_name": "Linear",
            "parameters": {
                "intercept": 220.33180832038764,
                "time_start": 56.001449358520865,
                "time_length": 1.4204995258822706,
                "slope": -6.2748181875638265
            }
        }
    ]
}