{
    "core_models": [
        {
            "parameters": {
                "time_length": 30.114365407921213,
                "intercept": 298.0,
                "slope": -7.925682562861041,
                "time_start": 283.9998151659517
            },
            "model_name": "Linear",
            "weight": 0.8848006891437311
        },
        {
            "parameters": {
                "F": 12.777406861128043,
                "t1": 182.4742925064853,
                "T": 24.99201677234437
            },
            "model_name": "FallCooling",
            "weight": 0.11519931085626788
        }
    ],
    "model_name": "WeightedEnsemble"
}