{
    "model_name": "ThermalTime",
    "parameters": {
        "F": 152.33469922682616,
        "T": 24.096387554118408,
        "t1": 41.198780499903705
    }
}