{
    "core_models": [
        {
            "weight": 0.20497495754041292,
            "model_name": "Alternating",
            "parameters": {
                "c": -0.0006576446983674877,
                "threshold": 5,
                "a": 182.35745322236374,
                "t1": 1,
                "b": 1945.9049742824589
            }
        },
        {
            "weight": 0.3148659426607942,
            "model_name": "ThermalTime",
            "parameters": {
                "F": 192.32952292769812,
                "t1": 78.41093881943718,
                "T": 23.945822262837023
            }
        },
        {
            "weight": 0.15874896021799317,
            "model_name": "Uniforc",
            "parameters": {
                "c": 9.897962476736044,
                "b": -12.564843453447548,
                "t1": -3.7430704025130694,
                "F": 117.70811785414742
            }
        },
        {
            "weight": 0.3214101395807998,
            "model_name": "Linear",
            "parameters": {
                "intercept": 207.1741835588534,
                "time_length": 1.3384901943298217,
                "time_start": 42.42775030100971,
                "slope": -5.194478284823659
            }
        }
    ],
    "model_name": "WeightedEnsemble"
}