{
    "model_name": "WeightedEnsemble",
    "core_models": [
        {
            "parameters": {
                "a": 863.1453782706127,
                "t1": 1,
                "threshold": 5,
                "b": 1233.0285961769027,
                "c": -0.00045868491292999636
            },
            "model_name": "Alternating",
            "weight": 0.12178451343062294
        },
        {
            "parameters": {
                "F": 685.9819814949346,
                "T": 14.12676214887465,
                "t1": 97.7361654740314
            },
            "model_name": "ThermalTime",
            "weight": 0.16330271191420534
        },
        {
            "parameters": {
                "F": 122.68738478024845,
                "t1": -6.729717999158865,
                "b": -12.326096927915824,
                "c": 9.889034062058277
            },
            "model_name": "Uniforc",
            "weight": 0.10700684790894746
        },
        {
            "parameters": {
                "slope": -8.140642480920086,
                "spring_length": 1.458297605750488,
                "spring_start": 13.073785434490608,
                "intercept": 210.59516553213655
            },
            "model_name": "Linear",
            "weight": 0.6079059267462246
        }
    ]
}