{
    "model_name": "WeightedEnsemble",
    "core_models": [
        {
            "weight": 0.1072312411980158,
            "model_name": "Alternating",
            "parameters": {
                "b": 2502.3324818379688,
                "t1": 1,
                "a": 360.6736439250553,
                "threshold": 5,
                "c": -0.09335764414364967
            }
        },
        {
            "weight": 0.21416263411776068,
            "model_name": "ThermalTime",
            "parameters": {
                "T": 3.4081698823439197,
                "t1": 24.630463254638215,
                "F": 390.6730963648449
            }
        },
        {
            "weight": 0.2144781917634201,
            "model_name": "Uniforc",
            "parameters": {
                "b": -18.81474173967238,
                "t1": 30.72377099889549,
                "F": 26.02054877206382,
                "c": 7.6795375613517685
            }
        },
        {
            "weight": 0.4641279329208032,
            "model_name": "Linear",
            "parameters": {
                "slope": -5.01931405421549,
                "time_length": 1.3431822497993622,
                "intercept": 132.4768936530399,
                "time_start": 31.29940382676794
            }
        }
    ]
}