{
    "model_name": "WeightedEnsemble",
    "core_models": [
        {
            "model_name": "Alternating",
            "weight": 0.20539646034571044,
            "parameters": {
                "b": 4342.995764750987,
                "t1": 1,
                "threshold": 5,
                "c": -1.4754025585260528,
                "a": 554.2620876402053
            }
        },
        {
            "model_name": "ThermalTime",
            "weight": 0.1982822395202365,
            "parameters": {
                "T": 17.872949790012182,
                "t1": 69.83758553411934,
                "F": 40.845168652245036
            }
        },
        {
            "model_name": "Uniforc",
            "weight": 0.1601849839871484,
            "parameters": {
                "t1": -3.823776258464264,
                "b": -18.902118641636665,
                "F": 2.8145133427644993,
                "c": 17.790677300638624
            }
        },
        {
            "model_name": "Linear",
            "weight": 0.43613631614690473,
            "parameters": {
                "time_length": 1.8521987500488564,
                "slope": -4.9511707326925185,
                "intercept": 129.673140244366,
                "time_start": -14.239681626035164
            }
        }
    ]
}