{
    "model_name": "ThermalTime",
    "parameters": {
        "F": 65.97566171173622,
        "T": 14.126101424139314,
        "t1": 83.87544980152845
    }
}