{
    "core_models": [
        {
            "weight": 0.2782427516501521,
            "parameters": {
                "t1": 1,
                "b": 1168.0495892041647,
                "a": 110.57115226325065,
                "threshold": 5,
                "c": -0.030088236716740546
            },
            "model_name": "Alternating"
        },
        {
            "weight": 0.13849709717553918,
            "parameters": {
                "t1": 46.08120998766182,
                "F": 311.3259279870705,
                "T": 3.975857564519114
            },
            "model_name": "ThermalTime"
        },
        {
            "weight": 0.2824294111436369,
            "parameters": {
                "t1": 29.644412316295472,
                "F": 25.15465955609214,
                "b": -18.249857783103625,
                "c": 7.89345214623266
            },
            "model_name": "Uniforc"
        },
        {
            "weight": 0.30083074003067184,
            "parameters": {
                "intercept": 105.64596113455697,
                "time_length": 27.56969751658191,
                "time_start": 46.14645467853741,
                "slope": -2.434768683082234
            },
            "model_name": "Linear"
        }
    ],
    "model_name": "WeightedEnsemble"
}