{
    "model_name": "WeightedEnsemble",
    "core_models": [
        {
            "model_name": "Alternating",
            "parameters": {
                "b": 1405.9351225721512,
                "threshold": 5,
                "c": -0.10175243542334034,
                "a": 509.9801220149589,
                "t1": 1
            },
            "weight": 0.1125044516994687
        },
        {
            "model_name": "ThermalTime",
            "parameters": {
                "T": 3.720374122726472,
                "F": 474.985898819548,
                "t1": 22.947200387922976
            },
            "weight": 0.2180205553425743
        },
        {
            "model_name": "Uniforc",
            "parameters": {
                "b": -11.710505653216892,
                "F": 46.37824550580976,
                "c": 3.7782767503721892,
                "t1": 23.187854912585223
            },
            "weight": 0.24175244099940665
        },
        {
            "model_name": "Linear",
            "parameters": {
                "slope": -3.4232348380481383,
                "spring_start": 51.48140313191696,
                "intercept": 119.77949298622072,
                "spring_length": 4.528360215646977
            },
            "weight": 0.4277225519585504
        }
    ]
}