{
    "model_name": "ThermalTime",
    "parameters": {
        "F": 17.954129631907218,
        "T": 16.533192539027397,
        "t1": 74.25561864548159
    }
}