{
    "model_name": "WeightedEnsemble",
    "core_models": [
        {
            "model_name": "Alternating",
            "parameters": {
                "b": 1031.5289971503666,
                "threshold": 5,
                "c": -0.8278365628129414,
                "a": 557.6367366840162,
                "t1": 1
            },
            "weight": 0.04343397646739066
        },
        {
            "model_name": "ThermalTime",
            "parameters": {
                "T": 16.709674617108984,
                "F": 18.425323205216728,
                "t1": 72.78334511727769
            },
            "weight": 0.40788948373148654
        },
        {
            "model_name": "Uniforc",
            "parameters": {
                "b": -1.921917727308342,
                "F": 0.8972869716655509,
                "c": 17.468945203812847,
                "t1": 72.8200503010562
            },
            "weight": 0.4031949075451526
        },
        {
            "model_name": "Linear",
            "parameters": {
                "slope": -5.72771296240546,
                "spring_start": 30.053982050175932,
                "intercept": 146.7891783326519,
                "spring_length": 1.753548649798276
            },
            "weight": 0.14548163225597022
        }
    ]
}