{
    "core_models": [
        {
            "weight": 0.2972336706758312,
            "model_name": "Alternating",
            "parameters": {
                "threshold": 5,
                "a": 195.20705426302308,
                "b": 4944.524674066127,
                "c": -0.06076658068183072,
                "t1": 1
            }
        },
        {
            "weight": 0.14119723019533714,
            "model_name": "ThermalTime",
            "parameters": {
                "F": 289.0583302633504,
                "T": 5.982396213820662,
                "t1": 67.10278987908242
            }
        },
        {
            "weight": 0.16281332855891079,
            "model_name": "Uniforc",
            "parameters": {
                "F": 16.450162736941095,
                "b": -19.936010967787446,
                "c": 9.460462510432022,
                "t1": 67.60466535187619
            }
        },
        {
            "weight": 0.3987557705699213,
            "model_name": "Linear",
            "parameters": {
                "intercept": 134.94849210369168,
                "slope": -3.68062596233526,
                "time_length": 1.0856278834265964,
                "time_start": -8.260676835909528
            }
        }
    ],
    "model_name": "WeightedEnsemble"
}