{
    "core_models": [
        {
            "parameters": {
                "time_start": 299.5695044441782,
                "intercept": 249.36616739340303,
                "time_length": 83.86591582064383,
                "slope": 3.411834714408727
            },
            "weight": 0.6590005068669684,
            "model_name": "Linear"
        },
        {
            "parameters": {
                "t1": 242.47078889544292,
                "T": 17.521930495264513,
                "F": 73.94784691319899
            },
            "weight": 0.34099949313303113,
            "model_name": "FallCooling"
        }
    ],
    "model_name": "WeightedEnsemble"
}