{
    "core_models": [
        {
            "parameters": {
                "t1": 1,
                "b": 4562.265611811483,
                "a": 405.7695001807808,
                "c": -0.04721681428475222,
                "threshold": 5
            },
            "weight": 0.13941188519924758,
            "model_name": "Alternating"
        },
        {
            "parameters": {
                "t1": 89.92173590340063,
                "F": 210.62909532496076,
                "T": 13.136142069718392
            },
            "weight": 0.25866697646631454,
            "model_name": "ThermalTime"
        },
        {
            "parameters": {
                "t1": 62.77110725653335,
                "F": 52.155609930817725,
                "c": 3.5041521372682793,
                "b": -19.20049583826441
            },
            "weight": 0.17370641804559342,
            "model_name": "Uniforc"
        },
        {
            "parameters": {
                "time_length": 86.76812962801733,
                "intercept": 177.03947530293752,
                "time_start": 57.25987665426704,
                "slope": -5.0848485444229965
            },
            "weight": 0.4282147202888444,
            "model_name": "Linear"
        }
    ],
    "model_name": "WeightedEnsemble"
}