{
    "core_models": [
        {
            "parameters": {
                "b": 1186.3721670647576,
                "c": -0.062350032220232166,
                "a": 300.0356835792133,
                "threshold": 5,
                "t1": 1
            },
            "model_name": "Alternating",
            "weight": 0.12284426824286672
        },
        {
            "parameters": {
                "F": 140.3472258481434,
                "T": 4.454637951904294,
                "t1": 66.98773819415362
            },
            "model_name": "ThermalTime",
            "weight": 0.19132991975751198
        },
        {
            "parameters": {
                "c": -5.774775537330829,
                "F": 112.15719822680887,
                "b": -9.887731667334666,
                "t1": -34.833806800932365
            },
            "model_name": "Uniforc",
            "weight": 0.1282792460116066
        },
        {
            "parameters": {
                "spring_length": 7.547633572420615,
                "intercept": 64.75593183790735,
                "slope": 2.7387087224131355,
                "spring_start": 41.442361309222974
            },
            "model_name": "Linear",
            "weight": 0.557546565988015
        }
    ],
    "model_name": "WeightedEnsemble"
}