{
    "model_name": "WeightedEnsemble",
    "core_models": [
        {
            "parameters": {
                "threshold": 5,
                "t1": 1,
                "b": 1128.2625539705132,
                "c": -0.06704674570591207,
                "a": 345.8224850470468
            },
            "model_name": "Alternating",
            "weight": 0.14963546136569855
        },
        {
            "parameters": {
                "F": 73.03143190002453,
                "t1": 68.98234070699229,
                "T": 14.25029921973351
            },
            "model_name": "ThermalTime",
            "weight": 0.2098025467389417
        },
        {
            "parameters": {
                "F": 3.993373925990227,
                "t1": 68.44139142819252,
                "c": 14.397722123434287,
                "b": -4.325628091063615
            },
            "model_name": "Uniforc",
            "weight": 0.2041770376210762
        },
        {
            "parameters": {
                "slope": 3.2037277417274304,
                "time_length": 2.9291863319849867,
                "time_start": 44.90926441500055,
                "intercept": 59.51050927711779
            },
            "model_name": "Linear",
            "weight": 0.43638495427428325
        }
    ]
}