{
    "model_name": "WeightedEnsemble",
    "core_models": [
        {
            "weight": 0.4114498005239932,
            "model_name": "Alternating",
            "parameters": {
                "b": 4037.560267493838,
                "a": 611.4743081258836,
                "t1": 1,
                "threshold": 5,
                "c": -0.0519512597611298
            }
        },
        {
            "weight": 0.14290195529199692,
            "model_name": "ThermalTime",
            "parameters": {
                "t1": 55.4089800754521,
                "F": 719.2780123450779,
                "T": 3.036934525173496
            }
        },
        {
            "weight": 0.16488795308962925,
            "model_name": "Uniforc",
            "parameters": {
                "b": -14.059138123376712,
                "c": -7.338166703387833,
                "t1": 21.614300772482167,
                "F": 106.78020873598071
            }
        },
        {
            "weight": 0.28076029109438067,
            "model_name": "Linear",
            "parameters": {
                "time_length": 9.865464330834946,
                "slope": -2.868261785969641,
                "intercept": 136.6798708319442,
                "time_start": -2.7754527458567715
            }
        }
    ]
}