{
    "model_name": "ThermalTime",
    "parameters": {
        "F": 99.36990093281722,
        "T": 6.9906579701876925,
        "t1": 70.95174439023701
    }
}