{
    "model_name": "ThermalTime",
    "parameters": {
        "F": 142.52592876418504,
        "T": 18.969713582294844,
        "t1": 67.6096015399238
    }
}