{
    "core_models": [
        {
            "model_name": "Alternating",
            "parameters": {
                "a": 298.8279327886363,
                "b": 1372.7579373706617,
                "t1": 1,
                "c": -0.0663017809010471,
                "threshold": 5
            },
            "weight": 0.1961966886090448
        },
        {
            "model_name": "ThermalTime",
            "parameters": {
                "t1": 85.42105787049658,
                "T": 10.88173505324761,
                "F": 32.162690369520476
            },
            "weight": 0.3717339495124478
        },
        {
            "model_name": "Uniforc",
            "parameters": {
                "t1": 13.419694900011848,
                "b": -19.28742100690364,
                "c": -6.087059352372992,
                "F": 78.9187520984436
            },
            "weight": 0.20845571509222843
        },
        {
            "model_name": "Linear",
            "parameters": {
                "time_length": 10.406487063185082,
                "intercept": 105.10232591997878,
                "slope": -1.8161354710369342,
                "time_start": 59.039393405553334
            },
            "weight": 0.22361364678627882
        }
    ],
    "model_name": "WeightedEnsemble"
}