{
    "model_name": "Uniforc",
    "parameters": {
        "F": 5.989030623569789,
        "b": -4.693756011866767,
        "c": 16.408146779791366,
        "t1": 73.78257974261777
    }
}