{
    "core_models": [
        {
            "parameters": {
                "c": -0.043393524755630075,
                "b": 1430.533236885329,
                "a": 208.5016278291949,
                "threshold": 5,
                "t1": 1
            },
            "model_name": "Alternating",
            "weight": 0.22869769531268247
        },
        {
            "parameters": {
                "F": 81.33244108076121,
                "t1": 82.2466977986195,
                "T": 7.057146307790063
            },
            "model_name": "ThermalTime",
            "weight": 0.21042164298995375
        },
        {
            "parameters": {
                "F": 73.17271058513168,
                "b": -4.249930788772631,
                "t1": 12.000188495271289,
                "c": -4.325550174021764
            },
            "model_name": "Uniforc",
            "weight": 0.23046938978649587
        },
        {
            "parameters": {
                "spring_start": 58.1691290585312,
                "slope": -1.9981568301343795,
                "spring_length": 9.04057795412075,
                "intercept": 101.00481211059207
            },
            "model_name": "Linear",
            "weight": 0.3304112719108677
        }
    ],
    "model_name": "WeightedEnsemble"
}