{
    "core_models": [
        {
            "parameters": {
                "a": 383.19034459942026,
                "t1": 1,
                "b": 3363.886773565681,
                "c": -0.03817145516672049,
                "threshold": 5
            },
            "weight": 0.13281433354342087,
            "model_name": "Alternating"
        },
        {
            "parameters": {
                "t1": 72.40518314316498,
                "F": 121.00868516391353,
                "T": 16.191079161551507
            },
            "weight": 0.38615037131606156,
            "model_name": "ThermalTime"
        },
        {
            "parameters": {
                "t1": 73.43030194626581,
                "F": 5.990308678840918,
                "c": 16.369354057162898,
                "b": -5.596862762289787
            },
            "weight": 0.3230511215415197,
            "model_name": "Uniforc"
        },
        {
            "parameters": {
                "slope": -6.719592559296103,
                "intercept": 197.8210158268771,
                "spring_length": 85.16498159219121,
                "spring_start": 59.5683672531943
            },
            "weight": 0.15798417359899788,
            "model_name": "Linear"
        }
    ],
    "model_name": "WeightedEnsemble"
}