{
    "model_name": "WeightedEnsemble",
    "core_models": [
        {
            "parameters": {
                "threshold": 5,
                "b": 1578.135687573276,
                "t1": 1,
                "a": 510.3317615071703,
                "c": -0.07921399073255042
            },
            "model_name": "Alternating",
            "weight": 0.2678147377726237
        },
        {
            "parameters": {
                "T": 18.054344464065057,
                "t1": 79.14360606568631,
                "F": 46.24593252832722
            },
            "model_name": "ThermalTime",
            "weight": 0.2992309613406858
        },
        {
            "parameters": {
                "F": 2.9080515863429923,
                "t1": 84.00337338537436,
                "c": 17.46410639034963,
                "b": -0.42039173932161766
            },
            "model_name": "Uniforc",
            "weight": 0.20305865421840494
        },
        {
            "parameters": {
                "time_length": 9.338541091362536,
                "time_start": 59.487099900289394,
                "slope": -2.120054308557262,
                "intercept": 120.20320082895209
            },
            "model_name": "Linear",
            "weight": 0.22989564666828566
        }
    ]
}