{
    "model_name": "WeightedEnsemble",
    "core_models": [
        {
            "weight": 0.665974883107319,
            "model_name": "Linear",
            "parameters": {
                "time_start": 217.13109200839037,
                "intercept": 230.4546529111744,
                "time_length": 10.025485265158792,
                "slope": 2.367662989381557
            }
        },
        {
            "weight": 0.3340251168926807,
            "model_name": "FallCooling",
            "parameters": {
                "F": 12.259442045316177,
                "t1": 288.57167063877984,
                "T": 24.63007699420664
            }
        }
    ]
}