{
    "core_models": [
        {
            "model_name": "Alternating",
            "parameters": {
                "t1": 1,
                "a": 529.8378883533093,
                "c": -0.18350510126380382,
                "b": 1745.413777056699,
                "threshold": 5
            },
            "weight": 0.24057977760284185
        },
        {
            "model_name": "ThermalTime",
            "parameters": {
                "t1": 75.12186864748475,
                "T": 16.93386663284025,
                "F": 40.922211032641144
            },
            "weight": 0.26695964437085706
        },
        {
            "model_name": "Uniforc",
            "parameters": {
                "t1": 75.42846589364265,
                "c": 17.08554615548351,
                "F": 2.0137832576866685,
                "b": -9.08878566428468
            },
            "weight": 0.29342015541037986
        },
        {
            "model_name": "Linear",
            "parameters": {
                "slope": -2.8037144336343744,
                "intercept": 126.75167690320484,
                "time_start": 59.602777072712115,
                "time_length": 68.93962024735232
            },
            "weight": 0.1990404226159212
        }
    ],
    "model_name": "WeightedEnsemble"
}