{
    "model_name": "WeightedEnsemble",
    "core_models": [
        {
            "model_name": "Alternating",
            "weight": 0.21002201968598583,
            "parameters": {
                "a": 498.0240260747977,
                "threshold": 5,
                "c": -0.05256875761725288,
                "b": 1424.1229376080892,
                "t1": 1
            }
        },
        {
            "model_name": "ThermalTime",
            "weight": 0.13984463676186004,
            "parameters": {
                "T": 19.027642345656222,
                "t1": 67.58828609632742,
                "F": 142.1588422506079
            }
        },
        {
            "model_name": "Uniforc",
            "weight": 0.2648953867475837,
            "parameters": {
                "F": 6.003658858756324,
                "c": 18.935077123219124,
                "b": -18.426517748157256,
                "t1": 67.00318378408517
            }
        },
        {
            "model_name": "Linear",
            "weight": 0.3852379568045704,
            "parameters": {
                "slope": 2.351427850860688,
                "spring_start": 19.32789441151848,
                "spring_length": 1.347929121052779,
                "intercept": 89.25964370022484
            }
        }
    ]
}