{
    "model_name": "WeightedEnsemble",
    "core_models": [
        {
            "model_name": "Alternating",
            "parameters": {
                "c": -0.05114273298576988,
                "a": 490.0708833062679,
                "t1": 1,
                "b": 1389.2577858812738,
                "threshold": 5
            },
            "weight": 0.2526717194596088
        },
        {
            "model_name": "ThermalTime",
            "parameters": {
                "T": 19.039924694283737,
                "t1": 68.8169382326373,
                "F": 142.5953870745097
            },
            "weight": 0.30648258997115907
        },
        {
            "model_name": "Uniforc",
            "parameters": {
                "c": 1.1350503489301333,
                "t1": 60.72398373875928,
                "F": 43.88533402957003,
                "b": -7.808044365054103
            },
            "weight": 0.24153422294763405
        },
        {
            "model_name": "Linear",
            "parameters": {
                "time_length": 1.2558656039388651,
                "time_start": 20.608735160464672,
                "slope": 2.3535749002101425,
                "intercept": 89.37481808644498
            },
            "weight": 0.19931146762159815
        }
    ]
}