{
    "model_name": "WeightedEnsemble",
    "core_models": [
        {
            "parameters": {
                "intercept": 84.94540389247746,
                "time_length": 10.539727232989222,
                "slope": 8.105544225388744,
                "time_start": 199.9366753577263
            },
            "model_name": "Linear",
            "weight": 0.4074627262114883
        },
        {
            "parameters": {
                "F": 8.455152002289822,
                "T": 10.355412716965533,
                "t1": 224.314413046202
            },
            "model_name": "FallCooling",
            "weight": 0.5925372737885115
        }
    ]
}