{
    "model_name": "Uniforc",
    "parameters": {
        "F": 74.09772415820176,
        "b": -1.1087899274334845,
        "c": -3.9272929935770753,
        "t1": 10.913036773196962
    }
}