{
    "model_name": "WeightedEnsemble",
    "core_models": [
        {
            "weight": 0.16600106428691666,
            "model_name": "Alternating",
            "parameters": {
                "b": 820.5693995796282,
                "t1": 1,
                "threshold": 5,
                "c": -0.048869648564318524,
                "a": 345.71361429441373
            }
        },
        {
            "weight": 0.27091296318934394,
            "model_name": "ThermalTime",
            "parameters": {
                "t1": 37.84033560021098,
                "T": 3.930118942595495,
                "F": 362.84730315541617
            }
        },
        {
            "weight": 0.2821994789457284,
            "model_name": "Uniforc",
            "parameters": {
                "b": -19.104957177153278,
                "t1": 37.8351821471818,
                "F": 34.22634016382911,
                "c": 4.075260806045544
            }
        },
        {
            "weight": 0.28088649357801077,
            "model_name": "Linear",
            "parameters": {
                "time_start": 15.532455913907254,
                "slope": -3.1770306427279875,
                "intercept": 101.75260018828763,
                "time_length": 4.154412942935238
            }
        }
    ]
}