{
    "core_models": [
        {
            "model_name": "Alternating",
            "parameters": {
                "b": 4591.416150705435,
                "threshold": 5,
                "t1": 1,
                "a": 765.5966161698216,
                "c": -2.1606893422549844
            },
            "weight": 0.2579103629702281
        },
        {
            "model_name": "ThermalTime",
            "parameters": {
                "T": -24.9852678820624,
                "F": 698.0364505641176,
                "t1": 1.876574242417405
            },
            "weight": 0.26701229502803014
        },
        {
            "model_name": "Uniforc",
            "parameters": {
                "b": -18.659532180981728,
                "F": 130.97243159738957,
                "t1": -37.12802479494337,
                "c": -0.6334207284337312
            },
            "weight": 0.3667317589537472
        },
        {
            "model_name": "Linear",
            "parameters": {
                "time_length": 1.9146661809092365,
                "time_start": 2.2197598247620807,
                "intercept": 128.55196095392148,
                "slope": -13.243255205449172
            },
            "weight": 0.10834558304799462
        }
    ],
    "model_name": "WeightedEnsemble"
}