{
    "model_name": "WeightedEnsemble",
    "core_models": [
        {
            "weight": 0.13648409678387843,
            "model_name": "Alternating",
            "parameters": {
                "a": 223.4358342207463,
                "c": -0.024692155644045588,
                "b": 687.6916051116089,
                "threshold": 5,
                "t1": 1
            }
        },
        {
            "weight": 0.35858342366995444,
            "model_name": "ThermalTime",
            "parameters": {
                "T": 4.607900572046924,
                "F": 310.6676910856481,
                "t1": 50.50935484415034
            }
        },
        {
            "weight": 0.1776538632839084,
            "model_name": "Uniforc",
            "parameters": {
                "c": 8.293414458594006,
                "b": -12.144316388445722,
                "F": 9.198600944076205,
                "t1": 75.08877210251663
            }
        },
        {
            "weight": 0.3272786162622586,
            "model_name": "Linear",
            "parameters": {
                "intercept": 101.19887002923895,
                "slope": -3.4559074057177654,
                "spring_length": 34.555792298676366,
                "spring_start": -7.165883142950598
            }
        }
    ]
}