{
    "model_name": "WeightedEnsemble",
    "core_models": [
        {
            "model_name": "Alternating",
            "weight": 0.17485719298739127,
            "parameters": {
                "a": 236.3061656630039,
                "t1": 1,
                "b": 625.1000822079068,
                "c": -0.01879254049786816,
                "threshold": 5
            }
        },
        {
            "model_name": "ThermalTime",
            "weight": 0.40220876111521237,
            "parameters": {
                "t1": 49.917654700791275,
                "F": 361.3008862642406,
                "T": 4.030737718460214
            }
        },
        {
            "model_name": "Uniforc",
            "weight": 0.1548917552610225,
            "parameters": {
                "t1": 37.021530994345895,
                "b": -11.902478344816597,
                "F": 37.67470090461531,
                "c": 3.9941102960220243
            }
        },
        {
            "model_name": "Linear",
            "weight": 0.268042290636374,
            "parameters": {
                "time_start": 16.166209203290936,
                "slope": -2.1904242446846385,
                "intercept": 105.27753124263917,
                "time_length": 1.387870921731654
            }
        }
    ]
}