{
    "model_name": "ThermalTime",
    "parameters": {
        "F": 715.0956380763988,
        "T": -23.873216338873878,
        "t1": -0.4462179450716377
    }
}