{
    "model_name": "WeightedEnsemble",
    "core_models": [
        {
            "weight": 0.23305106010151047,
            "model_name": "Alternating",
            "parameters": {
                "b": 4400.228702111535,
                "a": 876.8163842349342,
                "t1": 1,
                "threshold": 5,
                "c": -1.0338166472788768
            }
        },
        {
            "weight": 0.12169049071075617,
            "model_name": "ThermalTime",
            "parameters": {
                "F": 741.176489588851,
                "T": -16.362328495006178,
                "t1": 1.3600064375406618
            }
        },
        {
            "weight": 0.22256629464093863,
            "model_name": "Uniforc",
            "parameters": {
                "F": 135.8178541022009,
                "b": -16.626339374274842,
                "t1": -38.62595470494253,
                "c": -0.6286090868329486
            }
        },
        {
            "weight": 0.4226921545467947,
            "model_name": "Linear",
            "parameters": {
                "spring_length": 1.5599447468741872,
                "spring_start": 54.55486267347574,
                "slope": -18.692347114496915,
                "intercept": 210.06110808719467
            }
        }
    ]
}