{
    "model_name": "ThermalTime",
    "parameters": {
        "F": 108.45910897485857,
        "T": 9.467241568917784,
        "t1": 74.69261845273154
    }
}