{
    "core_models": [
        {
            "weight": 0.42733853469822525,
            "parameters": {
                "time_length": 14.04552417709752,
                "time_start": 239.16301454281623,
                "intercept": -39.57707489280231,
                "slope": 12.571980256375655
            },
            "model_name": "Linear"
        },
        {
            "weight": 0.5726614653017745,
            "parameters": {
                "F": 3.6608633787073472,
                "T": 12.470546614202055,
                "t1": 244.34591353920862
            },
            "model_name": "FallCooling"
        }
    ],
    "model_name": "WeightedEnsemble"
}