{
    "model_name": "ThermalTime",
    "parameters": {
        "F": 573.8861830935106,
        "T": 4.1020664961917745,
        "t1": 34.104531632471364
    }
}