{
    "model_name": "WeightedEnsemble",
    "core_models": [
        {
            "model_name": "Alternating",
            "parameters": {
                "t1": 1,
                "c": -2.9884371610564138,
                "b": 3362.201558609586,
                "threshold": 5,
                "a": 799.7500439316278
            },
            "weight": 0.26503582870431885
        },
        {
            "model_name": "ThermalTime",
            "parameters": {
                "T": -0.349422279541331,
                "t1": 40.164665441212506,
                "F": 612.4558848031853
            },
            "weight": 0.14645730865750245
        },
        {
            "model_name": "Uniforc",
            "parameters": {
                "c": 5.854757470736227,
                "t1": 7.658616626342678,
                "F": 50.231421947107165,
                "b": -0.0765308102892277
            },
            "weight": 0.2522573967048783
        },
        {
            "model_name": "Linear",
            "parameters": {
                "intercept": 113.82468308094543,
                "time_start": 7.765929828836551,
                "time_length": 22.734074586988946,
                "slope": -2.7087452646631065
            },
            "weight": 0.3362494659333005
        }
    ]
}