{
    "model_name": "WeightedEnsemble",
    "core_models": [
        {
            "model_name": "Alternating",
            "parameters": {
                "c": -0.013740166103115126,
                "t1": 1,
                "a": 956.315049114961,
                "b": 1795.2665318822164,
                "threshold": 5
            },
            "weight": 0.24786775597596997
        },
        {
            "model_name": "ThermalTime",
            "parameters": {
                "t1": 134.1031296146359,
                "F": 607.4664720685114,
                "T": 20.05057685609125
            },
            "weight": 0.30909750274977615
        },
        {
            "model_name": "Uniforc",
            "parameters": {
                "t1": 93.6117407780969,
                "c": 13.244322310961154,
                "F": 61.99275265198021,
                "b": -16.56700267412993
            },
            "weight": 0.2915450495992691
        },
        {
            "model_name": "Linear",
            "parameters": {
                "time_start": 19.6151152230768,
                "time_length": 1.0872718761859659,
                "intercept": 174.28291925335648,
                "slope": -1.4478039433201224
            },
            "weight": 0.1514896916749847
        }
    ]
}