{
    "model_name": "WeightedEnsemble",
    "core_models": [
        {
            "model_name": "Alternating",
            "parameters": {
                "t1": 1,
                "b": 1733.4851613144,
                "threshold": 5,
                "c": -0.004403669877510286,
                "a": -743.7252737593441
            },
            "weight": 0.2770808811993881
        },
        {
            "model_name": "ThermalTime",
            "parameters": {
                "T": 5.021617122006955,
                "t1": 35.6394186521195,
                "F": 592.6884142561554
            },
            "weight": 0.16722067302404492
        },
        {
            "model_name": "Uniforc",
            "parameters": {
                "t1": 17.199232100195673,
                "b": -0.08110708481156692,
                "c": 22.861861047036413,
                "F": 20.111930593593158
            },
            "weight": 0.18288831068888328
        },
        {
            "model_name": "Linear",
            "parameters": {
                "slope": -3.9528756664084894,
                "spring_length": 119.60193711100683,
                "intercept": 146.98378018826176,
                "spring_start": 23.925916720355623
            },
            "weight": 0.37281013508768346
        }
    ]
}