{
    "core_models": [
        {
            "weight": 0.17049351186113143,
            "model_name": "Alternating",
            "parameters": {
                "a": 958.1617304977872,
                "c": -0.013320338781665164,
                "threshold": 5,
                "t1": 1,
                "b": 1783.8641068600791
            }
        },
        {
            "weight": 0.24673091417104281,
            "model_name": "ThermalTime",
            "parameters": {
                "F": 612.0245895604386,
                "T": 20.050979861189166,
                "t1": 134.8778076762045
            }
        },
        {
            "weight": 0.2823707083164784,
            "model_name": "Uniforc",
            "parameters": {
                "F": 143.99078703140896,
                "b": -2.878489046519137,
                "c": -2.6052325400950425,
                "t1": 17.03688084589706
            }
        },
        {
            "weight": 0.30040486565134733,
            "model_name": "Linear",
            "parameters": {
                "slope": -1.447488422888199,
                "spring_start": 18.580143063217225,
                "spring_length": 1.2574022823709043,
                "intercept": 174.28324121200492
            }
        }
    ],
    "model_name": "WeightedEnsemble"
}