{
    "model_name": "Alternating",
    "parameters": {
        "a": 983.7902834785243,
        "b": 1828.5077221308136,
        "c": -0.014783044019537341,
        "t1": 1.0,
        "threshold": 5.0
    }
}