{
    "core_models": [
        {
            "parameters": {
                "a": -414.11445028228087,
                "c": -0.005855199778784126,
                "b": 1388.9730177887845,
                "t1": 1,
                "threshold": 5
            },
            "model_name": "Alternating",
            "weight": 0.41313533218360055
        },
        {
            "parameters": {
                "F": 571.9287754062716,
                "t1": 35.44302708275215,
                "T": 4.0387849310416115
            },
            "model_name": "ThermalTime",
            "weight": 0.1727038019065544
        },
        {
            "parameters": {
                "c": 20.475568935289445,
                "F": 23.652854195868727,
                "t1": 17.182113309589568,
                "b": -0.07943691356461713
            },
            "model_name": "Uniforc",
            "weight": 0.15409236678816038
        },
        {
            "parameters": {
                "time_start": 24.978848798627254,
                "intercept": 146.99974912070465,
                "time_length": 119.1677372929036,
                "slope": -3.951655814212034
            },
            "model_name": "Linear",
            "weight": 0.26006849912168445
        }
    ],
    "model_name": "WeightedEnsemble"
}