{
    "model_name": "WeightedEnsemble",
    "core_models": [
        {
            "model_name": "Alternating",
            "parameters": {
                "a": 938.2360564139523,
                "c": -0.012917969082777425,
                "t1": 1,
                "threshold": 5,
                "b": 1849.7531573909782
            },
            "weight": 0.28214948930184913
        },
        {
            "model_name": "ThermalTime",
            "parameters": {
                "T": 20.05292769369902,
                "F": 630.353130207799,
                "t1": 133.28354687472063
            },
            "weight": 0.33887272388830303
        },
        {
            "model_name": "Uniforc",
            "parameters": {
                "F": 36.04723796500179,
                "t1": 97.22139740805184,
                "c": 19.68792707667616,
                "b": -0.1975188758784583
            },
            "weight": 0.21159551013399125
        },
        {
            "model_name": "Linear",
            "parameters": {
                "time_start": 19.40689630394666,
                "intercept": 175.31838637099725,
                "time_length": 1.351930265345942,
                "slope": -1.3947502409372203
            },
            "weight": 0.16738227667585653
        }
    ]
}