{
    "model_name": "Alternating",
    "parameters": {
        "a": 358.65901338579056,
        "b": 1098.1519603177808,
        "c": -0.07258932813119623,
        "t1": 1.0,
        "threshold": 5.0
    }
}