{
    "model_name": "WeightedEnsemble",
    "core_models": [
        {
            "model_name": "Alternating",
            "weight": 0.4872850689181304,
            "parameters": {
                "b": 2218.1467828252257,
                "c": -0.1790716887696875,
                "a": 422.5652599174043,
                "threshold": 5,
                "t1": 1
            }
        },
        {
            "model_name": "ThermalTime",
            "weight": 0.13722038375323659,
            "parameters": {
                "T": -11.296982550704882,
                "F": 274.9797719013112,
                "t1": 57.78556578796592
            }
        },
        {
            "model_name": "Uniforc",
            "weight": 0.15089720718382355,
            "parameters": {
                "b": -5.056219537941109,
                "c": 5.795576371157585,
                "F": 26.00830217145223,
                "t1": 48.20165096468264
            }
        },
        {
            "model_name": "Linear",
            "weight": 0.22459734014480973,
            "parameters": {
                "intercept": 156.14238035696133,
                "slope": -4.022299970815924,
                "spring_start": 59.40700555550984,
                "spring_length": 119.89208617390989
            }
        }
    ]
}