{
    "core_models": [
        {
            "parameters": {
                "threshold": 5,
                "b": 2163.7172881475044,
                "c": -3.2800182683559944,
                "t1": 1,
                "a": 573.9312160085428
            },
            "weight": 0.22441002131830456,
            "model_name": "Alternating"
        },
        {
            "parameters": {
                "T": -20.985445109980517,
                "F": 421.6776952980435,
                "t1": 42.68655242144524
            },
            "weight": 0.21900294560168174,
            "model_name": "ThermalTime"
        },
        {
            "parameters": {
                "b": -6.442955775032482,
                "F": 66.3330174514467,
                "t1": 14.69722850038147,
                "c": 0.14417427792499105
            },
            "weight": 0.22200704197511253,
            "model_name": "Uniforc"
        },
        {
            "parameters": {
                "time_length": 68.83045173998696,
                "intercept": 132.1431149564954,
                "time_start": 36.70255431932639,
                "slope": -3.9868404748670785
            },
            "weight": 0.33457999110490133,
            "model_name": "Linear"
        }
    ],
    "model_name": "WeightedEnsemble"
}