{
    "core_models": [
        {
            "weight": 0.4594125195440577,
            "parameters": {
                "threshold": 5,
                "a": 409.1550378176847,
                "c": -0.16904662043809537,
                "b": 2148.394642250106,
                "t1": 1
            },
            "model_name": "Alternating"
        },
        {
            "weight": 0.14701669073937426,
            "parameters": {
                "t1": 74.05971947445043,
                "F": 81.4820250745783,
                "T": 11.878906276238887
            },
            "model_name": "ThermalTime"
        },
        {
            "weight": 0.12847586231976807,
            "parameters": {
                "t1": 50.67626818583551,
                "F": 23.185016255324925,
                "b": -3.4604134038323586,
                "c": 6.14150483909307
            },
            "model_name": "Uniforc"
        },
        {
            "weight": 0.2650949273967996,
            "parameters": {
                "slope": -3.978185442173193,
                "intercept": 155.98564243968625,
                "time_start": 59.85186423222662,
                "time_length": 119.75286451871264
            },
            "model_name": "Linear"
        }
    ],
    "model_name": "WeightedEnsemble"
}