{
    "core_models": [
        {
            "weight": 0.5367091022699748,
            "model_name": "Linear",
            "parameters": {
                "time_start": 277.882287295808,
                "slope": -3.1980471053270065,
                "time_length": 19.265736705013097,
                "intercept": 298.0
            }
        },
        {
            "weight": 0.463290897730025,
            "model_name": "FallCooling",
            "parameters": {
                "T": 24.352123121197817,
                "t1": 245.5528121846895,
                "F": 16.426045751065715
            }
        }
    ],
    "model_name": "WeightedEnsemble"
}