{
    "core_models": [
        {
            "model_name": "Alternating",
            "parameters": {
                "t1": 1,
                "a": 568.9337138707522,
                "c": -3.6895930533401784,
                "threshold": 5,
                "b": 2004.7144410247663
            },
            "weight": 0.269030753356399
        },
        {
            "model_name": "ThermalTime",
            "parameters": {
                "t1": 40.29420906436805,
                "T": -21.43750937367986,
                "F": 447.8438326303417
            },
            "weight": 0.11779069281051593
        },
        {
            "model_name": "Uniforc",
            "parameters": {
                "t1": -3.4314442026064143,
                "b": -16.642024748912903,
                "F": 77.59794941301132,
                "c": -0.09488590258238117
            },
            "weight": 0.17827379016599984
        },
        {
            "model_name": "Linear",
            "parameters": {
                "slope": -3.8714750446360044,
                "spring_start": 43.05785341036738,
                "spring_length": 25.228903604690196,
                "intercept": 120.00170396277004
            },
            "weight": 0.4349047636670852
        }
    ],
    "model_name": "WeightedEnsemble"
}