{
    "core_models": [
        {
            "parameters": {
                "b": 2739.232537533262,
                "t1": 1,
                "c": -1.0694480351271012,
                "a": 563.3213368311108,
                "threshold": 5
            },
            "weight": 0.46124808520021404,
            "model_name": "Alternating"
        },
        {
            "parameters": {
                "t1": 57.05359794398609,
                "F": 392.75407620738224,
                "T": -24.429788181604177
            },
            "weight": 0.15476766936454192,
            "model_name": "ThermalTime"
        },
        {
            "parameters": {
                "b": -11.193099506864064,
                "t1": 7.4669359770503405,
                "c": -3.152463097038688,
                "F": 81.27155020972656
            },
            "weight": 0.14339745597501552,
            "model_name": "Uniforc"
        },
        {
            "parameters": {
                "intercept": 172.33307948810844,
                "slope": -4.513338287976195,
                "time_start": 57.65494433517323,
                "time_length": 117.9069631496908
            },
            "weight": 0.24058678946022824,
            "model_name": "Linear"
        }
    ],
    "model_name": "WeightedEnsemble"
}