{
    "model_name": "WeightedEnsemble",
    "core_models": [
        {
            "weight": 0.41366927806290316,
            "model_name": "Alternating",
            "parameters": {
                "b": 2155.0967292425466,
                "a": 406.72435783414085,
                "threshold": 5,
                "t1": 1,
                "c": -0.15119481176939997
            }
        },
        {
            "weight": 0.17699686298824993,
            "model_name": "ThermalTime",
            "parameters": {
                "F": 201.3230257924689,
                "t1": 66.52891638736233,
                "T": 8.200305844357253
            }
        },
        {
            "weight": 0.10584445107658792,
            "model_name": "Uniforc",
            "parameters": {
                "F": 20.02978896270264,
                "t1": 59.905078429096974,
                "c": 7.398973313258017,
                "b": -2.8811818302685177
            }
        },
        {
            "weight": 0.30348940787225875,
            "model_name": "Linear",
            "parameters": {
                "time_start": 59.55065869480576,
                "intercept": 156.82924449928765,
                "slope": -3.85929701793343,
                "time_length": 119.7434910633142
            }
        }
    ]
}