{
    "model_name": "ThermalTime",
    "parameters": {
        "F": 421.04638407269516,
        "T": -18.882951342327782,
        "t1": 41.73604970660085
    }
}