{
    "model_name": "WeightedEnsemble",
    "core_models": [
        {
            "model_name": "Linear",
            "weight": 0.8988075500366018,
            "parameters": {
                "slope": -4.975319698154198,
                "intercept": 197.03818164440827,
                "time_start": 253.64521598845465,
                "time_length": 12.477960021437234
            }
        },
        {
            "model_name": "FallCooling",
            "weight": 0.10119244996339719,
            "parameters": {
                "F": 11.305533554796739,
                "T": 24.457921626312988,
                "t1": 182.88642673414233
            }
        }
    ]
}