{
    "core_models": [
        {
            "parameters": {
                "a": -45.965522783109506,
                "threshold": 5,
                "t1": 1,
                "c": -0.023059798473759496,
                "b": 3624.7407440624165
            },
            "weight": 0.19692195352554281,
            "model_name": "Alternating"
        },
        {
            "parameters": {
                "t1": 123.07640683286942,
                "T": 9.715719413672137,
                "F": 83.00664865168625
            },
            "weight": 0.2193683759776275,
            "model_name": "ThermalTime"
        },
        {
            "parameters": {
                "b": -18.953413679031495,
                "t1": 17.409546151468092,
                "c": -18.26968568495726,
                "F": 107.11469639328416
            },
            "weight": 0.1307849288257114,
            "model_name": "Uniforc"
        },
        {
            "parameters": {
                "time_start": -26.2393688293646,
                "time_length": 1.6679499021429862,
                "slope": -2.899446636225264,
                "intercept": 104.93125523940846
            },
            "weight": 0.4529247416711178,
            "model_name": "Linear"
        }
    ],
    "model_name": "WeightedEnsemble"
}