{
    "model_name": "Uniforc",
    "parameters": {
        "F": 9.614315710434255,
        "b": -17.157254437719125,
        "c": 8.750439592123127,
        "t1": 79.30615174946345
    }
}