{
    "core_models": [
        {
            "parameters": {
                "t1": 1,
                "a": 219.6311575907939,
                "c": -0.06873244057589467,
                "threshold": 5,
                "b": 4156.824252313572
            },
            "model_name": "Alternating",
            "weight": 0.1338317656530801
        },
        {
            "parameters": {
                "t1": -55.20117872484013,
                "F": 214.0996531535344,
                "T": -5.3089827914239915
            },
            "model_name": "ThermalTime",
            "weight": 0.3680756936334579
        },
        {
            "parameters": {
                "t1": 79.35962748571782,
                "F": 9.647303580999804,
                "c": 8.75455374803038,
                "b": -13.004801046954721
            },
            "model_name": "Uniforc",
            "weight": 0.39722255471520757
        },
        {
            "parameters": {
                "spring_length": 62.95628109694001,
                "spring_start": 55.17066343560001,
                "intercept": 124.2858764215547,
                "slope": -3.8069752708190117
            },
            "model_name": "Linear",
            "weight": 0.10086998599825459
        }
    ],
    "model_name": "WeightedEnsemble"
}