{
    "core_models": [
        {
            "parameters": {
                "intercept": 131.8641465053893,
                "time_start": 289.1883286928004,
                "slope": -3.7546477516200576,
                "time_length": 38.695732027072864
            },
            "weight": 0.8981017329761045,
            "model_name": "Linear"
        },
        {
            "parameters": {
                "F": 12.501157483992415,
                "T": 24.266388262528228,
                "t1": 182.45305304092938
            },
            "weight": 0.10189826702389433,
            "model_name": "FallCooling"
        }
    ],
    "model_name": "WeightedEnsemble"
}