{
    "model_name": "WeightedEnsemble",
    "core_models": [
        {
            "model_name": "Alternating",
            "weight": 0.18088262839411923,
            "parameters": {
                "a": -27.978598836188695,
                "threshold": 5,
                "b": 3803.434948887006,
                "c": -0.024060082678548866,
                "t1": 1
            }
        },
        {
            "model_name": "ThermalTime",
            "weight": 0.20866044990363491,
            "parameters": {
                "F": 73.17336340443956,
                "T": 8.454628056188824,
                "t1": 123.65204461510916
            }
        },
        {
            "model_name": "Uniforc",
            "weight": 0.1692243580117755,
            "parameters": {
                "F": 6.309896109307985,
                "c": 9.747497637789682,
                "b": -13.91282489440633,
                "t1": 123.356811288522
            }
        },
        {
            "model_name": "Linear",
            "weight": 0.44123256369047037,
            "parameters": {
                "time_length": 13.090647285520419,
                "time_start": 40.56542152865569,
                "intercept": 105.23753323107528,
                "slope": -3.286277565842016
            }
        }
    ]
}