{
    "core_models": [
        {
            "parameters": {
                "a": 226.16045506507777,
                "b": 1490.7343275770409,
                "t1": 1,
                "threshold": 5,
                "c": -0.05826731934332674
            },
            "model_name": "Alternating",
            "weight": 0.10787265483088346
        },
        {
            "parameters": {
                "t1": 79.16489452075038,
                "F": 111.37057078361568,
                "T": 8.761630230887436
            },
            "model_name": "ThermalTime",
            "weight": 0.42153917787371703
        },
        {
            "parameters": {
                "b": -19.512722163227217,
                "t1": 81.15109847255258,
                "c": 8.657008114884734,
                "F": 8.941644293565545
            },
            "model_name": "Uniforc",
            "weight": 0.2936101255813194
        },
        {
            "parameters": {
                "intercept": 126.72020437281326,
                "time_start": 57.241270581061116,
                "slope": -3.683909324607486,
                "time_length": 64.24119672126699
            },
            "model_name": "Linear",
            "weight": 0.17697804171407988
        }
    ],
    "model_name": "WeightedEnsemble"
}