{
    "core_models": [
        {
            "weight": 0.15551034845783493,
            "parameters": {
                "b": 956.0311704354183,
                "a": 171.91173985997875,
                "c": -0.03339695570835577,
                "threshold": 5,
                "t1": 1
            },
            "model_name": "Alternating"
        },
        {
            "weight": 0.3859581715279299,
            "parameters": {
                "T": 8.777508415030422,
                "F": 111.47424402729587,
                "t1": 79.64947614568717
            },
            "model_name": "ThermalTime"
        },
        {
            "weight": 0.3122710469464163,
            "parameters": {
                "b": -4.682178694053292,
                "F": 12.79751450177642,
                "c": 8.194780899405686,
                "t1": -50.792387102013805
            },
            "model_name": "Uniforc"
        },
        {
            "weight": 0.14626043306781858,
            "parameters": {
                "time_start": 56.736555970290425,
                "intercept": 124.29390696163836,
                "time_length": 62.87738527845296,
                "slope": -3.8052182999232116
            },
            "model_name": "Linear"
        }
    ],
    "model_name": "WeightedEnsemble"
}