{
    "core_models": [
        {
            "parameters": {
                "threshold": 5,
                "a": -80.17928814867714,
                "c": -0.020937154705124694,
                "b": 3248.270003601091,
                "t1": 1
            },
            "model_name": "Alternating",
            "weight": 0.10552641089527422
        },
        {
            "parameters": {
                "F": 115.7926866300412,
                "T": 8.17899832611187,
                "t1": 122.6236849777042
            },
            "model_name": "ThermalTime",
            "weight": 0.2445612042293491
        },
        {
            "parameters": {
                "F": 108.20130990814847,
                "c": -18.304205945649954,
                "b": -16.070513764645312,
                "t1": 16.8495291009324
            },
            "model_name": "Uniforc",
            "weight": 0.17320733463223817
        },
        {
            "parameters": {
                "spring_length": 2.6391054840694395,
                "slope": -2.5028551554115355,
                "spring_start": 40.85667348265738,
                "intercept": 103.20083879083401
            },
            "model_name": "Linear",
            "weight": 0.4767050502431386
        }
    ],
    "model_name": "WeightedEnsemble"
}