{
    "model_name": "ThermalTime",
    "parameters": {
        "F": 115.16473877423313,
        "T": 8.168626447725552,
        "t1": 122.11917139793906
    }
}