{
    "core_models": [
        {
            "parameters": {
                "a": 815.1471090731209,
                "t1": 1,
                "b": 1037.7083386573968,
                "c": -0.008680305117097387,
                "threshold": 5
            },
            "weight": 0.0995689882707472,
            "model_name": "Alternating"
        },
        {
            "parameters": {
                "t1": 74.4522162501849,
                "F": 163.25963878977876,
                "T": 22.688264356561977
            },
            "weight": 0.22943372822477265,
            "model_name": "ThermalTime"
        },
        {
            "parameters": {
                "t1": 69.64953553915339,
                "F": 14.804202544745394,
                "c": 20.931236071953872,
                "b": -13.97354449039193
            },
            "weight": 0.19647224809128078,
            "model_name": "Uniforc"
        },
        {
            "parameters": {
                "slope": -6.198190494019878,
                "intercept": 180.15775276114516,
                "spring_length": 2.0681271637412024,
                "spring_start": 8.205280056146968
            },
            "weight": 0.4745250354131996,
            "model_name": "Linear"
        }
    ],
    "model_name": "WeightedEnsemble"
}