{
    "model_name": "WeightedEnsemble",
    "core_models": [
        {
            "parameters": {
                "a": 802.653507695465,
                "threshold": 5,
                "b": 1172.3897223327501,
                "c": -0.026338247323678843,
                "t1": 1
            },
            "model_name": "Alternating",
            "weight": 0.14699770601596102
        },
        {
            "parameters": {
                "T": 23.394033809319314,
                "F": 117.25677073340734,
                "t1": 81.70785389088212
            },
            "model_name": "ThermalTime",
            "weight": 0.29397027879029186
        },
        {
            "parameters": {
                "F": 56.50530936343215,
                "b": -17.638924202069976,
                "t1": 44.325950018592195,
                "c": 15.349163910965535
            },
            "model_name": "Uniforc",
            "weight": 0.11616027243860598
        },
        {
            "parameters": {
                "slope": -6.392540605417833,
                "time_start": 27.3509775485744,
                "time_length": 2.300963878406158,
                "intercept": 194.26800350743144
            },
            "model_name": "Linear",
            "weight": 0.4428717427551409
        }
    ]
}