{
    "model_name": "ThermalTime",
    "parameters": {
        "F": 166.91106950617797,
        "T": 22.719284729442624,
        "t1": 75.45218252894827
    }
}