{
    "model_name": "WeightedEnsemble",
    "core_models": [
        {
            "model_name": "Alternating",
            "weight": 0.1552117808304142,
            "parameters": {
                "a": 922.680940366954,
                "c": -0.0070203272510402925,
                "t1": 1,
                "threshold": 5,
                "b": 877.4380926761748
            }
        },
        {
            "model_name": "ThermalTime",
            "weight": 0.3091387996583314,
            "parameters": {
                "t1": 75.69028626033926,
                "F": 163.3322253078416,
                "T": 22.68910099921057
            }
        },
        {
            "model_name": "Uniforc",
            "weight": 0.1929144864493758,
            "parameters": {
                "c": 6.755607649447937,
                "t1": -18.983267503301363,
                "F": 121.84760172294583,
                "b": -17.061304233784867
            }
        },
        {
            "model_name": "Linear",
            "weight": 0.3427349330618783,
            "parameters": {
                "intercept": 180.20899440229178,
                "time_start": 9.75298927504258,
                "time_length": 2.0009102954183504,
                "slope": -6.203146008189575
            }
        }
    ]
}