{
    "core_models": [
        {
            "weight": 0.49894760747151806,
            "parameters": {
                "intercept": -29.43462243688968,
                "time_start": 262.529105494024,
                "time_length": 29.494896356776703,
                "slope": 13.043635475066887
            },
            "model_name": "Linear"
        },
        {
            "weight": 0.5010523925284819,
            "parameters": {
                "T": 21.658315436635917,
                "F": 117.84349933240924,
                "t1": 228.98013661208887
            },
            "model_name": "FallCooling"
        }
    ],
    "model_name": "WeightedEnsemble"
}