{
    "core_models": [
        {
            "model_name": "Alternating",
            "weight": 0.2900939550577102,
            "parameters": {
                "a": -69.98348992601832,
                "t1": 1,
                "b": 741.8886720510088,
                "threshold": 5,
                "c": -0.011795741122501369
            }
        },
        {
            "model_name": "ThermalTime",
            "weight": 0.21075141826877278,
            "parameters": {
                "F": 313.4233909809764,
                "t1": 26.465419833485996,
                "T": -1.5814682258069563
            }
        },
        {
            "model_name": "Uniforc",
            "weight": 0.11422027732254506,
            "parameters": {
                "F": 22.102860086581572,
                "c": 13.241216545606704,
                "t1": 6.557879845673909,
                "b": -0.11072037531521417
            }
        },
        {
            "model_name": "Linear",
            "weight": 0.3849343493509719,
            "parameters": {
                "spring_length": 55.02558717366378,
                "intercept": 96.8723874351322,
                "slope": -3.400580916324331,
                "spring_start": 20.176073364654897
            }
        }
    ],
    "model_name": "WeightedEnsemble"
}