{
    "model_name": "WeightedEnsemble",
    "core_models": [
        {
            "model_name": "Alternating",
            "weight": 0.24988319374842757,
            "parameters": {
                "c": -0.007745701186113063,
                "b": 892.6905101065552,
                "a": -245.75359885920244,
                "threshold": 5,
                "t1": 1
            }
        },
        {
            "model_name": "ThermalTime",
            "weight": 0.2455160954171353,
            "parameters": {
                "T": -1.898332315854176,
                "t1": 28.80995020477671,
                "F": 307.8944275590019
            }
        },
        {
            "model_name": "Uniforc",
            "weight": 0.12066451483712788,
            "parameters": {
                "c": 12.485434090398318,
                "b": -0.15028711058676159,
                "t1": 28.755761638589547,
                "F": 15.010373202731358
            }
        },
        {
            "model_name": "Linear",
            "weight": 0.38393619599730927,
            "parameters": {
                "intercept": 98.02141596279635,
                "time_start": 21.728316993520124,
                "time_length": 55.35670693778064,
                "slope": -3.1796056744565355
            }
        }
    ]
}