{
    "model_name": "WeightedEnsemble",
    "core_models": [
        {
            "model_name": "Alternating",
            "weight": 0.22768863421386815,
            "parameters": {
                "t1": 1,
                "c": -0.017002577198199198,
                "threshold": 5,
                "b": 679.3587671488644,
                "a": 27.933548585648893
            }
        },
        {
            "model_name": "ThermalTime",
            "weight": 0.3426015843975918,
            "parameters": {
                "t1": 27.22953969592723,
                "T": -0.5489999149097008,
                "F": 301.62748773475766
            }
        },
        {
            "model_name": "Uniforc",
            "weight": 0.13918097419392708,
            "parameters": {
                "t1": 27.175523187777614,
                "F": 15.658399904875438,
                "c": 11.682311835451875,
                "b": -0.15517605089256392
            }
        },
        {
            "model_name": "Linear",
            "weight": 0.2905288071946128,
            "parameters": {
                "time_start": 21.93880429464868,
                "intercept": 96.880969840848,
                "time_length": 54.89310455645921,
                "slope": -3.4016005067372084
            }
        }
    ]
}