{
    "model_name": "ThermalTime",
    "parameters": {
        "F": 292.947258270832,
        "T": -0.8482077810994221,
        "t1": 37.7770368094909
    }
}