{
    "model_name": "WeightedEnsemble",
    "core_models": [
        {
            "model_name": "Alternating",
            "weight": 0.15908801752523596,
            "parameters": {
                "a": 341.9700170208204,
                "c": -0.031638628442063776,
                "threshold": 5,
                "b": 3649.143769340456,
                "t1": 1
            }
        },
        {
            "model_name": "ThermalTime",
            "weight": 0.29182952748178675,
            "parameters": {
                "F": 400.3855604388208,
                "T": 4.990028084796927,
                "t1": 110.0490073034953
            }
        },
        {
            "model_name": "Uniforc",
            "weight": 0.2669729625123949,
            "parameters": {
                "F": 42.55217885149409,
                "c": 4.4698100224312975,
                "b": -0.31510826452080565,
                "t1": 83.92698544006844
            }
        },
        {
            "model_name": "Linear",
            "weight": 0.2821094924805825,
            "parameters": {
                "time_length": 110.14826556692927,
                "slope": -2.5214820812248986,
                "intercept": 167.09493317341799,
                "time_start": 59.756956009446306
            }
        }
    ]
}