{
    "core_models": [
        {
            "weight": 0.10565639794552836,
            "model_name": "Alternating",
            "parameters": {
                "b": 1328.209760716964,
                "threshold": 5,
                "c": -0.026058174854473037,
                "a": 500.6164525843306,
                "t1": 1
            }
        },
        {
            "weight": 0.08817311569069367,
            "model_name": "ThermalTime",
            "parameters": {
                "T": 9.724379579573817,
                "F": 279.1120337945076,
                "t1": 139.85914709247245
            }
        },
        {
            "weight": 0.42227820225415436,
            "model_name": "Uniforc",
            "parameters": {
                "b": -12.526048111585405,
                "F": 106.39358436600482,
                "c": -12.429189348630038,
                "t1": 40.665055328985105
            }
        },
        {
            "weight": 0.3838922841096239,
            "model_name": "Linear",
            "parameters": {
                "slope": -3.495092191532492,
                "spring_start": 10.18487420169911,
                "intercept": 134.66106067555066,
                "spring_length": 92.53014423480127
            }
        }
    ],
    "model_name": "WeightedEnsemble"
}