{
    "model_name": "Uniforc",
    "parameters": {
        "F": 133.350372113973,
        "b": -17.898508855416317,
        "c": -14.959371800315553,
        "t1": 9.775440553463767
    }
}