{
    "core_models": [
        {
            "model_name": "Alternating",
            "weight": 0.08487666008799147,
            "parameters": {
                "threshold": 5,
                "a": 269.14781043400416,
                "t1": 1,
                "b": 2979.382130155751,
                "c": -0.024965229039705328
            }
        },
        {
            "model_name": "ThermalTime",
            "weight": 0.3083921478321934,
            "parameters": {
                "t1": 110.97938912082168,
                "F": 400.3628377021305,
                "T": 4.987123644710723
            }
        },
        {
            "model_name": "Uniforc",
            "weight": 0.2828817481673528,
            "parameters": {
                "t1": 91.55814094537108,
                "c": 4.621483236793111,
                "F": 40.163773112940994,
                "b": -9.140003738052568
            }
        },
        {
            "model_name": "Linear",
            "weight": 0.32384944391246234,
            "parameters": {
                "intercept": 157.33559694423727,
                "slope": -2.089956921172302,
                "time_start": 59.238395224070935,
                "time_length": 82.38249918135216
            }
        }
    ],
    "model_name": "WeightedEnsemble"
}