{
    "model_name": "WeightedEnsemble",
    "core_models": [
        {
            "parameters": {
                "b": 4000.7624352732773,
                "threshold": 5,
                "a": 702.2995934068854,
                "t1": 1,
                "c": -0.21131025509433687
            },
            "model_name": "Alternating",
            "weight": 0.1932274076021664
        },
        {
            "parameters": {
                "T": 14.626215735703612,
                "F": 40.963590209125414,
                "t1": 92.3716481253422
            },
            "model_name": "ThermalTime",
            "weight": 0.19740917356877397
        },
        {
            "parameters": {
                "b": -5.960709643720856,
                "F": 2.3017547033534242,
                "t1": 92.34697138129611,
                "c": 14.699485439848647
            },
            "model_name": "Uniforc",
            "weight": 0.09184515468791311
        },
        {
            "parameters": {
                "slope": 24.99999999999997,
                "intercept": -66.50637205504799,
                "time_length": 22.84209907352961,
                "time_start": 15.968448300458382
            },
            "model_name": "Linear",
            "weight": 0.5175182641411461
        }
    ]
}