{
    "model_name": "Alternating",
    "parameters": {
        "a": 717.8008303548205,
        "b": 1791.964453743135,
        "c": -0.22125750294432311,
        "t1": 1.0,
        "threshold": 5.0
    }
}