{
    "model_name": "WeightedEnsemble",
    "core_models": [
        {
            "model_name": "Alternating",
            "weight": 0.21666888826869649,
            "parameters": {
                "t1": 1,
                "b": 2092.5727597830546,
                "c": -0.16697428983800622,
                "a": 690.9337321605472,
                "threshold": 5
            }
        },
        {
            "model_name": "ThermalTime",
            "weight": 0.20938141472183924,
            "parameters": {
                "F": 59.724798571595784,
                "t1": 93.31175601399582,
                "T": 14.625404177765223
            }
        },
        {
            "model_name": "Uniforc",
            "weight": 0.12956809648613288,
            "parameters": {
                "F": 7.5037854849540935,
                "c": 10.818429258786145,
                "t1": 92.11837686442824,
                "b": -19.723683079163656
            }
        },
        {
            "model_name": "Linear",
            "weight": 0.4443816005233315,
            "parameters": {
                "intercept": -36.281617562853604,
                "slope": 19.462951322576156,
                "time_start": 12.285269462341159,
                "time_length": 23.600103496426563
            }
        }
    ]
}