{
    "core_models": [
        {
            "parameters": {
                "t1": 1,
                "b": 2617.892996158433,
                "threshold": 5,
                "c": -0.20630055566941685,
                "a": 710.9158563985227
            },
            "weight": 0.19485132015976264,
            "model_name": "Alternating"
        },
        {
            "parameters": {
                "T": 15.30338587469156,
                "t1": 94.22251993264857,
                "F": 24.69277356922015
            },
            "weight": 0.20221507184683424,
            "model_name": "ThermalTime"
        },
        {
            "parameters": {
                "t1": 91.21070045775963,
                "F": 4.22260773933813,
                "c": 13.540040578003264,
                "b": -7.871358643277917
            },
            "weight": 0.14728196566286564,
            "model_name": "Uniforc"
        },
        {
            "parameters": {
                "intercept": 13.344193624464992,
                "slope": 12.902175242940162,
                "spring_length": 21.401956599441007,
                "spring_start": 5.539919093337122
            },
            "weight": 0.45565164233053734,
            "model_name": "Linear"
        }
    ],
    "model_name": "WeightedEnsemble"
}