{
    "core_models": [
        {
            "weight": 0.07527022665671997,
            "model_name": "Alternating",
            "parameters": {
                "c": -0.12987765311080812,
                "threshold": 5,
                "a": 588.312778901091,
                "t1": 1,
                "b": 1513.734201791595
            }
        },
        {
            "weight": 0.20931214478278853,
            "model_name": "ThermalTime",
            "parameters": {
                "T": 16.01683108599809,
                "F": 94.77337129683536,
                "t1": 70.56398533460546
            }
        },
        {
            "weight": 0.3764747277911931,
            "model_name": "Uniforc",
            "parameters": {
                "c": 15.845332605228768,
                "F": 4.42273955446214,
                "t1": 73.23969997344025,
                "b": -19.853706666593716
            }
        },
        {
            "weight": 0.3389429007692984,
            "model_name": "Linear",
            "parameters": {
                "slope": -2.5465949062889552,
                "time_start": 22.642062354411657,
                "time_length": 3.6965845766564343,
                "intercept": 109.10111577401602
            }
        }
    ],
    "model_name": "WeightedEnsemble"
}