{
    "model_name": "ThermalTime",
    "parameters": {
        "F": 259.87933087971703,
        "T": -10.06906173063768,
        "t1": 54.46364775462085
    }
}