{
    "model_name": "WeightedEnsemble",
    "core_models": [
        {
            "weight": 0.06497537425029884,
            "parameters": {
                "a": 553.9956862675397,
                "c": -2.6638860686923085,
                "threshold": 5,
                "t1": 1,
                "b": 616.5203474055363
            },
            "model_name": "Alternating"
        },
        {
            "weight": 0.30104551125111745,
            "parameters": {
                "F": 35.234265570380785,
                "t1": 80.70765525283349,
                "T": 15.522934450916603
            },
            "model_name": "ThermalTime"
        },
        {
            "weight": 0.2992148806319875,
            "parameters": {
                "c": 16.10649375722374,
                "F": 1.334958353538795,
                "t1": 70.66826428246164,
                "b": -9.495948749805617
            },
            "model_name": "Uniforc"
        },
        {
            "weight": 0.3347642338665962,
            "parameters": {
                "time_start": 47.69307597440736,
                "slope": -12.564659569286373,
                "intercept": 171.9178499385668,
                "time_length": 10.142330821711305
            },
            "model_name": "Linear"
        }
    ]
}