{
    "core_models": [
        {
            "model_name": "Alternating",
            "weight": 0.14255992435822223,
            "parameters": {
                "a": -964.6381714099851,
                "t1": 1,
                "b": 1645.5472239310361,
                "threshold": 5,
                "c": -0.003645427796516554
            }
        },
        {
            "model_name": "ThermalTime",
            "weight": 0.20220913890695152,
            "parameters": {
                "F": 185.86754331207032,
                "t1": 64.54441936396904,
                "T": -1.2342217086630276
            }
        },
        {
            "model_name": "Uniforc",
            "weight": 0.23182075897714208,
            "parameters": {
                "F": 5.96668094547708,
                "c": 8.066651016125103,
                "t1": 79.62510326834575,
                "b": -13.564393877371284
            }
        },
        {
            "model_name": "Linear",
            "weight": 0.4234101777576842,
            "parameters": {
                "spring_length": 52.0267414646764,
                "intercept": 118.5200656924622,
                "slope": -3.6159232828784806,
                "spring_start": 57.09769000114317
            }
        }
    ],
    "model_name": "WeightedEnsemble"
}