{
    "model_name": "ThermalTime",
    "parameters": {
        "F": 19.052772204518817,
        "T": 17.711658357172993,
        "t1": 37.24822620150415
    }
}