{
    "core_models": [
        {
            "weight": 0.2281218363738842,
            "model_name": "Alternating",
            "parameters": {
                "b": 1067.2128224233563,
                "a": 302.97321495923524,
                "c": -0.05761706123147681,
                "threshold": 5,
                "t1": 1
            }
        },
        {
            "weight": 0.28221678660415284,
            "model_name": "ThermalTime",
            "parameters": {
                "T": -10.03538578305639,
                "F": 258.08366938943533,
                "t1": 55.072017583308124
            }
        },
        {
            "weight": 0.11129206232736541,
            "model_name": "Uniforc",
            "parameters": {
                "b": -12.954427801058623,
                "c": 3.2521032162341146,
                "F": 34.86692759487168,
                "t1": 42.05236390183508
            }
        },
        {
            "weight": 0.37836931469459745,
            "model_name": "Linear",
            "parameters": {
                "time_length": 2.3339333333135883,
                "time_start": -23.597702310673043,
                "intercept": 106.44473407806596,
                "slope": -2.856516515016484
            }
        }
    ],
    "model_name": "WeightedEnsemble"
}