{
    "model_name": "WeightedEnsemble",
    "core_models": [
        {
            "model_name": "Alternating",
            "parameters": {
                "c": -0.019520666590648883,
                "a": 142.4595381367233,
                "t1": 1,
                "b": 1069.0657794524284,
                "threshold": 5
            },
            "weight": 0.24279742281620384
        },
        {
            "model_name": "ThermalTime",
            "parameters": {
                "T": 13.197352103966725,
                "t1": 83.1799543281572,
                "F": 105.81574899618676
            },
            "weight": 0.23868873675064242
        },
        {
            "model_name": "Uniforc",
            "parameters": {
                "c": -4.824637142024208,
                "t1": 10.563171196228254,
                "F": 72.88506034137593,
                "b": -0.15940675546701577
            },
            "weight": 0.24416655554652716
        },
        {
            "model_name": "Linear",
            "parameters": {
                "time_length": 100.93524013430304,
                "time_start": 9.429492028873607,
                "slope": -2.3337751722525963,
                "intercept": 118.91414032496805
            },
            "weight": 0.2743472848866266
        }
    ]
}