{
    "core_models": [
        {
            "parameters": {
                "c": -2.9556828307057255,
                "threshold": 5,
                "a": 541.9006435101116,
                "b": 866.6149885391253,
                "t1": 1
            },
            "weight": 0.10276871110016464,
            "model_name": "Alternating"
        },
        {
            "parameters": {
                "t1": 74.49015481221372,
                "T": 15.96892377587315,
                "F": 18.896614768583447
            },
            "weight": 0.20181000034878988,
            "model_name": "ThermalTime"
        },
        {
            "parameters": {
                "c": 18.442290634977287,
                "b": -2.1265581146807078,
                "t1": 77.46336343003696,
                "F": 0.8122688789318033
            },
            "weight": 0.20707234522575113,
            "model_name": "Uniforc"
        },
        {
            "parameters": {
                "time_start": -9.646906478533996,
                "time_length": 1.1860282934378006,
                "slope": 20.328335018524946,
                "intercept": 91.72871062689802
            },
            "weight": 0.4883489433252942,
            "model_name": "Linear"
        }
    ],
    "model_name": "WeightedEnsemble"
}