{
    "model_name": "WeightedEnsemble",
    "core_models": [
        {
            "weight": 0.08147249038573809,
            "model_name": "Alternating",
            "parameters": {
                "b": 1698.979057835676,
                "a": -973.4193227577982,
                "threshold": 5,
                "c": -0.004039979089136558,
                "t1": 1
            }
        },
        {
            "weight": 0.18198118933469865,
            "model_name": "ThermalTime",
            "parameters": {
                "T": -3.058791004031103,
                "F": 198.39649925756748,
                "t1": 65.45219638654216
            }
        },
        {
            "weight": 0.4053408175947005,
            "model_name": "Uniforc",
            "parameters": {
                "F": 5.111120859806519,
                "b": -15.28063122313367,
                "t1": 82.44240218635545,
                "c": 8.667955847545883
            }
        },
        {
            "weight": 0.331205502684863,
            "model_name": "Linear",
            "parameters": {
                "time_start": 58.505763200287525,
                "time_length": 51.93226850146694,
                "slope": -2.97320973906082,
                "intercept": 118.11586814456338
            }
        }
    ]
}