{
    "core_models": [
        {
            "weight": 0.2152982245487831,
            "model_name": "Alternating",
            "parameters": {
                "a": 302.4866565305804,
                "c": -0.052289083116516366,
                "threshold": 5,
                "t1": 1,
                "b": 990.3761199212368
            }
        },
        {
            "weight": 0.19897737562155954,
            "model_name": "ThermalTime",
            "parameters": {
                "F": 259.68017534247815,
                "T": -10.00438656054656,
                "t1": 54.14828889945244
            }
        },
        {
            "weight": 0.14388267626049986,
            "model_name": "Uniforc",
            "parameters": {
                "F": 49.23907137332111,
                "b": -0.11210376129696265,
                "c": -0.2153616598167707,
                "t1": 15.841431264383104
            }
        },
        {
            "weight": 0.44184172356915735,
            "model_name": "Linear",
            "parameters": {
                "slope": -1.8685987057162208,
                "spring_start": 20.412978030171534,
                "spring_length": 1.071423012313744,
                "intercept": 98.38900512478546
            }
        }
    ],
    "model_name": "WeightedEnsemble"
}