{
    "core_models": [
        {
            "model_name": "Alternating",
            "parameters": {
                "a": 323.14488828155083,
                "b": 936.45203866374,
                "threshold": 5,
                "c": -0.054880025943951694,
                "t1": 1
            },
            "weight": 0.2124827402202224
        },
        {
            "model_name": "ThermalTime",
            "parameters": {
                "T": -4.3815947975818474,
                "F": 271.04128702094795,
                "t1": 54.187147259139294
            },
            "weight": 0.2679159737576937
        },
        {
            "model_name": "Uniforc",
            "parameters": {
                "b": -0.052476861579922485,
                "c": 8.12614605467834,
                "F": 60.0863284697303,
                "t1": -38.57680859463778
            },
            "weight": 0.16613582613448505
        },
        {
            "model_name": "Linear",
            "parameters": {
                "slope": -2.297152431198623,
                "intercept": 96.52243469198923,
                "time_start": 21.26253691770792,
                "time_length": 10.06612944932614
            },
            "weight": 0.3534654598875991
        }
    ],
    "model_name": "WeightedEnsemble"
}