{
    "model_name": "WeightedEnsemble",
    "core_models": [
        {
            "parameters": {
                "b": 2787.804526935097,
                "a": 526.3800653200366,
                "t1": 1,
                "threshold": 5,
                "c": -1.8320092382997415
            },
            "model_name": "Alternating",
            "weight": 0.12812499165788702
        },
        {
            "parameters": {
                "F": 164.32617885180952,
                "t1": 77.97343268933825,
                "T": 8.757436106820899
            },
            "model_name": "ThermalTime",
            "weight": 0.1917558965650895
        },
        {
            "parameters": {
                "F": 14.021914843871613,
                "c": 9.423547789048381,
                "t1": 75.83608659431486,
                "b": -15.308455280171113
            },
            "model_name": "Uniforc",
            "weight": 0.11923091474973574
        },
        {
            "parameters": {
                "intercept": 99.60274182925612,
                "time_length": 1.1412566108347022,
                "slope": -2.116710095788577,
                "time_start": 24.69594363664202
            },
            "model_name": "Linear",
            "weight": 0.5608881970272871
        }
    ]
}