{
    "core_models": [
        {
            "parameters": {
                "b": 401.5773101697919,
                "a": 516.4956181097231,
                "c": -0.011671712052017558,
                "t1": 1,
                "threshold": 5
            },
            "weight": 0.0667758587473716,
            "model_name": "Alternating"
        },
        {
            "parameters": {
                "F": 638.4342608963395,
                "T": -3.6254415433235043,
                "t1": 33.034332541809206
            },
            "weight": 0.14785902823508987,
            "model_name": "ThermalTime"
        },
        {
            "parameters": {
                "b": -18.795335259735474,
                "F": 85.81077132354946,
                "c": -3.3068768937488446,
                "t1": 32.61354932889604
            },
            "weight": 0.6311208731568907,
            "model_name": "Uniforc"
        },
        {
            "parameters": {
                "intercept": 144.56253309292086,
                "spring_length": 60.701516351700725,
                "slope": -3.123736125205215,
                "spring_start": 41.840350028342215
            },
            "weight": 0.1542442398606476,
            "model_name": "Linear"
        }
    ],
    "model_name": "WeightedEnsemble"
}