{
    "model_name": "WeightedEnsemble",
    "core_models": [
        {
            "parameters": {
                "c": -0.003993778262685765,
                "t1": 1,
                "threshold": 5,
                "b": 1712.753044908855,
                "a": -987.8421314565854
            },
            "model_name": "Alternating",
            "weight": 0.07490637128711283
        },
        {
            "parameters": {
                "t1": 81.70881611535444,
                "F": 98.3236801058373,
                "T": -7.660003201200249
            },
            "model_name": "ThermalTime",
            "weight": 0.17890346333419083
        },
        {
            "parameters": {
                "t1": 80.41807173504701,
                "c": 8.070638756729887,
                "F": 5.948481425355794,
                "b": -11.467860049756826
            },
            "model_name": "Uniforc",
            "weight": 0.2120332381415479
        },
        {
            "parameters": {
                "time_start": 23.25317650619332,
                "intercept": 95.600401661155,
                "time_length": 4.295954340143581,
                "slope": -1.9947728825306128
            },
            "model_name": "Linear",
            "weight": 0.534156927237148
        }
    ]
}