{
    "model_name": "WeightedEnsemble",
    "core_models": [
        {
            "model_name": "Alternating",
            "weight": 0.23827941643904532,
            "parameters": {
                "threshold": 5,
                "t1": 1,
                "b": 4927.953223029897,
                "a": 569.1580742398321,
                "c": -0.850633437692772
            }
        },
        {
            "model_name": "ThermalTime",
            "weight": 0.19326512971163234,
            "parameters": {
                "t1": 71.85793538056171,
                "F": 230.02992033250115,
                "T": 11.072881373912647
            }
        },
        {
            "model_name": "Uniforc",
            "weight": 0.299119878215229,
            "parameters": {
                "t1": 70.33800615882515,
                "b": -15.657148863731909,
                "F": 4.53234577541906,
                "c": 15.841484470070267
            }
        },
        {
            "model_name": "Linear",
            "weight": 0.2693355756340932,
            "parameters": {
                "slope": -2.744847164969722,
                "spring_length": 5.259787905477488,
                "intercept": 107.45746644757455,
                "spring_start": 22.941434478134745
            }
        }
    ]
}