{
    "core_models": [
        {
            "model_name": "Alternating",
            "weight": 0.1339002998700847,
            "parameters": {
                "b": 2095.885046604303,
                "a": -932.5364265665531,
                "c": -0.0034692155387601176,
                "t1": 1,
                "threshold": 5
            }
        },
        {
            "model_name": "ThermalTime",
            "weight": 0.17317821199851996,
            "parameters": {
                "F": 594.0676003279532,
                "t1": 73.51196145766764,
                "T": 0.10549430126782777
            }
        },
        {
            "model_name": "Uniforc",
            "weight": 0.2987199245474047,
            "parameters": {
                "F": 95.06272528557263,
                "t1": 34.43238280619647,
                "c": -7.232037688159459,
                "b": -0.9824054136553233
            }
        },
        {
            "model_name": "Linear",
            "weight": 0.39420156358399056,
            "parameters": {
                "spring_length": 47.07414550213274,
                "spring_start": 30.184388039429162,
                "slope": -1.9873123410257558,
                "intercept": 138.99457258822534
            }
        }
    ],
    "model_name": "WeightedEnsemble"
}