{
    "model_name": "WeightedEnsemble",
    "core_models": [
        {
            "model_name": "Alternating",
            "weight": 0.12330068942262183,
            "parameters": {
                "b": 1932.6450129936557,
                "c": -3.3006848531902926,
                "threshold": 5,
                "a": 515.8089981280245,
                "t1": 1
            }
        },
        {
            "model_name": "ThermalTime",
            "weight": 0.1394352277278004,
            "parameters": {
                "T": 10.583034319374097,
                "t1": 77.11388333495589,
                "F": 111.06664620761097
            }
        },
        {
            "model_name": "Uniforc",
            "weight": 0.09559838180803308,
            "parameters": {
                "b": -16.12219445372171,
                "c": 10.925654410678776,
                "t1": 78.28189300294628,
                "F": 7.9022969517745025
            }
        },
        {
            "model_name": "Linear",
            "weight": 0.6416657010415437,
            "parameters": {
                "intercept": 96.85842509843586,
                "time_length": 1.4034441222521465,
                "time_start": 24.512719483696408,
                "slope": -2.1568264940485995
            }
        }
    ]
}