{
    "core_models": [
        {
            "parameters": {
                "a": 159.72018249360985,
                "c": -0.006655240596326273,
                "b": 751.5836596269633,
                "threshold": 5,
                "t1": 1
            },
            "weight": 0.32761898946843737,
            "model_name": "Alternating"
        },
        {
            "parameters": {
                "T": -0.20029330210577512,
                "F": 589.0351031315405,
                "t1": 43.35201689049288
            },
            "weight": 0.10739718201115991,
            "model_name": "ThermalTime"
        },
        {
            "parameters": {
                "F": 72.57815168164248,
                "c": -1.4486662195032418,
                "b": -0.2583245598548505,
                "t1": 36.32470922986688
            },
            "weight": 0.4155106396259439,
            "model_name": "Uniforc"
        },
        {
            "parameters": {
                "time_start": 40.39201873740687,
                "time_length": 82.6586199714598,
                "slope": -3.1377896290328215,
                "intercept": 148.9230328028767
            },
            "weight": 0.1494731888944588,
            "model_name": "Linear"
        }
    ],
    "model_name": "WeightedEnsemble"
}