{
    "model_name": "WeightedEnsemble",
    "core_models": [
        {
            "parameters": {
                "c": -0.007179089323473775,
                "t1": 1,
                "b": 897.1578270321352,
                "a": 103.96916993069394,
                "threshold": 5
            },
            "model_name": "Alternating",
            "weight": 0.23653975638085903
        },
        {
            "parameters": {
                "T": -3.6419338129605046,
                "t1": 83.18405230917892,
                "F": 525.5245017660313
            },
            "model_name": "ThermalTime",
            "weight": 0.15431721521495648
        },
        {
            "parameters": {
                "c": 7.560827668311676,
                "t1": 47.33867469281026,
                "F": 41.6418434236562,
                "b": -0.1351093261403662
            },
            "model_name": "Uniforc",
            "weight": 0.42491955046311053
        },
        {
            "parameters": {
                "time_start": 58.73248421042999,
                "intercept": 170.16282383797258,
                "slope": -3.5349827858649827,
                "time_length": 97.1852145821153
            },
            "model_name": "Linear",
            "weight": 0.18422347794107385
        }
    ]
}