{
    "model_name": "WeightedEnsemble",
    "core_models": [
        {
            "weight": 0.09871515295645422,
            "model_name": "Alternating",
            "parameters": {
                "c": -0.030967381449353404,
                "threshold": 5,
                "a": 413.2348225527343,
                "b": 791.6839823557448,
                "t1": 1
            }
        },
        {
            "weight": 0.26392978636440534,
            "model_name": "ThermalTime",
            "parameters": {
                "F": 88.8589364077825,
                "T": 15.844610239653973,
                "t1": 71.16804137821691
            }
        },
        {
            "weight": 0.2933453978323607,
            "model_name": "Uniforc",
            "parameters": {
                "F": 3.413018109734651,
                "c": 16.5852458698598,
                "b": -17.607959882264375,
                "t1": 71.90365409796502
            }
        },
        {
            "weight": 0.3440096628467801,
            "model_name": "Linear",
            "parameters": {
                "time_length": 2.2626226395280895,
                "slope": -2.49082719732353,
                "intercept": 109.24717130263485,
                "time_start": 23.552906642329773
            }
        }
    ]
}