{
    "model_name": "ThermalTime",
    "parameters": {
        "F": 152.00176743913389,
        "T": 5.605614835986688,
        "t1": 79.13066342131185
    }
}