{
    "core_models": [
        {
            "model_name": "Linear",
            "parameters": {
                "time_start": 299.68441829333136,
                "time_length": 26.469364110368243,
                "intercept": 258.16324657176693,
                "slope": -2.459956124995188
            },
            "weight": 0.4801488951930035
        },
        {
            "model_name": "FallCooling",
            "parameters": {
                "t1": 201.43541214861742,
                "F": 918.2498864346637,
                "T": 24.96120517919456
            },
            "weight": 0.5198511048069965
        }
    ],
    "model_name": "WeightedEnsemble"
}