{
    "model_name": "Uniforc",
    "parameters": {
        "F": 109.63895895387141,
        "b": -0.24053066158500336,
        "c": -11.634289324671784,
        "t1": 16.439268326081702
    }
}