{
    "core_models": [
        {
            "parameters": {
                "t1": 1,
                "a": 434.2684043707516,
                "c": -2.3389320291140345,
                "threshold": 5,
                "b": 2293.2063025793123
            },
            "model_name": "Alternating",
            "weight": 0.24817260607328087
        },
        {
            "parameters": {
                "t1": 76.3543273700416,
                "F": 157.98789461340982,
                "T": 7.446042313068302
            },
            "model_name": "ThermalTime",
            "weight": 0.14294684171697514
        },
        {
            "parameters": {
                "t1": 75.82999684746261,
                "F": 10.766880330830602,
                "c": 7.518223488453013,
                "b": -9.789282606223562
            },
            "model_name": "Uniforc",
            "weight": 0.20876648868834402
        },
        {
            "parameters": {
                "spring_length": 13.4002291484585,
                "spring_start": 19.121377255563278,
                "intercept": 98.1383619047406,
                "slope": -2.176442534320384
            },
            "model_name": "Linear",
            "weight": 0.4001140635214
        }
    ],
    "model_name": "WeightedEnsemble"
}