{
    "model_name": "WeightedEnsemble",
    "core_models": [
        {
            "parameters": {
                "a": -974.8811884443109,
                "b": 2153.151861824793,
                "c": -0.003539819733469063,
                "threshold": 5,
                "t1": 1
            },
            "weight": 0.253270648686883,
            "model_name": "Alternating"
        },
        {
            "parameters": {
                "F": 636.0491733643985,
                "T": -0.682048448860087,
                "t1": 54.75469460749168
            },
            "weight": 0.07413726455707234,
            "model_name": "ThermalTime"
        },
        {
            "parameters": {
                "F": 94.82037460952203,
                "b": -0.32105213656780585,
                "c": -8.108765606070383,
                "t1": 33.49739055522595
            },
            "weight": 0.37498450920536036,
            "model_name": "Uniforc"
        },
        {
            "parameters": {
                "time_length": 55.69971978042362,
                "time_start": 31.974201020033657,
                "intercept": 140.2568802274728,
                "slope": -2.0578955453027348
            },
            "weight": 0.29760757755068423,
            "model_name": "Linear"
        }
    ]
}