{
    "model_name": "ThermalTime",
    "parameters": {
        "F": 93.55241371476342,
        "T": 13.195658401809645,
        "t1": 83.1209194812123
    }
}