{
    "model_name": "ThermalTime",
    "parameters": {
        "F": 76.59801052922269,
        "T": 15.859953020275636,
        "t1": 76.38058965342343
    }
}