{
    "model_name": "WeightedEnsemble",
    "core_models": [
        {
            "model_name": "Linear",
            "weight": 0.4932162727121113,
            "parameters": {
                "time_start": 248.3299654070414,
                "time_length": 10.63216911761343,
                "intercept": 110.21563375177348,
                "slope": 5.74748284400171
            }
        },
        {
            "model_name": "FallCooling",
            "weight": 0.5067837272878887,
            "parameters": {
                "T": 23.309218402013116,
                "t1": 216.59551085548782,
                "F": 49.80276301387596
            }
        }
    ]
}