{
    "model_name": "Uniforc",
    "parameters": {
        "F": 84.4857799440074,
        "b": -17.552735684841313,
        "c": -3.2569058621169766,
        "t1": 33.15655403997613
    }
}