{
    "model_name": "WeightedEnsemble",
    "core_models": [
        {
            "parameters": {
                "a": 205.5626678699567,
                "b": 1060.893899298336,
                "c": -0.0227051171741377,
                "threshold": 5,
                "t1": 1
            },
            "model_name": "Alternating",
            "weight": 0.2376466009061493
        },
        {
            "parameters": {
                "T": 13.18428207027772,
                "F": 105.68883281857035,
                "t1": 84.06596062970767
            },
            "model_name": "ThermalTime",
            "weight": 0.32135720380425176
        },
        {
            "parameters": {
                "b": -0.196367800156672,
                "F": 76.73235827986427,
                "c": -4.547310594147253,
                "t1": 8.191321163289956
            },
            "model_name": "Uniforc",
            "weight": 0.20234970415543224
        },
        {
            "parameters": {
                "slope": -2.3393160653002614,
                "intercept": 118.97343861362747,
                "spring_length": 101.04742390955391,
                "spring_start": 8.900312229591457
            },
            "model_name": "Linear",
            "weight": 0.2386464911341665
        }
    ]
}