{
    "core_models": [
        {
            "weight": 0.2545778019372431,
            "parameters": {
                "t1": 1,
                "a": -940.4331926580386,
                "b": 2148.5358070162406,
                "c": -0.0038470845636764395,
                "threshold": 5
            },
            "model_name": "Alternating"
        },
        {
            "weight": 0.09783627792623349,
            "parameters": {
                "t1": 80.09202294241038,
                "T": -2.1828497128990487,
                "F": 541.6371881295447
            },
            "model_name": "ThermalTime"
        },
        {
            "weight": 0.31216106129243815,
            "parameters": {
                "t1": 9.402751652397484,
                "F": 123.05509200215027,
                "b": -3.457943461205666,
                "c": -14.132254369253495
            },
            "model_name": "Uniforc"
        },
        {
            "weight": 0.335424858844085,
            "parameters": {
                "time_length": 21.24661037250838,
                "time_start": 47.678380101101446,
                "slope": -1.6849182678492163,
                "intercept": 138.6242188351678
            },
            "model_name": "Linear"
        }
    ],
    "model_name": "WeightedEnsemble"
}