{
    "model_name": "ThermalTime",
    "parameters": {
        "F": 56.40599214786721,
        "T": 8.230027186387941,
        "t1": 80.81386250161322
    }
}