{
    "core_models": [
        {
            "parameters": {
                "b": 2087.0219027135067,
                "c": -0.1274500128187932,
                "a": 572.4053747881006,
                "threshold": 5,
                "t1": 1
            },
            "model_name": "Alternating",
            "weight": 0.19530162903041343
        },
        {
            "parameters": {
                "F": 422.1806775960218,
                "T": -6.113206668855381,
                "t1": 61.6289802266102
            },
            "model_name": "ThermalTime",
            "weight": 0.32722559110531513
        },
        {
            "parameters": {
                "F": 13.003771686732762,
                "b": -13.029474058640758,
                "t1": 75.0796897377696,
                "c": 11.939148125461141
            },
            "model_name": "Uniforc",
            "weight": 0.09632176328207544
        },
        {
            "parameters": {
                "time_length": 7.464458643437574,
                "time_start": 34.63610562977841,
                "intercept": 113.6836083631537,
                "slope": -2.857848372285346
            },
            "model_name": "Linear",
            "weight": 0.38115101658219624
        }
    ],
    "model_name": "WeightedEnsemble"
}