{
    "core_models": [
        {
            "parameters": {
                "a": 351.7266276653399,
                "b": 603.9300886326887,
                "c": -0.02907476992844593,
                "threshold": 5,
                "t1": 1
            },
            "model_name": "Alternating",
            "weight": 0.19112330045066453
        },
        {
            "parameters": {
                "T": 11.654431072769322,
                "t1": 56.491053251767504,
                "F": 209.37581816537244
            },
            "model_name": "ThermalTime",
            "weight": 0.2898287938668352
        },
        {
            "parameters": {
                "t1": 61.68609929179355,
                "c": 17.090574212376943,
                "b": -14.401891161004794,
                "F": 2.070405827518073
            },
            "model_name": "Uniforc",
            "weight": 0.18282564761632134
        },
        {
            "parameters": {
                "time_start": 59.44436201219789,
                "intercept": 182.60782773209618,
                "slope": -5.179130331346775,
                "time_length": 119.57204939763389
            },
            "model_name": "Linear",
            "weight": 0.3362222580661793
        }
    ],
    "model_name": "WeightedEnsemble"
}