{
    "model_name": "WeightedEnsemble",
    "core_models": [
        {
            "model_name": "Alternating",
            "weight": 0.144378573429122,
            "parameters": {
                "t1": 1,
                "a": -159.5815190314286,
                "b": 1178.8560289198551,
                "c": -0.01085158897860694,
                "threshold": 5
            }
        },
        {
            "model_name": "ThermalTime",
            "weight": 0.29766888745919806,
            "parameters": {
                "t1": 74.38624372319453,
                "F": 11.091712247202281,
                "T": 19.901597781717612
            }
        },
        {
            "model_name": "Uniforc",
            "weight": 0.2823025991515502,
            "parameters": {
                "t1": 74.77560823108206,
                "F": 0.33507795916251837,
                "b": -16.958915777862426,
                "c": 19.923476100910175
            }
        },
        {
            "model_name": "Linear",
            "weight": 0.2756499399601296,
            "parameters": {
                "spring_length": 1.1120859439238444,
                "intercept": 103.92655577639519,
                "slope": -2.5489104058083565,
                "spring_start": 44.92560013872233
            }
        }
    ]
}