{
    "core_models": [
        {
            "weight": 0.25562427740261795,
            "model_name": "Alternating",
            "parameters": {
                "threshold": 5,
                "c": -0.11848762235910826,
                "a": 982.73896656079,
                "b": 3578.0172423559197,
                "t1": 1
            }
        },
        {
            "weight": 0.16773027084788117,
            "model_name": "ThermalTime",
            "parameters": {
                "T": 20.177959394580057,
                "F": 29.358989434654234,
                "t1": 79.53748459949873
            }
        },
        {
            "weight": 0.17764682699399745,
            "model_name": "Uniforc",
            "parameters": {
                "c": 20.0637210141295,
                "b": -4.574388172153487,
                "F": 1.5338936472731604,
                "t1": 83.65009896788264
            }
        },
        {
            "weight": 0.3989986247555034,
            "model_name": "Linear",
            "parameters": {
                "spring_length": 1.9824715227039391,
                "slope": -4.545087548903512,
                "intercept": 137.3180761904539,
                "spring_start": 47.741855472580745
            }
        }
    ],
    "model_name": "WeightedEnsemble"
}