{
    "core_models": [
        {
            "model_name": "Alternating",
            "parameters": {
                "t1": 1,
                "c": -0.11997607561633572,
                "a": 988.4968149384889,
                "b": 3563.922873141183,
                "threshold": 5
            },
            "weight": 0.4832962207747615
        },
        {
            "model_name": "ThermalTime",
            "parameters": {
                "t1": 89.6149727214855,
                "T": 19.925007562898244,
                "F": 26.532407213435533
            },
            "weight": 0.22024985875516545
        },
        {
            "model_name": "Uniforc",
            "parameters": {
                "t1": 86.5182635443655,
                "c": 20.03362195978562,
                "b": -4.821059675282835,
                "F": 1.6176378251624328
            },
            "weight": 0.13916040659933646
        },
        {
            "model_name": "Linear",
            "parameters": {
                "slope": 4.105436626543735,
                "time_start": -6.8415229317966535,
                "time_length": 1.666477244730487,
                "intercept": 97.65522184490855
            },
            "weight": 0.15729351387073642
        }
    ],
    "model_name": "WeightedEnsemble"
}