{
    "model_name": "WeightedEnsemble",
    "core_models": [
        {
            "weight": 0.3088449837412419,
            "model_name": "Alternating",
            "parameters": {
                "c": -0.00915421172811648,
                "threshold": 5,
                "a": -263.8449120837243,
                "t1": 1,
                "b": 1275.0219508527798
            }
        },
        {
            "weight": 0.2331209094165184,
            "model_name": "ThermalTime",
            "parameters": {
                "F": 17.251677040452023,
                "T": 19.884199413882353,
                "t1": 75.62788037386842
            }
        },
        {
            "weight": 0.21677933249058362,
            "model_name": "Uniforc",
            "parameters": {
                "c": 19.78041633913703,
                "F": 0.8655599293917078,
                "t1": 75.79757203174762,
                "b": -15.799125252011521
            }
        },
        {
            "weight": 0.2412547743516561,
            "model_name": "Linear",
            "parameters": {
                "time_start": 45.33434859537644,
                "intercept": 108.02786615775246,
                "slope": -2.8770544251105545,
                "time_length": 2.01416076099796
            }
        }
    ]
}