{
    "model_name": "ThermalTime",
    "parameters": {
        "F": 8.75552323704295,
        "T": 19.909837480665548,
        "t1": 73.89840258340121
    }
}