{
    "model_name": "ThermalTime",
    "parameters": {
        "F": 155.77102942625106,
        "T": 19.693610028623965,
        "t1": 53.128390272503566
    }
}