{
    "model_name": "Alternating",
    "parameters": {
        "a": 462.4266424467287,
        "b": 898.0207593403725,
        "c": -0.017358015142762362,
        "t1": 1.0,
        "threshold": 5.0
    }
}