{
    "model_name": "WeightedEnsemble",
    "core_models": [
        {
            "weight": 0.08381952501955955,
            "model_name": "Alternating",
            "parameters": {
                "a": 953.0428929296239,
                "c": -0.03495496942047893,
                "t1": 1,
                "threshold": 5,
                "b": 445.03388684188303
            }
        },
        {
            "weight": 0.208039455305893,
            "model_name": "ThermalTime",
            "parameters": {
                "T": 11.92003299656667,
                "F": 414.2098053138913,
                "t1": 71.84020169755468
            }
        },
        {
            "weight": 0.3733361356927578,
            "model_name": "Uniforc",
            "parameters": {
                "F": 7.0344142570902335,
                "t1": 80.86485297943659,
                "c": 14.900014107532089,
                "b": -7.047251157663396
            }
        },
        {
            "weight": 0.3348048839817897,
            "model_name": "Linear",
            "parameters": {
                "intercept": 249.91786567643308,
                "time_start": 59.19748439413772,
                "slope": -10.00206400816444,
                "time_length": 73.03447550176148
            }
        }
    ]
}