{
    "model_name": "WeightedEnsemble",
    "core_models": [
        {
            "model_name": "Alternating",
            "weight": 0.14690255689645826,
            "parameters": {
                "a": 226.89871941342398,
                "threshold": 5,
                "c": -0.01381418445738003,
                "t1": 1,
                "b": 1176.167186468973
            }
        },
        {
            "model_name": "ThermalTime",
            "weight": 0.2730980722852101,
            "parameters": {
                "T": 11.390303901107647,
                "F": 517.3508904929631,
                "t1": 68.86028447606179
            }
        },
        {
            "model_name": "Uniforc",
            "weight": 0.2786994888683971,
            "parameters": {
                "F": 19.190751221780815,
                "c": 13.91621969275797,
                "t1": 68.23275011336307,
                "b": -0.741882353688057
            }
        },
        {
            "model_name": "Linear",
            "weight": 0.3012998819499345,
            "parameters": {
                "spring_length": 71.53414599007853,
                "slope": -11.36486518764475,
                "intercept": 269.30153107462576,
                "spring_start": 58.3368715956329
            }
        }
    ]
}