{
    "core_models": [
        {
            "weight": 0.07561217802026077,
            "parameters": {
                "t1": 1,
                "c": -0.07695254651436167,
                "a": 769.6846416224216,
                "b": 614.8540746316528,
                "threshold": 5
            },
            "model_name": "Alternating"
        },
        {
            "weight": 0.3040171940147237,
            "parameters": {
                "t1": 80.22693094748007,
                "T": 15.28748743004641,
                "F": 96.98135556118143
            },
            "model_name": "ThermalTime"
        },
        {
            "weight": 0.44161834056070276,
            "parameters": {
                "t1": 86.49663033018433,
                "c": 15.4678959660432,
                "b": -15.882995429907966,
                "F": 4.023838395115504
            },
            "model_name": "Uniforc"
        },
        {
            "weight": 0.17875228740431254,
            "parameters": {
                "slope": -11.604791872087883,
                "time_start": 59.37853328093717,
                "time_length": 73.20358471116491,
                "intercept": 269.6043407644538
            },
            "model_name": "Linear"
        }
    ],
    "model_name": "WeightedEnsemble"
}