{
    "core_models": [
        {
            "parameters": {
                "b": 1052.307405045436,
                "threshold": 5,
                "a": 861.977367339539,
                "c": -0.007126232732993287,
                "t1": 1
            },
            "model_name": "Alternating",
            "weight": 0.13705448335077286
        },
        {
            "parameters": {
                "F": 126.34171685250891,
                "T": 23.48308567870775,
                "t1": -64.7589639196672
            },
            "model_name": "ThermalTime",
            "weight": 0.40322369785470813
        },
        {
            "parameters": {
                "F": 5.5846550177464565,
                "b": -17.81754299964436,
                "c": 23.409326572936695,
                "t1": -64.43880400645244
            },
            "model_name": "Uniforc",
            "weight": 0.31835317341086744
        },
        {
            "parameters": {
                "intercept": 249.2358761654239,
                "time_start": 59.71573580834155,
                "slope": -5.849419940301343,
                "time_length": 119.6395137601755
            },
            "model_name": "Linear",
            "weight": 0.14136864538365126
        }
    ],
    "model_name": "WeightedEnsemble"
}