{
    "model_name": "WeightedEnsemble",
    "core_models": [
        {
            "weight": 0.13054200185732473,
            "model_name": "Alternating",
            "parameters": {
                "b": 636.7871778466367,
                "t1": 1,
                "threshold": 5,
                "c": -0.0053649111163851515,
                "a": 982.1569159345622
            }
        },
        {
            "weight": 0.3638540042207471,
            "model_name": "ThermalTime",
            "parameters": {
                "t1": -64.2362476552976,
                "T": 23.489431367000087,
                "F": 132.24757858637685
            }
        },
        {
            "weight": 0.36643054001658876,
            "model_name": "Uniforc",
            "parameters": {
                "b": -17.957305371550575,
                "t1": -64.04761991818069,
                "F": 5.552190689850065,
                "c": 23.40395532191737
            }
        },
        {
            "weight": 0.13917345390533875,
            "model_name": "Linear",
            "parameters": {
                "time_start": 59.14839519927565,
                "slope": -5.33407489326793,
                "intercept": 239.00874475321066,
                "time_length": 119.95087149993884
            }
        }
    ]
}