{
    "model_name": "ThermalTime",
    "parameters": {
        "F": 169.86431149809852,
        "T": 23.54013715196753,
        "t1": -66.46757195016127
    }
}