{
    "core_models": [
        {
            "model_name": "Alternating",
            "parameters": {
                "t1": 1,
                "a": 296.68266222626596,
                "c": -0.0029396222081095047,
                "threshold": 5,
                "b": 1430.3492714838121
            },
            "weight": 0.07631822378217479
        },
        {
            "model_name": "ThermalTime",
            "parameters": {
                "t1": -66.94928473015145,
                "T": 23.49099814066878,
                "F": 196.07819740146624
            },
            "weight": 0.29776636127993805
        },
        {
            "model_name": "Uniforc",
            "parameters": {
                "t1": -66.42552110017411,
                "b": -12.534529878983745,
                "F": 5.958927014764896,
                "c": 23.931411999845096
            },
            "weight": 0.38865549110216724
        },
        {
            "model_name": "Linear",
            "parameters": {
                "slope": -4.7353895549058524,
                "spring_start": 3.1568796441040234,
                "spring_length": 2.822936650830229,
                "intercept": 160.07322513643993
            },
            "weight": 0.23725992383571998
        }
    ],
    "model_name": "WeightedEnsemble"
}