{
    "model_name": "ThermalTime",
    "parameters": {
        "F": 7.282358759031581,
        "T": 16.7643664569835,
        "t1": 221.35299662443168
    }
}