{
    "model_name": "WeightedEnsemble",
    "core_models": [
        {
            "model_name": "Alternating",
            "weight": 0.08172587302468862,
            "parameters": {
                "threshold": 5,
                "t1": 1,
                "b": 4632.883996291359,
                "a": 974.9346691314415,
                "c": -0.02138698505008385
            }
        },
        {
            "model_name": "ThermalTime",
            "weight": 0.14627267926818904,
            "parameters": {
                "t1": 224.81488480405875,
                "F": 42.2641439255853,
                "T": 16.356070993883016
            }
        },
        {
            "model_name": "Uniforc",
            "weight": 0.13682682831509327,
            "parameters": {
                "t1": 202.99604000284535,
                "b": -14.82941601841106,
                "F": 24.432867152736264,
                "c": 13.29543210309998
            }
        },
        {
            "model_name": "Linear",
            "weight": 0.6351746193920293,
            "parameters": {
                "slope": -3.92316516365174,
                "spring_length": 1.130026988374837,
                "intercept": 233.17208613800463,
                "spring_start": -25.97113759279999
            }
        }
    ]
}