{
    "model_name": "WeightedEnsemble",
    "core_models": [
        {
            "model_name": "Alternating",
            "weight": 0.11429684355783364,
            "parameters": {
                "c": -0.02231548082543844,
                "b": 4963.847810020552,
                "t1": 1,
                "a": 989.110574776683,
                "threshold": 5
            }
        },
        {
            "model_name": "ThermalTime",
            "weight": 0.3688469097515994,
            "parameters": {
                "t1": 226.45184193045534,
                "F": 20.792985551236768,
                "T": 17.25998006066776
            }
        },
        {
            "model_name": "Uniforc",
            "weight": 0.2600677319979389,
            "parameters": {
                "c": -6.879708046988964,
                "b": -18.855983114785598,
                "t1": 27.957769225319666,
                "F": 198.35607525498781
            }
        },
        {
            "model_name": "Linear",
            "weight": 0.25678851469262787,
            "parameters": {
                "time_start": 30.108648550499332,
                "intercept": 205.53154124239785,
                "slope": 7.109067713628692,
                "time_length": 1.3038768137353571
            }
        }
    ]
}