{
    "model_name": "WeightedEnsemble",
    "core_models": [
        {
            "weight": 0.2114569370061885,
            "model_name": "Alternating",
            "parameters": {
                "a": 948.4823678344916,
                "b": 4995.322214617265,
                "threshold": 5,
                "t1": 1,
                "c": -0.02017999799555481
            }
        },
        {
            "weight": 0.20744625782356033,
            "model_name": "ThermalTime",
            "parameters": {
                "T": 8.102751074619958,
                "t1": 228.51591426994182,
                "F": 34.37532190349077
            }
        },
        {
            "weight": 0.19854218181463223,
            "model_name": "Uniforc",
            "parameters": {
                "b": -18.926890329615997,
                "F": 72.35468804872059,
                "t1": 158.9808517384935,
                "c": -37.791789744399686
            }
        },
        {
            "weight": 0.3825546233556192,
            "model_name": "Linear",
            "parameters": {
                "time_length": 2.2480583122179,
                "time_start": -14.375883895622874,
                "intercept": 235.27942441313562,
                "slope": 6.087663314015751
            }
        }
    ]
}