{
    "core_models": [
        {
            "model_name": "Alternating",
            "weight": 0.3055707689575249,
            "parameters": {
                "b": 2685.7645089288026,
                "a": -948.9747808516565,
                "t1": 1,
                "c": -0.01413994896505022,
                "threshold": 5
            }
        },
        {
            "model_name": "ThermalTime",
            "weight": 0.16956401917088978,
            "parameters": {
                "t1": 61.26488604217935,
                "T": 12.332424573835738,
                "F": 720.0277396215571
            }
        },
        {
            "model_name": "Uniforc",
            "weight": 0.10151158988170698,
            "parameters": {
                "b": -0.467086103353191,
                "t1": 66.02363091172782,
                "c": 15.8005775247545,
                "F": 23.03178969925841
            }
        },
        {
            "model_name": "Linear",
            "weight": 0.42335362198987825,
            "parameters": {
                "time_length": 11.987254822427694,
                "time_start": -26.35277421721691,
                "intercept": 162.39708830556762,
                "slope": -4.040880263949494
            }
        }
    ],
    "model_name": "WeightedEnsemble"
}