{
    "model_name": "ThermalTime",
    "parameters": {
        "F": 629.04345502205,
        "T": 13.451043148845148,
        "t1": 63.59954175681273
    }
}