{
    "core_models": [
        {
            "parameters": {
                "t1": 1,
                "b": 2664.9979231353236,
                "threshold": 5,
                "c": -0.00987869564549948,
                "a": -985.8954812356283
            },
            "weight": 0.34154352175490843,
            "model_name": "Alternating"
        },
        {
            "parameters": {
                "T": 13.15220051311874,
                "t1": 62.00985513096084,
                "F": 661.6376504845421
            },
            "weight": 0.14409123370652532,
            "model_name": "ThermalTime"
        },
        {
            "parameters": {
                "t1": 62.58919170473081,
                "F": 22.83370561972076,
                "c": 16.273379020878597,
                "b": -0.39533761394767275
            },
            "weight": 0.20315205777548653,
            "model_name": "Uniforc"
        },
        {
            "parameters": {
                "intercept": 201.62631086372502,
                "slope": -5.7785787578270895,
                "spring_length": 15.32487869995932,
                "spring_start": 59.50933685550113
            },
            "weight": 0.31121318676307974,
            "model_name": "Linear"
        }
    ],
    "model_name": "WeightedEnsemble"
}