{
    "core_models": [
        {
            "parameters": {
                "c": -0.010161647914598504,
                "a": -972.5420704828116,
                "b": 2782.297039509573,
                "threshold": 5,
                "t1": 1
            },
            "weight": 0.41732785282707163,
            "model_name": "Alternating"
        },
        {
            "parameters": {
                "t1": 48.2742412536069,
                "F": 872.7064172724123,
                "T": 12.273606377091767
            },
            "weight": 0.18502718932660972,
            "model_name": "ThermalTime"
        },
        {
            "parameters": {
                "t1": 32.136550859602124,
                "b": -0.4171227651088305,
                "F": 52.24814280425678,
                "c": 13.305346044773392
            },
            "weight": 0.14613336602360327,
            "model_name": "Uniforc"
        },
        {
            "parameters": {
                "intercept": 171.2078495402092,
                "slope": -4.050376884551803,
                "time_length": 1.48568493805287,
                "time_start": 49.303993683392925
            },
            "weight": 0.2515115918227153,
            "model_name": "Linear"
        }
    ],
    "model_name": "WeightedEnsemble"
}