{
    "core_models": [
        {
            "parameters": {
                "c": -0.016297689096513412,
                "b": 925.9704653336323,
                "a": -14.912278571225123,
                "threshold": 5,
                "t1": 1
            },
            "weight": 0.36518561385394277,
            "model_name": "Alternating"
        },
        {
            "parameters": {
                "F": 222.1702797364565,
                "T": -1.779954308142212,
                "t1": 71.82588362943955
            },
            "weight": 0.2532990385170753,
            "model_name": "ThermalTime"
        },
        {
            "parameters": {
                "c": 1.9157477784145227,
                "F": 33.90016845419768,
                "b": -3.9604876873085226,
                "t1": 54.36115686537947
            },
            "weight": 0.1870779718493062,
            "model_name": "Uniforc"
        },
        {
            "parameters": {
                "intercept": 134.24560829373738,
                "spring_start": 56.17410792493148,
                "spring_length": 73.68756341743445,
                "slope": -3.7469125254083084
            },
            "weight": 0.19443737577967563,
            "model_name": "Linear"
        }
    ],
    "model_name": "WeightedEnsemble"
}