{
    "core_models": [
        {
            "weight": 0.34909181674772866,
            "parameters": {
                "b": 1076.2771016403399,
                "threshold": 5,
                "c": -0.005576574843815241,
                "t1": 1,
                "a": -390.2610663243873
            },
            "model_name": "Alternating"
        },
        {
            "weight": 0.29164745559032224,
            "parameters": {
                "t1": 55.942349923666114,
                "F": 273.5951427160336,
                "T": -4.9995523252528455
            },
            "model_name": "ThermalTime"
        },
        {
            "weight": 0.1518886933165505,
            "parameters": {
                "b": -3.8548979905313736,
                "c": 0.9395994708076727,
                "t1": 55.73016202597604,
                "F": 35.54717467458394
            },
            "model_name": "Uniforc"
        },
        {
            "weight": 0.20737203434539864,
            "parameters": {
                "slope": -2.814694255958181,
                "time_length": 9.46085633331488,
                "time_start": 21.980830977776943,
                "intercept": 98.00898315818488
            },
            "model_name": "Linear"
        }
    ],
    "model_name": "WeightedEnsemble"
}