{
    "core_models": [
        {
            "weight": 0.3708547269310872,
            "parameters": {
                "a": -132.99677716601332,
                "b": 887.3459270659641,
                "c": -0.009023270754519697,
                "threshold": 5,
                "t1": 1
            },
            "model_name": "Alternating"
        },
        {
            "weight": 0.24370174133707248,
            "parameters": {
                "F": 289.38983388671835,
                "T": -2.732414226967428,
                "t1": 55.6812285360477
            },
            "model_name": "ThermalTime"
        },
        {
            "weight": 0.1644293369435021,
            "parameters": {
                "b": -12.948530639246425,
                "F": 43.889881701889436,
                "c": 0.7796894513944164,
                "t1": 34.14476494109202
            },
            "model_name": "Uniforc"
        },
        {
            "weight": 0.22101419478833828,
            "parameters": {
                "intercept": 128.40534886500825,
                "time_length": 64.35217896077971,
                "slope": -3.268566462348802,
                "time_start": 56.67241973682365
            },
            "model_name": "Linear"
        }
    ],
    "model_name": "WeightedEnsemble"
}