{
    "core_models": [
        {
            "parameters": {
                "intercept": 168.22856386107816,
                "time_start": 257.7843031469903,
                "slope": -3.3648226666876804,
                "time_length": 11.440066327651692
            },
            "weight": 0.8634843269086302,
            "model_name": "Linear"
        },
        {
            "parameters": {
                "F": 3.131494158934572,
                "T": 24.924780407327617,
                "t1": 182.81685559403587
            },
            "weight": 0.13651567309136892,
            "model_name": "FallCooling"
        }
    ],
    "model_name": "WeightedEnsemble"
}