{
    "model_name": "ThermalTime",
    "parameters": {
        "F": 248.82079720928382,
        "T": -0.8135973453852696,
        "t1": 61.46686989560464
    }
}