{
    "model_name": "WeightedEnsemble",
    "core_models": [
        {
            "model_name": "Alternating",
            "weight": 0.15199256771424213,
            "parameters": {
                "b": 733.4698998852928,
                "threshold": 5,
                "c": -0.9554255504505265,
                "a": 783.3724278897948,
                "t1": 1
            }
        },
        {
            "model_name": "ThermalTime",
            "weight": 0.3441127032746215,
            "parameters": {
                "F": 256.05505930364546,
                "T": 13.967907879337233,
                "t1": 55.84526319274943
            }
        },
        {
            "model_name": "Uniforc",
            "weight": 0.36684928230212105,
            "parameters": {
                "F": 19.401244400341696,
                "b": -18.960635856960756,
                "c": 13.372699231888308,
                "t1": 67.01193405729674
            }
        },
        {
            "model_name": "Linear",
            "weight": 0.13704544670901544,
            "parameters": {
                "spring_start": 58.49793434813243,
                "intercept": 232.86149064788734,
                "slope": -8.967424920821864,
                "spring_length": 81.90031740762144
            }
        }
    ]
}