{
    "model_name": "ThermalTime",
    "parameters": {
        "F": 324.39059139923734,
        "T": 13.351504204995125,
        "t1": 55.74110227748153
    }
}