{
    "core_models": [
        {
            "model_name": "Alternating",
            "parameters": {
                "b": 748.6825849579391,
                "threshold": 5,
                "t1": 1,
                "a": 778.4301885867279,
                "c": -1.1450710302853262
            },
            "weight": 0.21244936693183267
        },
        {
            "model_name": "ThermalTime",
            "parameters": {
                "T": 13.604296393347843,
                "F": 283.7535423353832,
                "t1": 56.99237368818284
            },
            "weight": 0.3942496113837246
        },
        {
            "model_name": "Uniforc",
            "parameters": {
                "b": -17.475064807912208,
                "F": 19.588399562102282,
                "t1": 68.8539371988443,
                "c": 13.35608551246259
            },
            "weight": 0.26273550365800463
        },
        {
            "model_name": "Linear",
            "parameters": {
                "time_length": 81.9137491391359,
                "time_start": 59.80845356918356,
                "intercept": 232.73953016610014,
                "slope": -8.981950150321618
            },
            "weight": 0.13056551802643784
        }
    ],
    "model_name": "WeightedEnsemble"
}