{
    "model_name": "WeightedEnsemble",
    "core_models": [
        {
            "model_name": "Alternating",
            "weight": 0.1473982467992167,
            "parameters": {
                "b": 523.9057162746797,
                "threshold": 5,
                "a": 831.0507161098508,
                "c": -1.8621927848322506,
                "t1": 1
            }
        },
        {
            "model_name": "ThermalTime",
            "weight": 0.25846156078746646,
            "parameters": {
                "T": 13.370914608657552,
                "F": 295.94378040724723,
                "t1": 68.23584083834555
            }
        },
        {
            "model_name": "Uniforc",
            "weight": 0.3217863213708781,
            "parameters": {
                "b": -15.527599832020744,
                "c": 13.36432428696883,
                "F": 19.55629386140953,
                "t1": 68.71362313643618
            }
        },
        {
            "model_name": "Linear",
            "weight": 0.2723538710424383,
            "parameters": {
                "time_start": 59.28216384015799,
                "time_length": 102.05405332336076,
                "intercept": 257.45117273206745,
                "slope": -10.445392160912228
            }
        }
    ]
}