{
    "model_name": "WeightedEnsemble",
    "core_models": [
        {
            "model_name": "Alternating",
            "weight": 0.18927681367740945,
            "parameters": {
                "a": 988.2687020660652,
                "c": -0.009187954121903985,
                "t1": 1,
                "b": 2978.913085643918,
                "threshold": 5
            }
        },
        {
            "model_name": "ThermalTime",
            "weight": 0.3823405107854566,
            "parameters": {
                "T": 20.740370184235204,
                "t1": 213.50481697342354,
                "F": 165.44238869867053
            }
        },
        {
            "model_name": "Uniforc",
            "weight": 0.16664255658408142,
            "parameters": {
                "c": 7.760432845797682,
                "t1": 78.34712465501752,
                "b": -19.432308513747195,
                "F": 124.6799073969612
            }
        },
        {
            "model_name": "Linear",
            "weight": 0.2617401189530522,
            "parameters": {
                "slope": -4.479462862317643,
                "intercept": 203.14194819171084,
                "time_length": 2.7465719965246578,
                "time_start": 5.439974055817817
            }
        }
    ]
}