{
    "model_name": "Uniforc",
    "parameters": {
        "F": 187.0039797843926,
        "b": -3.9508759746042887,
        "c": -4.51178377597043,
        "t1": 30.50057671492293
    }
}