{
    "model_name": "WeightedEnsemble",
    "core_models": [
        {
            "parameters": {
                "threshold": 5,
                "b": 2901.9124369221317,
                "t1": 1,
                "a": 754.3892556581358,
                "c": -0.004214990562420695
            },
            "model_name": "Alternating",
            "weight": 0.07818860475134429
        },
        {
            "parameters": {
                "F": 385.69523225177517,
                "t1": 216.71097849372,
                "T": 15.23323370487818
            },
            "model_name": "ThermalTime",
            "weight": 0.2006541711681197
        },
        {
            "parameters": {
                "F": 186.99331918993332,
                "b": -10.036599877763324,
                "t1": 30.68595162389424,
                "c": -4.631271601203435
            },
            "model_name": "Uniforc",
            "weight": 0.23987525984295135
        },
        {
            "parameters": {
                "spring_length": 1.4457311194640283,
                "intercept": 224.63321533566508,
                "spring_start": 8.160755719017239,
                "slope": -3.5672055319871214
            },
            "model_name": "Linear",
            "weight": 0.4812819642375848
        }
    ]
}