{
    "core_models": [
        {
            "model_name": "Alternating",
            "parameters": {
                "c": -0.005995015909918688,
                "b": 2723.298018758196,
                "a": 730.6831276199383,
                "threshold": 5,
                "t1": 1
            },
            "weight": 0.20999047115953065
        },
        {
            "model_name": "ThermalTime",
            "parameters": {
                "T": 17.953683824544893,
                "F": 923.6435509285111,
                "t1": 180.88005792419176
            },
            "weight": 0.26890269048842863
        },
        {
            "model_name": "Uniforc",
            "parameters": {
                "b": -19.8492477844806,
                "c": -1.3698242542606986,
                "F": 181.95586483136563,
                "t1": 6.424934267561127
            },
            "weight": 0.1902477729818889
        },
        {
            "model_name": "Linear",
            "parameters": {
                "slope": -3.903435520742118,
                "time_start": 8.358674035160778,
                "time_length": 2.594264910124018,
                "intercept": 217.0548047489199
            },
            "weight": 0.33085906537015175
        }
    ],
    "model_name": "WeightedEnsemble"
}