{
    "model_name": "WeightedEnsemble",
    "core_models": [
        {
            "model_name": "Alternating",
            "weight": 0.24368346582494085,
            "parameters": {
                "b": 4329.379857290931,
                "c": -0.04352676355963636,
                "a": 287.9524876806616,
                "threshold": 5,
                "t1": 1
            }
        },
        {
            "model_name": "ThermalTime",
            "weight": 0.3643745241329932,
            "parameters": {
                "T": 7.4382617936937905,
                "F": 134.4042304749134,
                "t1": 110.53847530399653
            }
        },
        {
            "model_name": "Uniforc",
            "weight": 0.19507582409859525,
            "parameters": {
                "b": -9.038439696160099,
                "c": 3.552879537712983,
                "F": 35.25677772892904,
                "t1": 82.3606327966381
            }
        },
        {
            "model_name": "Linear",
            "weight": 0.19686618594347072,
            "parameters": {
                "intercept": 111.89053881752186,
                "slope": 1.9870826925004943,
                "spring_start": -25.18025881553004,
                "spring_length": 1.0705904787183371
            }
        }
    ]
}