{
    "model_name": "ThermalTime",
    "parameters": {
        "F": 36.59892920828224,
        "T": 16.735119253422774,
        "t1": 110.33791191044143
    }
}