{
    "model_name": "WeightedEnsemble",
    "core_models": [
        {
            "model_name": "Alternating",
            "parameters": {
                "c": -0.018980699960932768,
                "b": 1409.7621503495693,
                "threshold": 5,
                "a": 3.5550217907120985,
                "t1": 1
            },
            "weight": 0.30151171063117294
        },
        {
            "model_name": "ThermalTime",
            "parameters": {
                "T": -9.427855160071246,
                "F": 198.96389117831137,
                "t1": 85.65412346254851
            },
            "weight": 0.10218221191981228
        },
        {
            "model_name": "Uniforc",
            "parameters": {
                "b": -0.23824455054361948,
                "F": 30.748012470955402,
                "c": 2.354116654645355,
                "t1": 65.09538615874652
            },
            "weight": 0.09083650935833129
        },
        {
            "model_name": "Linear",
            "parameters": {
                "intercept": 146.86608237738935,
                "slope": -2.9190474230873655,
                "time_length": 117.75892317048178,
                "time_start": 59.775275818973356
            },
            "weight": 0.5054695680906832
        }
    ]
}