{
    "model_name": "WeightedEnsemble",
    "core_models": [
        {
            "model_name": "Alternating",
            "parameters": {
                "threshold": 5,
                "b": 4040.529261049117,
                "t1": 1,
                "c": -0.033224098732919316,
                "a": 142.64475224648353
            },
            "weight": 0.36565816722643796
        },
        {
            "model_name": "ThermalTime",
            "parameters": {
                "T": 5.32519916834352,
                "t1": 112.15820240247065,
                "F": 168.628741963655
            },
            "weight": 0.25175093303509694
        },
        {
            "model_name": "Uniforc",
            "parameters": {
                "b": -4.2066493518141534,
                "t1": 111.39523790882977,
                "F": 14.565547603896917,
                "c": 6.172846329820292
            },
            "weight": 0.28006772083260123
        },
        {
            "model_name": "Linear",
            "parameters": {
                "time_start": 7.324520769941383,
                "slope": 0.5703809252899315,
                "intercept": 133.5782829430465,
                "time_length": 1.200515587462803
            },
            "weight": 0.10252317890586364
        }
    ]
}