{
    "core_models": [
        {
            "weight": 0.28334695095732154,
            "model_name": "Alternating",
            "parameters": {
                "b": 1271.2776260587023,
                "threshold": 5,
                "c": -0.021063968810928646,
                "a": 51.48571104385758,
                "t1": 1
            }
        },
        {
            "weight": 0.16416801367668488,
            "model_name": "ThermalTime",
            "parameters": {
                "T": -15.397581806356184,
                "F": 181.680275277696,
                "t1": 81.44956072544977
            }
        },
        {
            "weight": 0.2372584059922417,
            "model_name": "Uniforc",
            "parameters": {
                "b": -13.532581415006183,
                "F": 15.663319530861713,
                "c": 5.799399571641928,
                "t1": 81.09139460082477
            }
        },
        {
            "weight": 0.3152266293737521,
            "model_name": "Linear",
            "parameters": {
                "slope": -2.8162093099284173,
                "spring_start": 37.58834317346047,
                "intercept": 130.2295109719211,
                "spring_length": 112.48354296919415
            }
        }
    ],
    "model_name": "WeightedEnsemble"
}