{
    "core_models": [
        {
            "parameters": {
                "c": -0.0348430783027327,
                "a": 132.24458002111405,
                "b": 4355.585844158977,
                "t1": 1,
                "threshold": 5
            },
            "weight": 0.3617776715999448,
            "model_name": "Alternating"
        },
        {
            "parameters": {
                "T": 14.936731982840806,
                "F": 3.9457407748146807,
                "t1": 122.80289067697566
            },
            "weight": 0.24313100791858575,
            "model_name": "ThermalTime"
        },
        {
            "parameters": {
                "b": -16.371502642434084,
                "c": 7.560690791232105,
                "t1": 108.53729488778902,
                "F": 13.063063907367592
            },
            "weight": 0.23001685990435888,
            "model_name": "Uniforc"
        },
        {
            "parameters": {
                "time_start": -24.88073196062323,
                "slope": 3.0420168855967114,
                "intercept": 114.55109852912871,
                "time_length": 1.8247581909013633
            },
            "weight": 0.16507446057711042,
            "model_name": "Linear"
        }
    ],
    "model_name": "WeightedEnsemble"
}