{
    "model_name": "Alternating",
    "parameters": {
        "a": 31.346744128411874,
        "b": 1253.3259762500106,
        "c": -0.01985912446534677,
        "t1": 1.0,
        "threshold": 5.0
    }
}