{
    "model_name": "WeightedEnsemble",
    "core_models": [
        {
            "model_name": "Alternating",
            "parameters": {
                "c": -0.02473673461277537,
                "b": 1576.5979237417052,
                "threshold": 5,
                "t1": 1,
                "a": 68.82203259196018
            },
            "weight": 0.33068540751762493
        },
        {
            "model_name": "ThermalTime",
            "parameters": {
                "T": -1.209251834020969,
                "t1": 83.87344329408472,
                "F": 201.78520528551616
            },
            "weight": 0.1635302553962243
        },
        {
            "model_name": "Uniforc",
            "parameters": {
                "b": -3.2547081836223812,
                "c": 3.8259810553117446,
                "t1": 77.24791756168962,
                "F": 22.288779501874174
            },
            "weight": 0.12640843491420156
        },
        {
            "model_name": "Linear",
            "parameters": {
                "time_length": 119.34264215410653,
                "time_start": 55.97361183586251,
                "intercept": 142.79448240647366,
                "slope": -2.854118383302822
            },
            "weight": 0.37937590217194916
        }
    ]
}