{
    "core_models": [
        {
            "parameters": {
                "threshold": 5,
                "a": 802.2449324083134,
                "b": 4103.113877768342,
                "c": -5.4753141918606474e-05,
                "t1": 1
            },
            "model_name": "Alternating",
            "weight": 0.2195112294979841
        },
        {
            "parameters": {
                "F": 214.3102903789582,
                "t1": 217.26180676967746,
                "T": 16.541774875722297
            },
            "model_name": "ThermalTime",
            "weight": 0.22442846972031016
        },
        {
            "parameters": {
                "F": 109.3423831529918,
                "t1": -65.98791636942445,
                "b": -19.594187158385196,
                "c": 22.169257357514628
            },
            "model_name": "Uniforc",
            "weight": 0.14191010338598437
        },
        {
            "parameters": {
                "time_start": 20.2137752310192,
                "time_length": 1.1828900035657668,
                "intercept": -55.01023141746046,
                "slope": 23.975334104572394
            },
            "model_name": "Linear",
            "weight": 0.41415019739572123
        }
    ],
    "model_name": "WeightedEnsemble"
}