{
    "model_name": "ThermalTime",
    "parameters": {
        "F": 723.750083092969,
        "T": 24.88035408828568,
        "t1": 237.5221402851484
    }
}