{
    "model_name": "WeightedEnsemble",
    "core_models": [
        {
            "model_name": "Alternating",
            "weight": 0.1753269821388261,
            "parameters": {
                "c": -0.0002631817777980494,
                "threshold": 5,
                "b": 3760.9780296043236,
                "a": 167.58518056406268,
                "t1": 1
            }
        },
        {
            "model_name": "ThermalTime",
            "weight": 0.1661912386949586,
            "parameters": {
                "F": 668.4440992860755,
                "T": 5.774347488353559,
                "t1": 168.0873859273162
            }
        },
        {
            "model_name": "Uniforc",
            "weight": 0.2688658683943253,
            "parameters": {
                "c": 21.133571684465046,
                "b": -17.640221627150698,
                "F": 77.98721430048157,
                "t1": -65.6874717892533
            }
        },
        {
            "model_name": "Linear",
            "weight": 0.38961591077188973,
            "parameters": {
                "slope": 22.302254624930114,
                "intercept": -67.0,
                "time_start": 22.413261703995946,
                "time_length": 5.238914008952996
            }
        }
    ]
}