{
    "model_name": "WeightedEnsemble",
    "core_models": [
        {
            "parameters": {
                "a": 47.22815180171103,
                "t1": 1,
                "threshold": 5,
                "b": 377.0642961542562,
                "c": -0.015584276696398724
            },
            "model_name": "Alternating",
            "weight": 0.20546714796465992
        },
        {
            "parameters": {
                "F": 211.80740262946682,
                "t1": 19.150102206945988,
                "T": -1.2151777955854288
            },
            "model_name": "ThermalTime",
            "weight": 0.26434883237035306
        },
        {
            "parameters": {
                "F": 23.287289890330015,
                "t1": 16.40486947160103,
                "b": -0.2382801457580932,
                "c": 5.520018326864773
            },
            "model_name": "Uniforc",
            "weight": 0.2634975641519247
        },
        {
            "parameters": {
                "slope": -4.363508621698866,
                "intercept": 103.759945072118,
                "time_start": 15.514570600204715,
                "time_length": 97.51419117956033
            },
            "model_name": "Linear",
            "weight": 0.26668645551306236
        }
    ]
}