{
    "core_models": [
        {
            "weight": 0.312292802431094,
            "parameters": {
                "b": 491.8178376532089,
                "c": -0.016654203248586796,
                "threshold": 5,
                "a": 56.885800703739164,
                "t1": 1
            },
            "model_name": "Alternating"
        },
        {
            "weight": 0.35124752394215714,
            "parameters": {
                "T": -2.1106300098324677,
                "F": 213.83137869843318,
                "t1": 36.62329581733739
            },
            "model_name": "ThermalTime"
        },
        {
            "weight": 0.17582784317318295,
            "parameters": {
                "b": -0.29250907275986293,
                "c": 8.129251971284013,
                "F": 14.279751252961972,
                "t1": 36.539559860577725
            },
            "model_name": "Uniforc"
        },
        {
            "weight": 0.16063183045356585,
            "parameters": {
                "time_length": 93.12235821043558,
                "intercept": 106.82473648147771,
                "slope": -4.014551139973302,
                "time_start": 18.92754832543813
            },
            "model_name": "Linear"
        }
    ],
    "model_name": "WeightedEnsemble"
}