{
    "model_name": "WeightedEnsemble",
    "core_models": [
        {
            "model_name": "Alternating",
            "weight": 0.20676890666265538,
            "parameters": {
                "t1": 1,
                "b": 2388.8890505501454,
                "a": 212.15509956993284,
                "c": -1.2300863068040124,
                "threshold": 5
            }
        },
        {
            "model_name": "ThermalTime",
            "weight": 0.30123721937903797,
            "parameters": {
                "t1": 45.85173565298949,
                "T": -3.679680720055961,
                "F": 178.58329682348398
            }
        },
        {
            "model_name": "Uniforc",
            "weight": 0.20132691794021643,
            "parameters": {
                "t1": 15.544825946540698,
                "b": -0.2584998610332576,
                "c": 3.0926615452184003,
                "F": 31.360113299826224
            }
        },
        {
            "model_name": "Linear",
            "weight": 0.29066695601809034,
            "parameters": {
                "time_length": 96.12497757029143,
                "slope": -4.38586663442539,
                "time_start": 15.997233851373133,
                "intercept": 104.77563520496614
            }
        }
    ]
}