{
    "model_name": "Uniforc",
    "parameters": {
        "F": 29.396589410985516,
        "b": -0.2769652220342511,
        "c": 3.3897398692269713,
        "t1": 14.1454399255812
    }
}