{
    "core_models": [
        {
            "parameters": {
                "a": 45.6754603605225,
                "t1": 1,
                "b": 467.6208474238581,
                "c": -0.015168467596450519,
                "threshold": 5
            },
            "weight": 0.2519775612271391,
            "model_name": "Alternating"
        },
        {
            "parameters": {
                "t1": 35.531444844631324,
                "F": 226.47215816267385,
                "T": -0.7986709779113477
            },
            "weight": 0.3491835164250675,
            "model_name": "ThermalTime"
        },
        {
            "parameters": {
                "t1": 20.67451616336477,
                "F": 13.930167866783492,
                "c": 11.859010754340582,
                "b": -0.17597688381954413
            },
            "weight": 0.2677962461322879,
            "model_name": "Uniforc"
        },
        {
            "parameters": {
                "slope": -4.560391768014491,
                "intercept": 119.9377623301462,
                "spring_length": 117.40905004521304,
                "spring_start": 20.74156558151794
            },
            "weight": 0.13104267621550553,
            "model_name": "Linear"
        }
    ],
    "model_name": "WeightedEnsemble"
}