{
    "core_models": [
        {
            "parameters": {
                "b": 363.42520732031244,
                "c": -0.022100946042517666,
                "a": 94.41684932226768,
                "threshold": 5,
                "t1": 1
            },
            "model_name": "Alternating",
            "weight": 0.20023082925092525
        },
        {
            "parameters": {
                "F": 219.01809817056153,
                "T": -0.5649924624109987,
                "t1": 17.383065569097397
            },
            "model_name": "ThermalTime",
            "weight": 0.3200344794941127
        },
        {
            "parameters": {
                "c": 7.407882525469544,
                "F": 19.4064317125995,
                "b": -0.23162170780365088,
                "t1": 11.64251951152896
            },
            "model_name": "Uniforc",
            "weight": 0.19991383496531834
        },
        {
            "parameters": {
                "spring_length": 97.58191677165593,
                "intercept": 103.31985679084877,
                "slope": -4.427657444665389,
                "spring_start": 14.219123546885196
            },
            "model_name": "Linear",
            "weight": 0.27982085628964365
        }
    ],
    "model_name": "WeightedEnsemble"
}