{
    "core_models": [
        {
            "parameters": {
                "c": -0.02775804374511459,
                "b": 747.1767152716488,
                "t1": 1,
                "a": 107.74220610695062,
                "threshold": 5
            },
            "weight": 0.23265744204039315,
            "model_name": "Alternating"
        },
        {
            "parameters": {
                "t1": 53.897891828699926,
                "T": -2.316770727550155,
                "F": 209.1980493920601
            },
            "weight": 0.3867884273888067,
            "model_name": "ThermalTime"
        },
        {
            "parameters": {
                "c": 9.129503274908867,
                "t1": 53.03008369335799,
                "b": -0.30574535985645745,
                "F": 11.441502411731932
            },
            "weight": 0.21751703516225374,
            "model_name": "Uniforc"
        },
        {
            "parameters": {
                "time_length": 117.24919693706121,
                "time_start": 21.222067534078544,
                "slope": -3.9645393363785986,
                "intercept": 118.66039068553899
            },
            "weight": 0.16303709540854644,
            "model_name": "Linear"
        }
    ],
    "model_name": "WeightedEnsemble"
}