{
    "core_models": [
        {
            "model_name": "Linear",
            "parameters": {
                "slope": 3.842809808263362,
                "time_start": 278.3957163662624,
                "intercept": 207.75086266140357,
                "time_length": 17.06447134514584
            },
            "weight": 0.39089291581010854
        },
        {
            "model_name": "FallCooling",
            "parameters": {
                "t1": 250.31023077299673,
                "F": 30.57487561861501,
                "T": 19.279981549081672
            },
            "weight": 0.6091070841898913
        }
    ],
    "model_name": "WeightedEnsemble"
}