{
    "model_name": "Alternating",
    "parameters": {
        "a": 38.310337046796974,
        "b": 491.8248830573918,
        "c": -0.014207033766965084,
        "t1": 1.0,
        "threshold": 5.0
    }
}