{
    "core_models": [
        {
            "parameters": {
                "time_length": 68.10143142968212,
                "intercept": 243.55324709417792,
                "slope": 0.7664704209449017,
                "time_start": 201.2142536056566
            },
            "weight": 0.6143278937175701,
            "model_name": "Linear"
        },
        {
            "parameters": {
                "t1": 260.7715118273775,
                "T": 24.066098558927372,
                "F": 18.781637945410296
            },
            "weight": 0.3856721062824293,
            "model_name": "FallCooling"
        }
    ],
    "model_name": "WeightedEnsemble"
}