{
    "core_models": [
        {
            "model_name": "Alternating",
            "parameters": {
                "a": 565.1126984452155,
                "b": 727.4663725911912,
                "t1": 1,
                "c": -0.016228785938165124,
                "threshold": 5
            },
            "weight": 0.20497835033227785
        },
        {
            "model_name": "ThermalTime",
            "parameters": {
                "t1": 38.23847750755225,
                "T": -5.009515392488425,
                "F": 845.5144483069954
            },
            "weight": 0.29406081474803625
        },
        {
            "model_name": "Uniforc",
            "parameters": {
                "t1": -8.045338152949242,
                "b": -17.527364666597435,
                "c": 4.7919823353629205,
                "F": 98.2163994462326
            },
            "weight": 0.17369769873195284
        },
        {
            "model_name": "Linear",
            "parameters": {
                "time_length": 26.43707717231306,
                "intercept": 151.124230339702,
                "slope": -3.5964786473778485,
                "time_start": 55.35080258032837
            },
            "weight": 0.32726313618773306
        }
    ],
    "model_name": "WeightedEnsemble"
}