{
    "model_name": "Alternating",
    "parameters": {
        "a": 881.1190978174527,
        "b": 454.1619724644381,
        "c": -0.0006511568201315043,
        "t1": 1.0,
        "threshold": 5.0
    }
}