{
    "model_name": "WeightedEnsemble",
    "core_models": [
        {
            "weight": 0.35617422639570206,
            "model_name": "Alternating",
            "parameters": {
                "a": -987.7098890219734,
                "b": 2309.5902142897635,
                "c": -0.007071071907007731,
                "threshold": 5,
                "t1": 1
            }
        },
        {
            "weight": 0.22413826650778126,
            "model_name": "ThermalTime",
            "parameters": {
                "T": -5.634142325977703,
                "t1": 42.758528320429875,
                "F": 801.8449656396863
            }
        },
        {
            "weight": 0.16248248900076476,
            "model_name": "Uniforc",
            "parameters": {
                "t1": 50.04242146703052,
                "b": -9.118220399519355,
                "c": 10.985651694542476,
                "F": 35.84804167095082
            }
        },
        {
            "weight": 0.2572050180957518,
            "model_name": "Linear",
            "parameters": {
                "slope": -3.3941367636344935,
                "intercept": 156.6470807527687,
                "time_length": 106.93334981571995,
                "time_start": 39.8105386518333
            }
        }
    ]
}