{
    "core_models": [
        {
            "parameters": {
                "c": -0.00031592138632019484,
                "b": 739.0745360675348,
                "a": 594.820146137661,
                "threshold": 5,
                "t1": 1
            },
            "weight": 0.2512198871324384,
            "model_name": "Alternating"
        },
        {
            "parameters": {
                "F": 767.0978175102815,
                "T": 11.906548347745716,
                "t1": 39.20646572301138
            },
            "weight": 0.1616678607987036,
            "model_name": "ThermalTime"
        },
        {
            "parameters": {
                "c": 14.983137988342666,
                "F": 49.6437788647704,
                "b": -0.14488361887584134,
                "t1": -17.814533958858846
            },
            "weight": 0.14206161919821408,
            "model_name": "Uniforc"
        },
        {
            "parameters": {
                "intercept": 178.8476381933925,
                "spring_start": -5.266897638194777,
                "spring_length": 83.26959478098959,
                "slope": -6.430727336948675
            },
            "weight": 0.44505063287064395,
            "model_name": "Linear"
        }
    ],
    "model_name": "WeightedEnsemble"
}