{
    "core_models": [
        {
            "parameters": {
                "t1": 1,
                "threshold": 5,
                "a": 86.38565480630444,
                "c": -0.029811509590019547,
                "b": 4114.853100880262
            },
            "model_name": "Alternating",
            "weight": 0.19541391420892607
        },
        {
            "parameters": {
                "t1": 105.86801842579578,
                "T": 10.41944023746259,
                "F": 96.98306179643612
            },
            "model_name": "ThermalTime",
            "weight": 0.24772164578744796
        },
        {
            "parameters": {
                "t1": 102.99208393265164,
                "b": -3.836784781740848,
                "c": 12.071265325941049,
                "F": 4.864215507003138
            },
            "model_name": "Uniforc",
            "weight": 0.2693452871405439
        },
        {
            "parameters": {
                "slope": -2.7304864899918315,
                "time_start": 59.133434483061485,
                "intercept": 153.99489197072586,
                "time_length": 119.77614365447047
            },
            "model_name": "Linear",
            "weight": 0.2875191528630821
        }
    ],
    "model_name": "WeightedEnsemble"
}