{
    "model_name": "WeightedEnsemble",
    "core_models": [
        {
            "model_name": "Alternating",
            "parameters": {
                "t1": 1,
                "threshold": 5,
                "c": -0.02801991380632085,
                "b": 3607.8374051740866,
                "a": 76.42708485708295
            },
            "weight": 0.1725337838797525
        },
        {
            "model_name": "ThermalTime",
            "parameters": {
                "t1": 107.22161040164394,
                "T": 11.858203431157582,
                "F": 60.870781445952616
            },
            "weight": 0.16591232275737616
        },
        {
            "model_name": "Uniforc",
            "parameters": {
                "t1": 105.28332154988466,
                "F": 5.754334908235606,
                "b": -9.81533795905251,
                "c": 11.13930394847209
            },
            "weight": 0.22551047900632804
        },
        {
            "model_name": "Linear",
            "parameters": {
                "slope": -2.7050846550301544,
                "time_length": 97.91417391393777,
                "time_start": 59.33513599859664,
                "intercept": 148.4760142478164
            },
            "weight": 0.4360434143565433
        }
    ]
}