{
    "model_name": "Alternating",
    "parameters": {
        "a": 86.48253973264542,
        "b": 3573.1117295368,
        "c": -0.02867302747604405,
        "t1": 1.0,
        "threshold": 5.0
    }
}