{
    "model_name": "WeightedEnsemble",
    "core_models": [
        {
            "parameters": {
                "threshold": 5,
                "a": 65.12289699845786,
                "t1": 1,
                "c": -0.02632533514511648,
                "b": 3129.9640899470232
            },
            "model_name": "Alternating",
            "weight": 0.1256531451524032
        },
        {
            "parameters": {
                "T": 11.496965619411592,
                "t1": 102.81526246058003,
                "F": 89.53415679469805
            },
            "model_name": "ThermalTime",
            "weight": 0.32758626092102394
        },
        {
            "parameters": {
                "t1": 101.74938135437051,
                "F": 4.915442589224099,
                "b": -4.473565620746955,
                "c": 12.027625019763843
            },
            "model_name": "Uniforc",
            "weight": 0.3131946594515237
        },
        {
            "parameters": {
                "intercept": 154.5004291597522,
                "spring_start": 59.48877600766489,
                "slope": -2.7786772573904757,
                "spring_length": 117.92350004956513
            },
            "model_name": "Linear",
            "weight": 0.23356593447504914
        }
    ]
}