{
    "core_models": [
        {
            "model_name": "Alternating",
            "weight": 0.4004657484568468,
            "parameters": {
                "threshold": 5,
                "b": 1627.1094748098835,
                "t1": 1,
                "c": -0.0048008781572588255,
                "a": -720.2777851706137
            }
        },
        {
            "model_name": "ThermalTime",
            "weight": 0.1338465805137311,
            "parameters": {
                "t1": 42.3344633478345,
                "T": 1.6404601424061749,
                "F": 449.7279211005012
            }
        },
        {
            "model_name": "Uniforc",
            "weight": 0.20408845395452838,
            "parameters": {
                "b": -0.16737044095535936,
                "t1": 44.512842958016975,
                "c": 14.987035592345311,
                "F": 15.116756460151251
            }
        },
        {
            "model_name": "Linear",
            "weight": 0.2615992170748937,
            "parameters": {
                "spring_start": 19.513586592847275,
                "intercept": 109.4140487365536,
                "slope": -2.8509115411490384,
                "spring_length": 11.764162143214413
            }
        }
    ],
    "model_name": "WeightedEnsemble"
}