{
    "core_models": [
        {
            "model_name": "Alternating",
            "weight": 0.12854182488677737,
            "parameters": {
                "b": 2657.2463734718694,
                "a": 557.7747153784825,
                "c": -4.831040415163649,
                "t1": 1,
                "threshold": 5
            }
        },
        {
            "model_name": "ThermalTime",
            "weight": 0.11411283547877,
            "parameters": {
                "F": 591.7247778017737,
                "t1": -15.657831384106117,
                "T": 3.3101092124863563
            }
        },
        {
            "model_name": "Uniforc",
            "weight": 0.18970631637830423,
            "parameters": {
                "F": 50.21365120362356,
                "t1": 5.320846871143161,
                "c": 4.028545972707076,
                "b": -19.732559277974282
            }
        },
        {
            "model_name": "Linear",
            "weight": 0.5676390232561487,
            "parameters": {
                "spring_length": 1.4531641862906142,
                "spring_start": 15.190162880387733,
                "slope": -4.3522640748537755,
                "intercept": 108.57198582241216
            }
        }
    ],
    "model_name": "WeightedEnsemble"
}