{
    "model_name": "WeightedEnsemble",
    "core_models": [
        {
            "model_name": "Alternating",
            "parameters": {
                "a": -352.67389639769067,
                "b": 1123.1856144125002,
                "threshold": 5,
                "t1": 1,
                "c": -0.0070632452549386215
            },
            "weight": 0.25223262298707827
        },
        {
            "model_name": "ThermalTime",
            "parameters": {
                "T": 3.7942931186551068,
                "F": 280.17378981044465,
                "t1": 39.78419848664079
            },
            "weight": 0.21617632683618246
        },
        {
            "model_name": "Uniforc",
            "parameters": {
                "b": -0.06536009891486394,
                "F": 5.308880709179832,
                "t1": 14.762321849802717,
                "c": 45.26165690784896
            },
            "weight": 0.11306964905105148
        },
        {
            "model_name": "Linear",
            "parameters": {
                "time_length": 21.727876004867802,
                "time_start": 14.846435739332787,
                "slope": -2.7024679985505617,
                "intercept": 96.85387012673186
            },
            "weight": 0.4185214011256877
        }
    ]
}