{
    "model_name": "WeightedEnsemble",
    "core_models": [
        {
            "parameters": {
                "a": -706.948371475846,
                "c": -0.005836932526111394,
                "b": 1703.8714446092592,
                "t1": 1,
                "threshold": 5
            },
            "model_name": "Alternating",
            "weight": 0.5223032927838259
        },
        {
            "parameters": {
                "T": 5.713382045566035,
                "t1": 86.28360477358385,
                "F": 235.43144667218706
            },
            "model_name": "ThermalTime",
            "weight": 0.19681434736606704
        },
        {
            "parameters": {
                "F": 16.101198403740554,
                "c": 7.318346582112012,
                "b": -3.2454292777301585,
                "t1": 86.28125193470522
            },
            "model_name": "Uniforc",
            "weight": 0.11317213532366642
        },
        {
            "parameters": {
                "slope": -3.2089418174362803,
                "time_start": 44.60044293065417,
                "intercept": 145.66730745680505,
                "time_length": 119.41928060462405
            },
            "model_name": "Linear",
            "weight": 0.1677102245264399
        }
    ]
}