{
    "core_models": [
        {
            "parameters": {
                "threshold": 5,
                "b": 1018.1875070318774,
                "c": -0.008029987298738384,
                "t1": 1,
                "a": -151.43962353843187
            },
            "weight": 0.566462878051808,
            "model_name": "Alternating"
        },
        {
            "parameters": {
                "T": -1.7577756840899377,
                "F": 436.0054184302023,
                "t1": 44.938545934226724
            },
            "weight": 0.12178916208180621,
            "model_name": "ThermalTime"
        },
        {
            "parameters": {
                "b": -2.8384136807433924,
                "F": 5.573496701157524,
                "t1": 72.04859058189793,
                "c": 14.2777396870027
            },
            "weight": 0.11915708630468508,
            "model_name": "Uniforc"
        },
        {
            "parameters": {
                "time_length": 82.05101031388153,
                "intercept": 140.40095223045864,
                "time_start": 49.89066507799299,
                "slope": -3.451695577662318
            },
            "weight": 0.19259087356170018,
            "model_name": "Linear"
        }
    ],
    "model_name": "WeightedEnsemble"
}