{
    "core_models": [
        {
            "weight": 0.14322265085858785,
            "parameters": {
                "c": -0.6666882211127017,
                "threshold": 5,
                "t1": 1,
                "a": 442.8044804949292,
                "b": 1997.5591764703936
            },
            "model_name": "Alternating"
        },
        {
            "weight": 0.11388818243070536,
            "parameters": {
                "T": 3.9228155860671468,
                "F": 434.4414055116768,
                "t1": 24.065545853284803
            },
            "model_name": "ThermalTime"
        },
        {
            "weight": 0.13214536616558115,
            "parameters": {
                "c": 3.9863905468895733,
                "F": 44.561088727111176,
                "t1": 16.520365028447813,
                "b": -17.45849175465112
            },
            "model_name": "Uniforc"
        },
        {
            "weight": 0.610743800545125,
            "parameters": {
                "intercept": 108.9818755529271,
                "slope": -3.53780026398019,
                "time_length": 1.486727791299522,
                "time_start": 16.350242238804906
            },
            "model_name": "Linear"
        }
    ],
    "model_name": "WeightedEnsemble"
}