{
    "core_models": [
        {
            "parameters": {
                "time_start": 213.64771191204173,
                "time_length": 33.03267990039052,
                "intercept": -41.413074373558665,
                "slope": 13.424438128293772
            },
            "weight": 0.5722274999794227,
            "model_name": "Linear"
        },
        {
            "parameters": {
                "t1": 233.15690759587267,
                "F": 0.7054113241250661,
                "T": 17.799104919567643
            },
            "weight": 0.4277725000205773,
            "model_name": "FallCooling"
        }
    ],
    "model_name": "WeightedEnsemble"
}