{
    "core_models": [
        {
            "parameters": {
                "intercept": 219.48384654071205,
                "slope": 4.235992901759761,
                "time_start": 272.67859582515865,
                "time_length": 19.252900370229973
            },
            "weight": 0.33276111935087554,
            "model_name": "Linear"
        },
        {
            "parameters": {
                "F": 53.345874342397565,
                "t1": 245.70628849461647,
                "T": 13.868830124816277
            },
            "weight": 0.6672388806491241,
            "model_name": "FallCooling"
        }
    ],
    "model_name": "WeightedEnsemble"
}