{
    "model_name": "Alternating",
    "parameters": {
        "a": -307.67515130250933,
        "b": 1100.8567536548123,
        "c": -0.0078097308752478325,
        "t1": 1.0,
        "threshold": 5.0
    }
}