{
    "core_models": [
        {
            "weight": 0.16236351819251296,
            "parameters": {
                "threshold": 5,
                "c": -0.011511212463592546,
                "a": -49.747659549921444,
                "b": 861.7930716560218,
                "t1": 1
            },
            "model_name": "Alternating"
        },
        {
            "weight": 0.30086548305052196,
            "parameters": {
                "T": 10.624477323579034,
                "t1": 74.69341221338273,
                "F": 111.99368603226202
            },
            "model_name": "ThermalTime"
        },
        {
            "weight": 0.19331288156760543,
            "parameters": {
                "b": -13.32235120059297,
                "c": 10.647329452401289,
                "F": 7.698183518808861,
                "t1": 74.1048640614712
            },
            "model_name": "Uniforc"
        },
        {
            "weight": 0.34345811718935976,
            "parameters": {
                "time_start": 57.911546581227114,
                "time_length": 119.38468506527877,
                "slope": -4.079402937380111,
                "intercept": 155.98429747266044
            },
            "model_name": "Linear"
        }
    ],
    "model_name": "WeightedEnsemble"
}