{
    "core_models": [
        {
            "parameters": {
                "c": -0.016668213099460427,
                "b": 1070.6463295157453,
                "threshold": 5,
                "a": 36.56916798750465,
                "t1": 1
            },
            "weight": 0.12664914703122104,
            "model_name": "Alternating"
        },
        {
            "parameters": {
                "F": 36.43596645822055,
                "t1": 84.90304534892334,
                "T": 15.450024604333379
            },
            "weight": 0.3629537950103235,
            "model_name": "ThermalTime"
        },
        {
            "parameters": {
                "c": 10.291179625738621,
                "F": 9.289760616698274,
                "t1": 77.32624067988216,
                "b": -10.79933485688814
            },
            "weight": 0.28224669166943495,
            "model_name": "Uniforc"
        },
        {
            "parameters": {
                "spring_length": 100.37874624018949,
                "spring_start": 41.276024676926156,
                "intercept": 135.19400925323907,
                "slope": -3.3774505893470206
            },
            "weight": 0.22815036628902058,
            "model_name": "Linear"
        }
    ],
    "model_name": "WeightedEnsemble"
}