{
    "model_name": "Alternating",
    "parameters": {
        "a": -851.2610393694601,
        "b": 1682.6559127820206,
        "c": -0.003726622369742749,
        "t1": 1.0,
        "threshold": 5.0
    }
}