{
    "model_name": "ThermalTime",
    "parameters": {
        "F": 568.772281720156,
        "T": 3.3645481656278786,
        "t1": -6.502919730703923
    }
}