{
    "core_models": [
        {
            "weight": 0.3232686921216207,
            "model_name": "Alternating",
            "parameters": {
                "c": -0.02709566017242615,
                "threshold": 5,
                "a": 167.32973549522345,
                "t1": 1,
                "b": 1025.7232497313403
            }
        },
        {
            "weight": 0.311058153193655,
            "model_name": "ThermalTime",
            "parameters": {
                "F": 35.43647779150149,
                "t1": 85.83558988950342,
                "T": 15.446005738598073
            }
        },
        {
            "weight": 0.1491363175072056,
            "model_name": "Uniforc",
            "parameters": {
                "c": 15.468163479559804,
                "b": -6.079056089977213,
                "t1": 83.26505357650558,
                "F": 1.9962476766607722
            }
        },
        {
            "weight": 0.21653683717751865,
            "model_name": "Linear",
            "parameters": {
                "intercept": 141.78867447450529,
                "time_length": 88.10066010421107,
                "time_start": 54.856344157111145,
                "slope": -3.9807028504869226
            }
        }
    ],
    "model_name": "WeightedEnsemble"
}