{
    "core_models": [
        {
            "model_name": "Alternating",
            "parameters": {
                "t1": 1,
                "a": 304.9829185471999,
                "c": -0.6651837891281116,
                "threshold": 5,
                "b": 2922.560011542598
            },
            "weight": 0.30626429957044665
        },
        {
            "model_name": "ThermalTime",
            "parameters": {
                "t1": 41.238988777614054,
                "T": -2.237723273433656,
                "F": 314.1530410067683
            },
            "weight": 0.10053228064096349
        },
        {
            "model_name": "Uniforc",
            "parameters": {
                "t1": 14.528443333134803,
                "b": -0.06371662670141731,
                "F": 5.255557146338845,
                "c": 46.70233209021023
            },
            "weight": 0.09663792557907505
        },
        {
            "model_name": "Linear",
            "parameters": {
                "slope": -2.6936757545668883,
                "spring_start": 13.691763188145519,
                "spring_length": 21.978989329697093,
                "intercept": 96.91580821925146
            },
            "weight": 0.4965654942095149
        }
    ],
    "model_name": "WeightedEnsemble"
}