{
    "core_models": [
        {
            "model_name": "Alternating",
            "parameters": {
                "t1": 1,
                "c": -0.8441640060601996,
                "a": 305.6990904317931,
                "threshold": 5,
                "b": 4844.002525477058
            },
            "weight": 0.34809463892393444
        },
        {
            "model_name": "ThermalTime",
            "parameters": {
                "t1": 54.79748095046666,
                "F": 278.0418972359494,
                "T": 3.8661789261961066
            },
            "weight": 0.1440602944874084
        },
        {
            "model_name": "Uniforc",
            "parameters": {
                "t1": 15.97262027957187,
                "F": 4.233195389577432,
                "c": 44.49787754905151,
                "b": -0.07359867177260959
            },
            "weight": 0.1345591345232962
        },
        {
            "model_name": "Linear",
            "parameters": {
                "slope": -2.654216385444843,
                "time_start": 13.79759407158193,
                "intercept": 97.67870367188652,
                "time_length": 24.47006854331466
            },
            "weight": 0.37328593206536115
        }
    ],
    "model_name": "WeightedEnsemble"
}