{
    "core_models": [
        {
            "weight": 0.12422366271633178,
            "parameters": {
                "threshold": 5,
                "c": -0.1117178260261662,
                "t1": 1,
                "b": 612.7574207014259,
                "a": 398.189700882031
            },
            "model_name": "Alternating"
        },
        {
            "weight": 0.14141740329378727,
            "parameters": {
                "F": 402.7812981863616,
                "t1": 17.960644115829766,
                "T": 3.32378905963302
            },
            "model_name": "ThermalTime"
        },
        {
            "weight": 0.25569012955878423,
            "parameters": {
                "F": 39.23862788099073,
                "c": 4.037177981038342,
                "t1": 17.093032761920185,
                "b": -17.840145934497286
            },
            "model_name": "Uniforc"
        },
        {
            "weight": 0.4786688044310963,
            "parameters": {
                "slope": -3.2537619338064627,
                "time_length": 2.3501427076706705,
                "time_start": 16.539368771301774,
                "intercept": 103.28046475199818
            },
            "model_name": "Linear"
        }
    ],
    "model_name": "WeightedEnsemble"
}