{
    "model_name": "Alternating",
    "parameters": {
        "a": 35.74896739507727,
        "b": 967.400538744322,
        "c": -0.015726611578886995,
        "t1": 1.0,
        "threshold": 5.0
    }
}