{
    "model_name": "ThermalTime",
    "parameters": {
        "F": 948.5536528452487,
        "T": -14.706212203779836,
        "t1": 17.664592333357746
    }
}