{
    "model_name": "WeightedEnsemble",
    "core_models": [
        {
            "model_name": "Alternating",
            "weight": 0.24064100488385443,
            "parameters": {
                "a": 698.3337711165138,
                "t1": 1,
                "b": 4800.751732518851,
                "threshold": 5,
                "c": -0.056041075288638886
            }
        },
        {
            "model_name": "ThermalTime",
            "weight": 0.26226983007913757,
            "parameters": {
                "t1": 103.2222763797377,
                "F": 365.08894432175885,
                "T": 10.630061119202855
            }
        },
        {
            "model_name": "Uniforc",
            "weight": 0.19465502072466026,
            "parameters": {
                "t1": 107.08408042937721,
                "b": -17.472634585924467,
                "F": 26.234335336934095,
                "c": 10.604544906989888
            }
        },
        {
            "model_name": "Linear",
            "weight": 0.30243414431234766,
            "parameters": {
                "intercept": 166.2976193437796,
                "time_start": 6.4334097949193385,
                "slope": -5.684876625738104,
                "time_length": 51.30335528594685
            }
        }
    ]
}