{
    "model_name": "ThermalTime",
    "parameters": {
        "F": 170.1757816443605,
        "T": 11.071942886765001,
        "t1": 68.82280228912987
    }
}