{
    "model_name": "WeightedEnsemble",
    "core_models": [
        {
            "weight": 0.17518610421836217,
            "model_name": "Alternating",
            "parameters": {
                "b": 4982.953515765639,
                "a": 965.9502845059178,
                "t1": 1,
                "threshold": 5,
                "c": -1.2442795703583331
            }
        },
        {
            "weight": 0.17518610421836217,
            "model_name": "ThermalTime",
            "parameters": {
                "F": 968.3469755937414,
                "T": -12.954202116758667,
                "t1": 14.079312618964153
            }
        },
        {
            "weight": 0.17518610421836217,
            "model_name": "Uniforc",
            "parameters": {
                "F": 91.04158117640205,
                "b": -19.842680117204225,
                "t1": 61.67571156381937,
                "c": -48.79640366960577
            }
        },
        {
            "weight": 0.47444168734491354,
            "model_name": "Linear",
            "parameters": {
                "spring_length": 62.95270478054862,
                "spring_start": 50.475122344234244,
                "slope": -3.0647719386346868,
                "intercept": 173.8540471205964
            }
        }
    ]
}