{
    "core_models": [
        {
            "weight": 0.3048243000417892,
            "parameters": {
                "c": -0.01837661942451385,
                "b": 2341.793730748787,
                "a": -123.75937378679768,
                "t1": 1,
                "threshold": 5
            },
            "model_name": "Alternating"
        },
        {
            "weight": 0.12409855618936508,
            "parameters": {
                "T": 10.659441409798992,
                "t1": 119.47083444375845,
                "F": 83.59339000448296
            },
            "model_name": "ThermalTime"
        },
        {
            "weight": 0.14185156070031174,
            "parameters": {
                "b": -13.527848682788033,
                "c": 12.800531375592028,
                "t1": 95.25197083122083,
                "F": 4.3240964804337665
            },
            "model_name": "Uniforc"
        },
        {
            "weight": 0.4292255830685337,
            "parameters": {
                "time_start": -19.29949483467083,
                "slope": 1.6189173748775076,
                "time_length": 30.60336542365567,
                "intercept": 126.1415805905371
            },
            "model_name": "Linear"
        }
    ],
    "model_name": "WeightedEnsemble"
}