{
    "model_name": "WeightedEnsemble",
    "core_models": [
        {
            "model_name": "Alternating",
            "parameters": {
                "t1": 1,
                "a": 714.8959763010552,
                "b": 977.38700158299,
                "threshold": 5,
                "c": -4.838365244856382
            },
            "weight": 0.2073532085127952
        },
        {
            "model_name": "ThermalTime",
            "parameters": {
                "t1": -9.074240554482472,
                "F": 841.2489801734376,
                "T": -24.765468535128957
            },
            "weight": 0.21300734950873337
        },
        {
            "model_name": "Uniforc",
            "parameters": {
                "t1": -50.65699805955447,
                "b": -13.91922204503949,
                "F": 187.41959569050056,
                "c": -27.431041986434558
            },
            "weight": 0.2040884862345562
        },
        {
            "model_name": "Linear",
            "parameters": {
                "slope": 1.664262497634017,
                "intercept": 133.68893188540991,
                "time_start": 5.999342712653261,
                "time_length": 51.5227260782864
            },
            "weight": 0.37555095574391495
        }
    ]
}