{
    "model_name": "WeightedEnsemble",
    "core_models": [
        {
            "parameters": {
                "threshold": 5,
                "b": 3504.145074593898,
                "t1": 1,
                "a": 716.1362244105695,
                "c": -0.2879608946794008
            },
            "model_name": "Alternating",
            "weight": 0.17999516881612165
        },
        {
            "parameters": {
                "F": 460.2850457638265,
                "t1": 85.63252557997485,
                "T": -17.390581891458115
            },
            "model_name": "ThermalTime",
            "weight": 0.1791205783082383
        },
        {
            "parameters": {
                "F": 103.64096957529276,
                "b": -4.222279795209185,
                "t1": 33.06432973340743,
                "c": -37.54547147820676
            },
            "model_name": "Uniforc",
            "weight": 0.1843029479762482
        },
        {
            "parameters": {
                "spring_length": 22.93148651685015,
                "intercept": 142.50428965035016,
                "spring_start": 5.638174574467385,
                "slope": -2.55768198537063
            },
            "model_name": "Linear",
            "weight": 0.456581304899392
        }
    ]
}