{
    "core_models": [
        {
            "weight": 0.4589520470692201,
            "parameters": {
                "time_length": 78.731569707141,
                "time_start": 273.7673429918718,
                "intercept": 295.66985634490544,
                "slope": -4.672138233253116
            },
            "model_name": "Linear"
        },
        {
            "weight": 0.5410479529307798,
            "parameters": {
                "F": 426.1735433341326,
                "T": 24.13407777437819,
                "t1": 222.74366861965436
            },
            "model_name": "FallCooling"
        }
    ],
    "model_name": "WeightedEnsemble"
}