{
    "core_models": [
        {
            "weight": 0.25927478750793803,
            "model_name": "Alternating",
            "parameters": {
                "c": -2.9086698161542124,
                "a": 960.7084932001482,
                "t1": 1,
                "b": 2886.139010312774,
                "threshold": 5
            }
        },
        {
            "weight": 0.25631215465881857,
            "model_name": "ThermalTime",
            "parameters": {
                "T": -14.293053387839175,
                "F": 877.410773638429,
                "t1": 40.11937141652497
            }
        },
        {
            "weight": 0.2584208771314159,
            "model_name": "Uniforc",
            "parameters": {
                "c": -41.182744580327935,
                "F": 144.51601061631143,
                "t1": 8.170775272541746,
                "b": -17.780714199947745
            }
        },
        {
            "weight": 0.22599218070182797,
            "model_name": "Linear",
            "parameters": {
                "slope": -0.3905874440991354,
                "time_length": 101.041807473879,
                "time_start": -11.381620710340233,
                "intercept": 154.78658217164565
            }
        }
    ],
    "model_name": "WeightedEnsemble"
}