{
    "model_name": "ThermalTime",
    "parameters": {
        "F": 145.46605275221359,
        "T": 16.379991210369987,
        "t1": -59.14597737291903
    }
}