{
    "model_name": "ThermalTime",
    "parameters": {
        "F": 266.5137242019815,
        "T": 13.773989297962608,
        "t1": -59.1494107834746
    }
}