{
    "core_models": [
        {
            "model_name": "Alternating",
            "parameters": {
                "a": 571.5745838879207,
                "t1": 1,
                "b": 1062.239948491866,
                "threshold": 5,
                "c": -2.2138239829316326
            },
            "weight": 0.5046650402539271
        },
        {
            "model_name": "ThermalTime",
            "parameters": {
                "t1": -9.231382439803056,
                "F": 530.3953648219027,
                "T": -16.275375532721952
            },
            "weight": 0.19318860100036503
        },
        {
            "model_name": "Uniforc",
            "parameters": {
                "t1": -66.41669792369976,
                "b": -19.768477421444572,
                "F": 58.711525805902454,
                "c": 8.15654498927545
            },
            "weight": 0.17161116557422645
        },
        {
            "model_name": "Linear",
            "parameters": {
                "time_start": 50.42282230044999,
                "time_length": 44.4075637405369,
                "intercept": 160.31768493804415,
                "slope": -8.084430682455558
            },
            "weight": 0.13053519317148093
        }
    ],
    "model_name": "WeightedEnsemble"
}