{
    "core_models": [
        {
            "weight": 0.4422983582197499,
            "model_name": "Alternating",
            "parameters": {
                "c": -4.246106859933167,
                "t1": 1,
                "threshold": 5,
                "a": 485.2397666153405,
                "b": 765.0982177283745
            }
        },
        {
            "weight": 0.15854199333847135,
            "model_name": "ThermalTime",
            "parameters": {
                "F": 538.8480088845095,
                "t1": -11.13509616228228,
                "T": -16.280919991463204
            }
        },
        {
            "weight": 0.1082698473860014,
            "model_name": "Uniforc",
            "parameters": {
                "F": 54.61326650086424,
                "t1": -66.90035390862084,
                "c": 8.198141264262516,
                "b": -16.541417328780938
            }
        },
        {
            "weight": 0.2908898010557769,
            "model_name": "Linear",
            "parameters": {
                "time_start": 59.91546274149574,
                "slope": -9.944869650295473,
                "time_length": 14.746527845377983,
                "intercept": 166.10618293530777
            }
        }
    ],
    "model_name": "WeightedEnsemble"
}