{
    "model_name": "WeightedEnsemble",
    "core_models": [
        {
            "model_name": "Alternating",
            "weight": 0.08625571000810271,
            "parameters": {
                "b": 3934.648814514739,
                "threshold": 5,
                "c": -0.10044870671843231,
                "a": 403.9270741086769,
                "t1": 1
            }
        },
        {
            "model_name": "ThermalTime",
            "weight": 0.29318472097692655,
            "parameters": {
                "F": 144.4111302633836,
                "T": 16.203814872238464,
                "t1": -59.8667124822351
            }
        },
        {
            "model_name": "Uniforc",
            "weight": 0.31888663894802494,
            "parameters": {
                "F": 6.26872012784257,
                "b": -1.3131626800025913,
                "c": 16.910274306567175,
                "t1": -58.49532311333331
            }
        },
        {
            "model_name": "Linear",
            "weight": 0.30167293006694595,
            "parameters": {
                "spring_start": 26.13279448305631,
                "intercept": 106.34320193224963,
                "slope": -7.965106109878492,
                "spring_length": 5.009329862700277
            }
        }
    ]
}