{
    "core_models": [
        {
            "parameters": {
                "b": 4149.362574382393,
                "a": 614.4380346418301,
                "t1": 1,
                "threshold": 5,
                "c": -4.97215037681617
            },
            "weight": 0.15820249736669978,
            "model_name": "Alternating"
        },
        {
            "parameters": {
                "T": -8.474008101436361,
                "t1": 55.736070770292194,
                "F": 505.67800272671826
            },
            "weight": 0.2728087535682805,
            "model_name": "ThermalTime"
        },
        {
            "parameters": {
                "b": -18.35190984287769,
                "c": -1.6984327389279463,
                "t1": -41.59515061825718,
                "F": 132.6756361632109
            },
            "weight": 0.30402681919222974,
            "model_name": "Uniforc"
        },
        {
            "parameters": {
                "time_start": 3.1793527599649547,
                "slope": -10.374571805200498,
                "intercept": 111.99452966171995,
                "time_length": 28.42236587007651
            },
            "weight": 0.2649619298727901,
            "model_name": "Linear"
        }
    ],
    "model_name": "WeightedEnsemble"
}