{
    "core_models": [
        {
            "weight": 0.23094199837710522,
            "model_name": "Alternating",
            "parameters": {
                "c": -0.11704251818227318,
                "b": 3354.995340488788,
                "t1": 1,
                "threshold": 5,
                "a": 496.51137939866953
            }
        },
        {
            "weight": 0.2822312505378141,
            "model_name": "ThermalTime",
            "parameters": {
                "F": 144.30153801151437,
                "T": 16.224941249804793,
                "t1": -58.769859397390775
            }
        },
        {
            "weight": 0.17975283096394012,
            "model_name": "Uniforc",
            "parameters": {
                "F": 4.559157710101843,
                "b": -19.394186738619236,
                "t1": -48.30778275410202,
                "c": 16.365048911238777
            }
        },
        {
            "weight": 0.30707392012114043,
            "model_name": "Linear",
            "parameters": {
                "slope": -7.3550546462247315,
                "time_length": 5.926688388583962,
                "intercept": 103.73721606342991,
                "time_start": 25.415488381537767
            }
        }
    ],
    "model_name": "WeightedEnsemble"
}