{
    "core_models": [
        {
            "model_name": "Alternating",
            "weight": 0.10095859707663238,
            "parameters": {
                "a": 331.3309273208644,
                "c": -0.12464134920507464,
                "b": 4819.6555231008915,
                "t1": 1,
                "threshold": 5
            }
        },
        {
            "model_name": "ThermalTime",
            "weight": 0.27524696567529716,
            "parameters": {
                "F": 234.16983324258467,
                "t1": -57.45812944373836,
                "T": 13.468632277435322
            }
        },
        {
            "model_name": "Uniforc",
            "weight": 0.11349539898195952,
            "parameters": {
                "F": 15.875375018805471,
                "c": 13.388917708903369,
                "b": -3.7116508335978065,
                "t1": -57.37158574220811
            }
        },
        {
            "model_name": "Linear",
            "weight": 0.5102990382661111,
            "parameters": {
                "intercept": 170.9713430221265,
                "slope": -11.310197522089908,
                "spring_length": 14.658170685244116,
                "spring_start": 58.591874418421035
            }
        }
    ],
    "model_name": "WeightedEnsemble"
}