{
    "model_name": "WeightedEnsemble",
    "core_models": [
        {
            "model_name": "Alternating",
            "weight": 0.13795655755845138,
            "parameters": {
                "c": -0.2556984296999576,
                "t1": 1,
                "a": 580.1766378416611,
                "threshold": 5,
                "b": 3163.4005710932606
            }
        },
        {
            "model_name": "ThermalTime",
            "weight": 0.1168636794041272,
            "parameters": {
                "F": 586.7765392989293,
                "t1": 13.958140263706724,
                "T": -24.211566852594842
            }
        },
        {
            "model_name": "Uniforc",
            "weight": 0.18596021136949642,
            "parameters": {
                "F": 64.94129705859021,
                "t1": 12.025885468212138,
                "b": -19.786419758424728,
                "c": 3.4908964010407995
            }
        },
        {
            "model_name": "Linear",
            "weight": 0.5592195516679245,
            "parameters": {
                "time_length": 2.1654468934116125,
                "slope": -8.62833572408399,
                "time_start": 18.6434423645207,
                "intercept": 126.37587649593685
            }
        }
    ]
}