{
    "core_models": [
        {
            "parameters": {
                "a": 378.80325359034475,
                "c": -0.048444240465888466,
                "threshold": 5,
                "b": 4862.132940653757,
                "t1": 1
            },
            "weight": 0.4511717601112318,
            "model_name": "Alternating"
        },
        {
            "parameters": {
                "t1": 78.3619812471573,
                "T": 17.691183420605388,
                "F": 52.385753222954634
            },
            "weight": 0.2626479585955752,
            "model_name": "ThermalTime"
        },
        {
            "parameters": {
                "t1": 80.85192724326373,
                "c": 17.85209250803228,
                "b": -17.718153720273037,
                "F": 2.0492964364779596
            },
            "weight": 0.17825905475311749,
            "model_name": "Uniforc"
        },
        {
            "parameters": {
                "time_start": 16.21148789018789,
                "intercept": 133.64511375715716,
                "time_length": 3.327135776494721,
                "slope": -6.849257713250934
            },
            "weight": 0.10792122654007555,
            "model_name": "Linear"
        }
    ],
    "model_name": "WeightedEnsemble"
}