{
    "model_name": "ThermalTime",
    "parameters": {
        "F": 849.1478026701503,
        "T": -24.21917454281969,
        "t1": 7.352681955249907
    }
}