{
    "core_models": [
        {
            "parameters": {
                "intercept": 168.28386173383225,
                "time_start": 240.259865322974,
                "slope": 4.229323991183693,
                "time_length": 14.51711963229166
            },
            "model_name": "Linear",
            "weight": 0.4094223329550206
        },
        {
            "parameters": {
                "F": 259.3450040522835,
                "T": 22.371227274249566,
                "t1": 237.36343427427266
            },
            "model_name": "FallCooling",
            "weight": 0.5905776670449793
        }
    ],
    "model_name": "WeightedEnsemble"
}