{
    "core_models": [
        {
            "weight": 0.4232013627969908,
            "parameters": {
                "c": -3.3645035657913134,
                "a": 570.4411795568581,
                "threshold": 5,
                "t1": 1,
                "b": 4308.538724109067
            },
            "model_name": "Alternating"
        },
        {
            "weight": 0.17570107433304177,
            "parameters": {
                "t1": 88.28191049236982,
                "F": 55.06483413712954,
                "T": 17.712748997899023
            },
            "model_name": "ThermalTime"
        },
        {
            "weight": 0.18585199207007858,
            "parameters": {
                "t1": 74.48656653773511,
                "F": 2.1249348445702623,
                "b": -9.313153051094003,
                "c": 17.89233173286544
            },
            "model_name": "Uniforc"
        },
        {
            "weight": 0.2152455707998886,
            "parameters": {
                "time_start": -2.1831332123852967,
                "slope": 5.494691156896908,
                "intercept": 120.48351598624177,
                "time_length": 10.078333808168722
            },
            "model_name": "Linear"
        }
    ],
    "model_name": "WeightedEnsemble"
}