{
    "core_models": [
        {
            "weight": 0.2842902913361499,
            "model_name": "Alternating",
            "parameters": {
                "c": -0.0826001333934201,
                "t1": 1,
                "b": 3759.6381056110113,
                "threshold": 5,
                "a": 551.0032291301212
            }
        },
        {
            "weight": 0.09072304830137838,
            "model_name": "ThermalTime",
            "parameters": {
                "t1": 17.339033714633757,
                "F": 234.69703914331,
                "T": 12.742734584823811
            }
        },
        {
            "weight": 0.1161619354029251,
            "model_name": "Uniforc",
            "parameters": {
                "t1": 19.30971067677524,
                "c": 12.527224173830076,
                "b": -10.471794047359543,
                "F": 16.1790816625316
            }
        },
        {
            "weight": 0.5088247249595467,
            "model_name": "Linear",
            "parameters": {
                "slope": 5.500853428902275,
                "spring_start": -3.310269876398042,
                "intercept": 120.50343801124421,
                "spring_length": 9.923987854596938
            }
        }
    ],
    "model_name": "WeightedEnsemble"
}