{
    "core_models": [
        {
            "weight": 0.07348684444116196,
            "model_name": "Alternating",
            "parameters": {
                "b": 4171.536754376426,
                "threshold": 5,
                "c": -0.4967820453290477,
                "a": 976.946194650466,
                "t1": 1
            }
        },
        {
            "weight": 0.13450069335308676,
            "model_name": "ThermalTime",
            "parameters": {
                "T": -24.57413635068973,
                "F": 863.4791319984698,
                "t1": -15.811494195955135
            }
        },
        {
            "weight": 0.07999697409354022,
            "model_name": "Uniforc",
            "parameters": {
                "b": -18.268725613240285,
                "F": 97.21933142032596,
                "c": 4.069505659542583,
                "t1": -42.23583934510455
            }
        },
        {
            "weight": 0.7120154881122114,
            "model_name": "Linear",
            "parameters": {
                "slope": -8.578524148767574,
                "spring_start": 17.50484702994542,
                "intercept": 129.01434319814615,
                "spring_length": 1.5565134048670686
            }
        }
    ],
    "model_name": "WeightedEnsemble"
}