{
    "model_name": "ThermalTime",
    "parameters": {
        "F": 42.16984442807967,
        "T": 17.40769836130431,
        "t1": 70.09807740904026
    }
}