{
    "core_models": [
        {
            "parameters": {
                "threshold": 5,
                "b": 1526.9439641235774,
                "c": -0.46376707612887813,
                "t1": 1,
                "a": 976.3080203305981
            },
            "weight": 0.10418536824228258,
            "model_name": "Alternating"
        },
        {
            "parameters": {
                "T": -24.907044926518488,
                "F": 727.7511500473254,
                "t1": -15.96278068616607
            },
            "weight": 0.10553507279085549,
            "model_name": "ThermalTime"
        },
        {
            "parameters": {
                "b": -16.02315285445909,
                "F": 95.33369164354808,
                "t1": -41.39300022621185,
                "c": 4.058080995689439
            },
            "weight": 0.12727123206507754,
            "model_name": "Uniforc"
        },
        {
            "parameters": {
                "time_length": 1.3334193958844338,
                "intercept": 128.98351322606868,
                "time_start": 18.95897835315528,
                "slope": -8.574046737751795
            },
            "weight": 0.6630083269017838,
            "model_name": "Linear"
        }
    ],
    "model_name": "WeightedEnsemble"
}