{
    "model_name": "Alternating",
    "parameters": {
        "a": 236.2803364057753,
        "b": 3811.134546038932,
        "c": -0.06543415249091211,
        "t1": 1.0,
        "threshold": 5.0
    }
}