{
    "model_name": "WeightedEnsemble",
    "core_models": [
        {
            "parameters": {
                "a": 932.9559850771365,
                "t1": 1,
                "threshold": 5,
                "b": 1592.1631023332607,
                "c": -5.205431179167164e-05
            },
            "model_name": "Alternating",
            "weight": 0.23332161428456963
        },
        {
            "parameters": {
                "F": 894.8823723505662,
                "t1": -57.186324574281116,
                "T": 19.630243469388027
            },
            "model_name": "ThermalTime",
            "weight": 0.07493734001066941
        },
        {
            "parameters": {
                "F": 135.39972984521768,
                "t1": -66.05922990426143,
                "b": -13.37081789406876,
                "c": 9.347450957950876
            },
            "model_name": "Uniforc",
            "weight": 0.2564618390747814
        },
        {
            "parameters": {
                "slope": -20.533261722098004,
                "intercept": 178.45121259555947,
                "time_start": -4.196315013726796,
                "time_length": 29.615724742279774
            },
            "model_name": "Linear",
            "weight": 0.43527920662997943
        }
    ]
}