{
    "model_name": "Uniforc",
    "parameters": {
        "F": 121.79271168956845,
        "b": -19.12031362420591,
        "c": 6.266585307822014,
        "t1": -66.15962703835825
    }
}