{
    "model_name": "WeightedEnsemble",
    "core_models": [
        {
            "model_name": "Alternating",
            "weight": 0.2852894714755671,
            "parameters": {
                "threshold": 5,
                "b": 4760.475613855984,
                "c": -0.03343482373252327,
                "t1": 1,
                "a": -19.42619095947684
            }
        },
        {
            "model_name": "ThermalTime",
            "weight": 0.30545237875659315,
            "parameters": {
                "t1": 100.08171546501177,
                "F": 141.06227326646467,
                "T": -13.83846159888378
            }
        },
        {
            "model_name": "Uniforc",
            "weight": 0.17026482580735058,
            "parameters": {
                "b": -11.414302718263377,
                "t1": 92.97813522569821,
                "c": 4.282236911848236,
                "F": 17.586835128980155
            }
        },
        {
            "model_name": "Linear",
            "weight": 0.23899332396048933,
            "parameters": {
                "time_length": 2.7871174496573516,
                "slope": 2.167296617478558,
                "intercept": 111.48657297145043,
                "time_start": -21.182405507185877
            }
        }
    ]
}