{
    "core_models": [
        {
            "weight": 0.26992006796691376,
            "model_name": "Alternating",
            "parameters": {
                "a": 819.6673219140538,
                "threshold": 5,
                "c": -0.00010693815610762769,
                "b": 2125.364650798251,
                "t1": 1
            }
        },
        {
            "weight": 0.1606289540099498,
            "model_name": "ThermalTime",
            "parameters": {
                "F": 980.805550403094,
                "T": 14.741591240290152,
                "t1": 206.4303776612146
            }
        },
        {
            "weight": 0.2081607452012525,
            "model_name": "Uniforc",
            "parameters": {
                "F": 137.26697720927797,
                "c": 11.477288108195937,
                "b": -18.070608018666988,
                "t1": -65.62046544594301
            }
        },
        {
            "weight": 0.36129023282188405,
            "model_name": "Linear",
            "parameters": {
                "time_start": 4.642652731158567,
                "time_length": 4.105653468572655,
                "slope": -16.883386961381717,
                "intercept": 171.09507401154022
            }
        }
    ],
    "model_name": "WeightedEnsemble"
}