{
    "core_models": [
        {
            "parameters": {
                "time_length": 18.52228227582316,
                "slope": 2.0407257672797274,
                "time_start": 275.0879995255253,
                "intercept": 225.8726397360864
            },
            "weight": 0.2700105202869494,
            "model_name": "Linear"
        },
        {
            "parameters": {
                "t1": 249.97227553762738,
                "F": 15.32528207731923,
                "T": 19.90619376525014
            },
            "weight": 0.7299894797130498,
            "model_name": "FallCooling"
        }
    ],
    "model_name": "WeightedEnsemble"
}