{
    "model_name": "WeightedEnsemble",
    "core_models": [
        {
            "weight": 0.26481023582464824,
            "model_name": "Alternating",
            "parameters": {
                "b": 1436.3447359222753,
                "t1": 1,
                "a": -131.56080037828033,
                "threshold": 5,
                "c": -0.015212654297570793
            }
        },
        {
            "weight": 0.20129332092828758,
            "model_name": "ThermalTime",
            "parameters": {
                "T": 9.40988908553138,
                "t1": 87.09696530544136,
                "F": 100.89944693832308
            }
        },
        {
            "weight": 0.18936631511542776,
            "model_name": "Uniforc",
            "parameters": {
                "b": -18.83746180398485,
                "t1": 80.40456189720794,
                "F": 7.849871713568817,
                "c": 10.508047622202088
            }
        },
        {
            "weight": 0.34453012813163647,
            "model_name": "Linear",
            "parameters": {
                "slope": -2.232514868217467,
                "time_length": 11.706354887177739,
                "intercept": 106.35469797528731,
                "time_start": 15.032533417721014
            }
        }
    ]
}