{
    "core_models": [
        {
            "parameters": {
                "c": -0.0685575084677299,
                "b": 2934.5393378149115,
                "threshold": 5,
                "a": 256.6689483308977,
                "t1": 1
            },
            "weight": 0.1993817583015782,
            "model_name": "Alternating"
        },
        {
            "parameters": {
                "T": 8.955286906870551,
                "F": 184.41635204482617,
                "t1": 5.470278702678371
            },
            "weight": 0.12370337482339402,
            "model_name": "ThermalTime"
        },
        {
            "parameters": {
                "c": 9.00975170561834,
                "b": -17.30917103657598,
                "F": 14.847087473947525,
                "t1": 37.06973980285612
            },
            "weight": 0.1824359063231315,
            "model_name": "Uniforc"
        },
        {
            "parameters": {
                "spring_length": 13.532673063683745,
                "slope": -2.6007116227231686,
                "intercept": 104.73766680631432,
                "spring_start": 14.384643736351935
            },
            "weight": 0.49447896055189633,
            "model_name": "Linear"
        }
    ],
    "model_name": "WeightedEnsemble"
}