{
    "model_name": "ThermalTime",
    "parameters": {
        "F": 134.63138518770165,
        "T": 12.468704048490489,
        "t1": 109.36706778453852
    }
}