{
    "model_name": "WeightedEnsemble",
    "core_models": [
        {
            "weight": 0.07543593563898167,
            "model_name": "Alternating",
            "parameters": {
                "threshold": 5,
                "c": -0.04287994203060741,
                "b": 790.5412362117461,
                "t1": 1,
                "a": 680.1344891480832
            }
        },
        {
            "weight": 0.3078353291491723,
            "model_name": "ThermalTime",
            "parameters": {
                "t1": 108.34768744792876,
                "F": 67.61099189117681,
                "T": 13.578035751020002
            }
        },
        {
            "weight": 0.3162793932969338,
            "model_name": "Uniforc",
            "parameters": {
                "t1": 109.88996071536774,
                "F": 2.114825593223159,
                "b": -16.351706946432103,
                "c": 13.449347241341503
            }
        },
        {
            "weight": 0.30044934191491224,
            "model_name": "Linear",
            "parameters": {
                "intercept": 173.3138417793082,
                "slope": -4.8667608855763875,
                "spring_length": 1.249094765688696,
                "spring_start": 54.46406985088631
            }
        }
    ]
}