{
    "core_models": [
        {
            "weight": 0.08166081496853668,
            "parameters": {
                "threshold": 5,
                "a": 636.0901525318408,
                "c": -0.015445880144714152,
                "b": 749.3286521147606,
                "t1": 1
            },
            "model_name": "Alternating"
        },
        {
            "weight": 0.21201597173156217,
            "parameters": {
                "t1": 96.05730854656278,
                "F": 219.8972331080099,
                "T": 11.726200682885606
            },
            "model_name": "ThermalTime"
        },
        {
            "weight": 0.3762674910602265,
            "parameters": {
                "t1": 96.78737384537531,
                "F": 17.002782659499843,
                "b": -18.806911926100216,
                "c": 11.675361831222608
            },
            "model_name": "Uniforc"
        },
        {
            "weight": 0.3300557222396748,
            "parameters": {
                "slope": -5.187837990342668,
                "intercept": 178.28585765051784,
                "time_start": 48.33739444271798,
                "time_length": 11.375629753379748
            },
            "model_name": "Linear"
        }
    ],
    "model_name": "WeightedEnsemble"
}