{
    "model_name": "WeightedEnsemble",
    "core_models": [
        {
            "model_name": "Alternating",
            "parameters": {
                "a": 792.3033148266683,
                "b": 716.3377152104827,
                "threshold": 5,
                "t1": 1,
                "c": -0.03459860699498574
            },
            "weight": 0.0805577865448027
        },
        {
            "model_name": "ThermalTime",
            "parameters": {
                "F": 899.0130674177242,
                "T": 4.0834183742779135,
                "t1": 47.06370168001021
            },
            "weight": 0.16534490440006974
        },
        {
            "model_name": "Uniforc",
            "parameters": {
                "b": -18.508641607588217,
                "F": 17.000154904805186,
                "t1": 96.6016745748324,
                "c": 11.675116416896481
            },
            "weight": 0.4953425295832982
        },
        {
            "model_name": "Linear",
            "parameters": {
                "intercept": 175.70510828629128,
                "slope": -4.733962665106672,
                "time_start": 48.25864609093908,
                "time_length": 11.224464304700717
            },
            "weight": 0.2587547794718292
        }
    ]
}