{
    "core_models": [
        {
            "parameters": {
                "b": 1261.3352285784763,
                "threshold": 5,
                "c": -0.03361059252870158,
                "t1": 1,
                "a": 758.0244526697264
            },
            "model_name": "Alternating",
            "weight": 0.18866708458817552
        },
        {
            "parameters": {
                "F": 640.2619106169142,
                "t1": 25.975713868112692,
                "T": 15.90393041331588
            },
            "model_name": "ThermalTime",
            "weight": 0.24068069403082018
        },
        {
            "parameters": {
                "b": -19.41496817281636,
                "F": 35.49025868250776,
                "t1": 26.41330509609186,
                "c": 15.867628198224025
            },
            "model_name": "Uniforc",
            "weight": 0.29643700155792024
        },
        {
            "parameters": {
                "time_length": 2.060544811598291,
                "intercept": 215.5084161008605,
                "slope": -6.87539948575318,
                "time_start": -20.369185327707093
            },
            "model_name": "Linear",
            "weight": 0.274215219823084
        }
    ],
    "model_name": "WeightedEnsemble"
}