{
    "model_name": "Alternating",
    "parameters": {
        "a": 428.08594284031807,
        "b": 1383.8217246004779,
        "c": -0.007301182818767238,
        "t1": 1.0,
        "threshold": 5.0
    }
}