{
    "core_models": [
        {
            "parameters": {
                "b": 1797.3988135855539,
                "c": -0.017167566049551386,
                "threshold": 5,
                "a": 511.26789414369875,
                "t1": 1
            },
            "weight": 0.20657004520644867,
            "model_name": "Alternating"
        },
        {
            "parameters": {
                "T": 13.834207128726483,
                "F": 981.7329417749036,
                "t1": 80.26733510366385
            },
            "weight": 0.17401172432457343,
            "model_name": "ThermalTime"
        },
        {
            "parameters": {
                "b": -14.76858608694982,
                "F": 51.565535484020366,
                "c": 14.244963535350708,
                "t1": 80.95888868841514
            },
            "weight": 0.20184332128689295,
            "model_name": "Uniforc"
        },
        {
            "parameters": {
                "intercept": 217.68029504890802,
                "time_start": -23.56375428674515,
                "time_length": 5.446442599282108,
                "slope": -5.302235444408135
            },
            "weight": 0.41757490918208473,
            "model_name": "Linear"
        }
    ],
    "model_name": "WeightedEnsemble"
}