{
    "model_name": "WeightedEnsemble",
    "core_models": [
        {
            "weight": 0.08017118191345565,
            "model_name": "Alternating",
            "parameters": {
                "threshold": 5,
                "c": -0.004237332967797602,
                "b": 1012.5646873134604,
                "t1": 1,
                "a": 876.4484419768437
            }
        },
        {
            "weight": 0.2578380257312855,
            "model_name": "ThermalTime",
            "parameters": {
                "t1": -3.4570378089752296,
                "F": 618.5405026991373,
                "T": 15.969768290734843
            }
        },
        {
            "weight": 0.2336052855721677,
            "model_name": "Uniforc",
            "parameters": {
                "t1": -3.9545442760642118,
                "F": 34.86772644865199,
                "b": -18.618484976960843,
                "c": 15.98757637810163
            }
        },
        {
            "weight": 0.42838550678309095,
            "model_name": "Linear",
            "parameters": {
                "intercept": 201.69169709324487,
                "slope": -5.995058275658602,
                "spring_length": 4.519261016543403,
                "spring_start": 31.713587712000482
            }
        }
    ]
}