{
    "model_name": "ThermalTime",
    "parameters": {
        "F": 434.8476831517099,
        "T": 17.228154088467857,
        "t1": 123.95903389134601
    }
}