{
    "core_models": [
        {
            "weight": 0.33066282206072173,
            "model_name": "Alternating",
            "parameters": {
                "a": -627.046761071875,
                "b": 2658.499275890938,
                "threshold": 5,
                "c": -0.00502338852994777,
                "t1": 1
            }
        },
        {
            "weight": 0.2733412415754748,
            "model_name": "ThermalTime",
            "parameters": {
                "t1": 102.4677863685775,
                "T": 8.761631482962873,
                "F": 897.9096871751499
            }
        },
        {
            "weight": 0.1409408010793351,
            "model_name": "Uniforc",
            "parameters": {
                "b": -19.279666855605303,
                "c": 9.658603858483161,
                "t1": 93.40749640992243,
                "F": 55.9591826127286
            }
        },
        {
            "weight": 0.2550551352844684,
            "model_name": "Linear",
            "parameters": {
                "time_length": 1.6945175659364082,
                "time_start": 24.178418675389075,
                "slope": -1.664692217871913,
                "intercept": 156.88119092702243
            }
        }
    ],
    "model_name": "WeightedEnsemble"
}