{
    "model_name": "ThermalTime",
    "parameters": {
        "F": 191.88663891122917,
        "T": 6.5105510083423805,
        "t1": 72.26536526112467
    }
}