{
    "core_models": [
        {
            "weight": 0.5585922156111933,
            "model_name": "Alternating",
            "parameters": {
                "b": 1123.9110965596835,
                "a": -240.50415347686695,
                "c": -0.008548773787842023,
                "t1": 1,
                "threshold": 5
            }
        },
        {
            "weight": 0.09003637759246835,
            "model_name": "ThermalTime",
            "parameters": {
                "T": 4.781258631348284,
                "t1": 52.73491760156097,
                "F": 279.5004210256399
            }
        },
        {
            "weight": 0.14846728167030768,
            "model_name": "Uniforc",
            "parameters": {
                "b": -18.925337701355872,
                "F": 16.06584413726344,
                "t1": 55.3088011617026,
                "c": 7.748587524561811
            }
        },
        {
            "weight": 0.2029041251260301,
            "model_name": "Linear",
            "parameters": {
                "time_start": 36.68388078152726,
                "slope": -3.7476973961356435,
                "time_length": 111.89353560285706,
                "intercept": 138.3402781218395
            }
        }
    ],
    "model_name": "WeightedEnsemble"
}