{
    "core_models": [
        {
            "parameters": {
                "a": -107.47661436613932,
                "b": 970.1205496932414,
                "threshold": 5,
                "c": -0.010450331443477623,
                "t1": 1
            },
            "weight": 0.2794012018796044,
            "model_name": "Alternating"
        },
        {
            "parameters": {
                "T": 1.2310790017475703,
                "F": 302.9968497947733,
                "t1": 57.8860095461669
            },
            "weight": 0.2929168827544421,
            "model_name": "ThermalTime"
        },
        {
            "parameters": {
                "b": -0.511069968783211,
                "F": 9.121282114349754,
                "c": 10.38896160727154,
                "t1": 73.26377833580406
            },
            "weight": 0.22209187685027817,
            "model_name": "Uniforc"
        },
        {
            "parameters": {
                "time_start": 53.45896858124014,
                "intercept": 145.17088573921484,
                "slope": -3.990550449161681,
                "time_length": 95.1550771310299
            },
            "weight": 0.20559003851567526,
            "model_name": "Linear"
        }
    ],
    "model_name": "WeightedEnsemble"
}