{
    "model_name": "WeightedEnsemble",
    "core_models": [
        {
            "model_name": "Alternating",
            "weight": 0.2354011828724003,
            "parameters": {
                "a": -32.8592471507213,
                "c": -0.015487650969289835,
                "t1": 1,
                "threshold": 5,
                "b": 996.8258058533113
            }
        },
        {
            "model_name": "ThermalTime",
            "weight": 0.26418376886308037,
            "parameters": {
                "T": -3.42691768465275,
                "t1": 61.71454757855026,
                "F": 284.46291556231665
            }
        },
        {
            "model_name": "Uniforc",
            "weight": 0.2520098333673019,
            "parameters": {
                "c": 10.904295314056123,
                "b": -0.4292120541166806,
                "t1": 71.47339444575621,
                "F": 9.028583534376011
            }
        },
        {
            "model_name": "Linear",
            "weight": 0.24840521489721717,
            "parameters": {
                "intercept": 144.98362613305505,
                "slope": -4.060358591798866,
                "spring_length": 101.62545454236438,
                "spring_start": 49.06616115203926
            }
        }
    ]
}