{
    "core_models": [
        {
            "parameters": {
                "t1": 1,
                "a": -197.40761909426664,
                "b": 3217.356894514747,
                "c": -0.011021558928470565,
                "threshold": 5
            },
            "model_name": "Alternating",
            "weight": 0.2814930209090422
        },
        {
            "parameters": {
                "t1": 123.42861847772235,
                "F": 435.2773752787789,
                "T": 17.222448765247762
            },
            "model_name": "ThermalTime",
            "weight": 0.31099199039262676
        },
        {
            "parameters": {
                "t1": 123.10242283184341,
                "c": 17.2275344146407,
                "b": -18.515969567790584,
                "F": 20.48444842273807
            },
            "model_name": "Uniforc",
            "weight": 0.11944688094111203
        },
        {
            "parameters": {
                "spring_start": 53.0381652739121,
                "intercept": 169.99145725890156,
                "slope": 1.1525562921552293,
                "spring_length": 1.0363356433570843
            },
            "model_name": "Linear",
            "weight": 0.2880681077572191
        }
    ],
    "model_name": "WeightedEnsemble"
}