{
    "core_models": [
        {
            "weight": 0.09471250392524684,
            "model_name": "Alternating",
            "parameters": {
                "threshold": 5,
                "b": 1659.3185718075597,
                "c": -0.027453333723177042,
                "a": 995.1917706038103,
                "t1": 1
            }
        },
        {
            "weight": 0.1589011604365145,
            "model_name": "ThermalTime",
            "parameters": {
                "T": 11.436359959875258,
                "F": 720.1096383868334,
                "t1": 113.76254115181577
            }
        },
        {
            "weight": 0.6562650741805495,
            "model_name": "Uniforc",
            "parameters": {
                "F": 52.44156817968195,
                "b": -19.709754734154547,
                "c": 10.687435604418539,
                "t1": 101.47378159157488
            }
        },
        {
            "weight": 0.09012126145768848,
            "model_name": "Linear",
            "parameters": {
                "intercept": 215.4792997335753,
                "time_start": 59.016593321332046,
                "slope": -4.116543154317339,
                "time_length": 117.9932687477449
            }
        }
    ],
    "model_name": "WeightedEnsemble"
}