{
    "core_models": [
        {
            "parameters": {
                "b": 4988.635809409834,
                "threshold": 5,
                "a": 708.2951541735933,
                "c": -0.015716132758564427,
                "t1": 1
            },
            "model_name": "Alternating",
            "weight": 0.1537784358869399
        },
        {
            "parameters": {
                "F": 8.966145350219904,
                "T": 16.764531351477995,
                "t1": 218.40337720114468
            },
            "model_name": "ThermalTime",
            "weight": 0.09682027506665943
        },
        {
            "parameters": {
                "F": 13.828682039252186,
                "b": -11.159394093461302,
                "c": 14.592188067411927,
                "t1": 205.1856692510215
            },
            "model_name": "Uniforc",
            "weight": 0.1496173387698142
        },
        {
            "parameters": {
                "intercept": 228.41618133888505,
                "time_start": 2.2094123971085544,
                "slope": 4.218537329918997,
                "time_length": 12.93466669964112
            },
            "model_name": "Linear",
            "weight": 0.5997839502765857
        }
    ],
    "model_name": "WeightedEnsemble"
}