{
    "model_name": "WeightedEnsemble",
    "core_models": [
        {
            "model_name": "Alternating",
            "weight": 0.30559765147948725,
            "parameters": {
                "c": -0.012323230458018308,
                "threshold": 5,
                "b": 4970.619143832475,
                "t1": 1,
                "a": 401.66954331813656
            }
        },
        {
            "model_name": "ThermalTime",
            "weight": 0.13658008353837253,
            "parameters": {
                "T": -12.439168166836426,
                "F": 311.5429549316934,
                "t1": 204.38721562895293
            }
        },
        {
            "model_name": "Uniforc",
            "weight": 0.0869806216228882,
            "parameters": {
                "c": -15.690006544991897,
                "F": 173.14390708596198,
                "b": -18.177594991575017,
                "t1": 45.50843461110124
            }
        },
        {
            "model_name": "Linear",
            "weight": 0.4708416433592517,
            "parameters": {
                "slope": 2.4687961074583207,
                "intercept": 231.14058853943095,
                "time_start": 39.17703195043625,
                "time_length": 7.396237557183106
            }
        }
    ]
}