{
    "model_name": "ThermalTime",
    "parameters": {
        "F": 333.678999768223,
        "T": 3.6890263386076265,
        "t1": 203.275828660322
    }
}