{
    "model_name": "WeightedEnsemble",
    "core_models": [
        {
            "parameters": {
                "threshold": 5,
                "a": 814.1118949903057,
                "t1": 1,
                "c": -0.014507576218024454,
                "b": 4937.4973926456905
            },
            "model_name": "Alternating",
            "weight": 0.16859758987170492
        },
        {
            "parameters": {
                "T": -10.793114908447226,
                "t1": 202.12100081467742,
                "F": 437.1310489984515
            },
            "model_name": "ThermalTime",
            "weight": 0.08889247786980216
        },
        {
            "parameters": {
                "t1": 46.92291897292897,
                "F": 175.66815878348783,
                "b": -11.581935706074981,
                "c": -13.417585912105135
            },
            "model_name": "Uniforc",
            "weight": 0.16697778308472433
        },
        {
            "parameters": {
                "intercept": 233.90941782491862,
                "spring_start": 41.376923351396584,
                "slope": 1.9964397568762615,
                "spring_length": 1.191052400974101
            },
            "model_name": "Linear",
            "weight": 0.5755321491737687
        }
    ]
}