{
    "model_name": "Alternating",
    "parameters": {
        "a": 532.4599717042723,
        "b": 1258.1637014517187,
        "c": -0.04864420928138191,
        "t1": 1.0,
        "threshold": 5.0
    }
}