{
    "model_name": "ThermalTime",
    "parameters": {
        "F": 63.803010912240836,
        "T": 16.10011090120873,
        "t1": 63.302657176279574
    }
}