{
    "model_name": "WeightedEnsemble",
    "core_models": [
        {
            "model_name": "Alternating",
            "weight": 0.26284755274972993,
            "parameters": {
                "t1": 1,
                "a": 624.3614126258279,
                "threshold": 5,
                "b": 967.4398912862912,
                "c": -0.0568404220264811
            }
        },
        {
            "model_name": "ThermalTime",
            "weight": 0.2722870594938292,
            "parameters": {
                "t1": 80.99108097407891,
                "T": 21.56783171612806,
                "F": 7.454048521585435
            }
        },
        {
            "model_name": "Uniforc",
            "weight": 0.3097835908657858,
            "parameters": {
                "t1": 74.98658150896988,
                "F": 0.8279269253993959,
                "b": -8.324472013519465,
                "c": 21.52021732075715
            }
        },
        {
            "model_name": "Linear",
            "weight": 0.15508179689065482,
            "parameters": {
                "time_start": 24.358884566070426,
                "slope": -2.106096830404147,
                "intercept": 124.00718538887438,
                "time_length": 1.5153318960495739
            }
        }
    ]
}