{
    "core_models": [
        {
            "parameters": {
                "threshold": 5,
                "b": 3968.9711578826864,
                "t1": 1,
                "a": 661.7210436669811,
                "c": -0.27481463389185734
            },
            "weight": 0.359285354255751,
            "model_name": "Alternating"
        },
        {
            "parameters": {
                "T": 21.575726234991254,
                "t1": 81.92644426423158,
                "F": 1.6807671990531503
            },
            "weight": 0.2797190100567601,
            "model_name": "ThermalTime"
        },
        {
            "parameters": {
                "b": -11.602699977604356,
                "t1": 65.1563821336774,
                "F": 11.664329449516202,
                "c": 14.85413238087645
            },
            "weight": 0.25440458499680496,
            "model_name": "Uniforc"
        },
        {
            "parameters": {
                "time_start": 24.355544686631006,
                "time_length": 1.07066611309115,
                "intercept": 119.52088068631485,
                "slope": -2.3017112454166213
            },
            "weight": 0.10659105069068428,
            "model_name": "Linear"
        }
    ],
    "model_name": "WeightedEnsemble"
}