{
    "model_name": "WeightedEnsemble",
    "core_models": [
        {
            "model_name": "Alternating",
            "parameters": {
                "b": 2089.915251810874,
                "a": -957.7572881817389,
                "c": -0.0056272658121954144,
                "t1": 1,
                "threshold": 5
            },
            "weight": 0.2868228094301508
        },
        {
            "model_name": "ThermalTime",
            "parameters": {
                "F": 352.9459999045738,
                "T": -2.7991389017224364,
                "t1": 75.77546263826798
            },
            "weight": 0.20368411860690513
        },
        {
            "model_name": "Uniforc",
            "parameters": {
                "F": 10.336817330808088,
                "b": -9.801306084871399,
                "c": 13.076710147664771,
                "t1": 71.84555262776647
            },
            "weight": 0.12016613806892124
        },
        {
            "model_name": "Linear",
            "parameters": {
                "time_length": 1.392214382706051,
                "intercept": 108.97368761420067,
                "slope": -2.3292552744191473,
                "time_start": 24.55358266551505
            },
            "weight": 0.3893269338940229
        }
    ]
}