{
    "core_models": [
        {
            "model_name": "Alternating",
            "weight": 0.07727220573077728,
            "parameters": {
                "a": 633.4436327601632,
                "c": -0.21195825915102873,
                "b": 3069.3990731765716,
                "t1": 1,
                "threshold": 5
            }
        },
        {
            "model_name": "ThermalTime",
            "weight": 0.3169837126720962,
            "parameters": {
                "F": 203.8856696674689,
                "t1": 57.833127660554915,
                "T": 14.693693189078417
            }
        },
        {
            "model_name": "Uniforc",
            "weight": 0.31127904167767506,
            "parameters": {
                "F": 11.808993241421746,
                "c": 14.843072106645838,
                "b": -19.11789587095991,
                "t1": 64.84883698463571
            }
        },
        {
            "model_name": "Linear",
            "weight": 0.29446503991945155,
            "parameters": {
                "intercept": 202.36067844766023,
                "slope": -5.609195802388122,
                "spring_length": 119.44524715409847,
                "spring_start": 59.75747549240737
            }
        }
    ],
    "model_name": "WeightedEnsemble"
}