{
    "core_models": [
        {
            "model_name": "Alternating",
            "parameters": {
                "c": -0.1605100878534742,
                "b": 3354.244849944988,
                "a": 449.24745414602296,
                "threshold": 5,
                "t1": 1
            },
            "weight": 0.20529511620759505
        },
        {
            "model_name": "ThermalTime",
            "parameters": {
                "T": -4.8870521590101195,
                "F": 290.7137018797989,
                "t1": 70.59835737178383
            },
            "weight": 0.19955279984440424
        },
        {
            "model_name": "Uniforc",
            "parameters": {
                "c": 13.107778122579239,
                "b": -8.774779946661885,
                "F": 11.76379993772936,
                "t1": 62.78041917745147
            },
            "weight": 0.23325621976823277
        },
        {
            "model_name": "Linear",
            "parameters": {
                "spring_length": 8.713988155399448,
                "slope": -2.407949203442056,
                "intercept": 103.33989617878088,
                "spring_start": 21.413590715569228
            },
            "weight": 0.36189586417976793
        }
    ],
    "model_name": "WeightedEnsemble"
}