{
    "model_name": "WeightedEnsemble",
    "core_models": [
        {
            "model_name": "Alternating",
            "weight": 0.22405115700305792,
            "parameters": {
                "a": 181.47144031001972,
                "b": 960.0774660733782,
                "threshold": 5,
                "t1": 1,
                "c": -0.01951899268255497
            }
        },
        {
            "model_name": "ThermalTime",
            "weight": 0.18526508068307593,
            "parameters": {
                "t1": 82.39875607997348,
                "T": -10.61660680512759,
                "F": 243.07353019842594
            }
        },
        {
            "model_name": "Uniforc",
            "weight": 0.1122775717172026,
            "parameters": {
                "t1": 88.02841396666885,
                "b": -5.994019029609254,
                "F": 3.387485083541165,
                "c": 16.549135731521545
            }
        },
        {
            "model_name": "Linear",
            "weight": 0.4784061905966631,
            "parameters": {
                "time_start": 22.288754699802954,
                "intercept": 105.33426662626624,
                "slope": -2.720452168942413,
                "time_length": 7.869506119153954
            }
        }
    ]
}