{
    "model_name": "ThermalTime",
    "parameters": {
        "F": 28.00696987515425,
        "T": 4.207855642305741,
        "t1": 269.19443212051675
    }
}