{
    "model_name": "WeightedEnsemble",
    "core_models": [
        {
            "weight": 0.07342051053074802,
            "model_name": "Alternating",
            "parameters": {
                "b": 237.20975566492734,
                "t1": 1,
                "threshold": 5,
                "a": 952.1882318535984,
                "c": -0.003471659024552043
            }
        },
        {
            "weight": 0.0710258428574161,
            "model_name": "ThermalTime",
            "parameters": {
                "t1": 20.447145179687823,
                "F": 998.0686806681963,
                "T": -21.846301822678964
            }
        },
        {
            "weight": 0.20811574068723698,
            "model_name": "Uniforc",
            "parameters": {
                "t1": -39.15502432168353,
                "b": -14.157231300707496,
                "F": 118.12367052732569,
                "c": 5.984413025036172
            }
        },
        {
            "weight": 0.6474379059245992,
            "model_name": "Linear",
            "parameters": {
                "spring_length": 88.86206898402475,
                "intercept": 194.43425099085607,
                "slope": -5.4988150393248825,
                "spring_start": 56.53448615137559
            }
        }
    ]
}