{
    "model_name": "Alternating",
    "parameters": {
        "a": 539.9990428812307,
        "b": 666.6927954516052,
        "c": -0.0011191334353162221,
        "t1": 1.0,
        "threshold": 5.0
    }
}