{
    "core_models": [
        {
            "model_name": "Linear",
            "parameters": {
                "slope": -8.083259223014473,
                "time_start": 229.88977366213797,
                "time_length": 89.69894430254023,
                "intercept": 276.03748500582174
            },
            "weight": 0.9061264581338783
        },
        {
            "model_name": "FallCooling",
            "parameters": {
                "T": 24.994108292901956,
                "F": 5.414369185109763,
                "t1": 182.0512141001777
            },
            "weight": 0.09387354186612037
        }
    ],
    "model_name": "WeightedEnsemble"
}