{
    "core_models": [
        {
            "model_name": "Alternating",
            "parameters": {
                "a": 892.9613886112966,
                "t1": 1,
                "b": 238.25143903679145,
                "c": -0.0009197002894505424,
                "threshold": 5
            },
            "weight": 0.16639042258185022
        },
        {
            "model_name": "ThermalTime",
            "parameters": {
                "t1": 5.99725721817434,
                "T": 7.510800709892146,
                "F": 990.1121159924246
            },
            "weight": 0.1674926624828199
        },
        {
            "model_name": "Uniforc",
            "parameters": {
                "t1": -28.838092106786235,
                "b": -19.613952285341576,
                "c": 7.923289813193469,
                "F": 92.84406850465514
            },
            "weight": 0.16778603382533513
        },
        {
            "model_name": "Linear",
            "parameters": {
                "time_length": 10.804002647374396,
                "intercept": 183.3172633008769,
                "slope": -7.859387311820605,
                "time_start": 33.21828818378167
            },
            "weight": 0.49833088110999446
        }
    ],
    "model_name": "WeightedEnsemble"
}