{
    "core_models": [
        {
            "model_name": "Alternating",
            "weight": 0.2002083439197715,
            "parameters": {
                "c": -0.014736549609098759,
                "b": 122.48026043176378,
                "t1": 1,
                "a": 987.424690964537,
                "threshold": 5
            }
        },
        {
            "model_name": "ThermalTime",
            "weight": 0.1598253453966132,
            "parameters": {
                "F": 920.0357914745116,
                "t1": -4.1149751854036225,
                "T": 9.383688067669272
            }
        },
        {
            "model_name": "Uniforc",
            "weight": 0.2109934706421377,
            "parameters": {
                "F": 102.43669359718398,
                "b": -18.630247515240676,
                "t1": -47.519557854713014,
                "c": 8.167632064441467
            }
        },
        {
            "model_name": "Linear",
            "weight": 0.42897284004147734,
            "parameters": {
                "intercept": 188.75411032777455,
                "time_start": 27.891835883599384,
                "time_length": 16.29882822303231,
                "slope": -8.618800701839739
            }
        }
    ],
    "model_name": "WeightedEnsemble"
}