{
    "core_models": [
        {
            "model_name": "Alternating",
            "weight": 0.14967963389467984,
            "parameters": {
                "a": 999.253883401213,
                "threshold": 5,
                "b": 4999.482034697447,
                "c": -0.019527897663204286,
                "t1": 1
            }
        },
        {
            "model_name": "ThermalTime",
            "weight": 0.0876372519510042,
            "parameters": {
                "t1": 267.32190286945024,
                "T": -0.8169913244598537,
                "F": 59.42301881890302
            }
        },
        {
            "model_name": "Uniforc",
            "weight": 0.07652362146647898,
            "parameters": {
                "t1": 108.87472653202258,
                "b": -3.9969779341626177,
                "F": 161.93666299816573,
                "c": -29.60087968876317
            }
        },
        {
            "model_name": "Linear",
            "weight": 0.6861594926878374,
            "parameters": {
                "slope": 15.298322709151806,
                "spring_start": -27.80390897107455,
                "spring_length": 1.6829692825937386,
                "intercept": 27.412753692114606
            }
        }
    ],
    "model_name": "WeightedEnsemble"
}