{
    "core_models": [
        {
            "parameters": {
                "threshold": 5,
                "c": -0.026573719299291643,
                "b": 4965.5280172782695,
                "a": -945.6509672174302,
                "t1": 1
            },
            "weight": 0.1379554606389145,
            "model_name": "Alternating"
        },
        {
            "parameters": {
                "F": 37.89552299698107,
                "T": 22.31439531241952,
                "t1": 156.11642580279383
            },
            "weight": 0.16383261213681788,
            "model_name": "ThermalTime"
        },
        {
            "parameters": {
                "F": 186.86921121164195,
                "c": -2.1971290883643633,
                "b": -19.119014436469506,
                "t1": -21.456910044082747
            },
            "weight": 0.2130739444034701,
            "model_name": "Uniforc"
        },
        {
            "parameters": {
                "intercept": 42.19102654705151,
                "time_start": -20.83020610908421,
                "slope": 10.773936453434127,
                "time_length": 1.270669073899839
            },
            "weight": 0.48513798282079706,
            "model_name": "Linear"
        }
    ],
    "model_name": "WeightedEnsemble"
}