{
    "model_name": "WeightedEnsemble",
    "core_models": [
        {
            "weight": 0.3872385042917076,
            "model_name": "Alternating",
            "parameters": {
                "a": -988.0042570626895,
                "b": 4049.434237031748,
                "threshold": 5,
                "t1": 1,
                "c": -0.022313450470066165
            }
        },
        {
            "weight": 0.18068989672832128,
            "model_name": "ThermalTime",
            "parameters": {
                "T": 15.574572453228757,
                "t1": 135.49957845729074,
                "F": 79.30240950270496
            }
        },
        {
            "weight": 0.16304954099248306,
            "model_name": "Uniforc",
            "parameters": {
                "b": -17.310910187142742,
                "F": 11.806016666289509,
                "t1": 135.77197569545933,
                "c": 9.290865796148818
            }
        },
        {
            "weight": 0.26902205798748835,
            "model_name": "Linear",
            "parameters": {
                "time_length": 1.4942234013130715,
                "time_start": -21.569432494611284,
                "intercept": 30.851446139038373,
                "slope": 9.002938654654502
            }
        }
    ]
}