{
    "core_models": [
        {
            "parameters": {
                "t1": 1,
                "c": -0.10514438567747142,
                "a": 997.9468899661306,
                "threshold": 5,
                "b": 99.18653724872138
            },
            "weight": 0.09922463913189876,
            "model_name": "Alternating"
        },
        {
            "parameters": {
                "t1": 69.52663928975619,
                "F": 260.8614631270074,
                "T": 9.660688406986257
            },
            "weight": 0.15533421006892467,
            "model_name": "ThermalTime"
        },
        {
            "parameters": {
                "t1": 70.2909499620168,
                "F": 20.00069711051306,
                "c": 9.84540488513258,
                "b": -7.605997217724488
            },
            "weight": 0.2197386887358443,
            "model_name": "Uniforc"
        },
        {
            "parameters": {
                "slope": -15.14435514982284,
                "time_length": 74.37239900812321,
                "time_start": 59.11067222702765,
                "intercept": 265.4538358818811
            },
            "weight": 0.5257024620633317,
            "model_name": "Linear"
        }
    ],
    "model_name": "WeightedEnsemble"
}