{
    "core_models": [
        {
            "model_name": "Linear",
            "parameters": {
                "time_length": 14.015074318529862,
                "intercept": 292.7420746778464,
                "slope": -12.667978623782773,
                "time_start": 233.84061281923755
            },
            "weight": 0.9085080538906173
        },
        {
            "model_name": "FallCooling",
            "parameters": {
                "t1": 182.26740681351907,
                "T": 18.793025176397656,
                "F": 8.409774556697528
            },
            "weight": 0.09149194610938118
        }
    ],
    "model_name": "WeightedEnsemble"
}