{
    "model_name": "WeightedEnsemble",
    "core_models": [
        {
            "model_name": "Alternating",
            "weight": 0.1101241687851878,
            "parameters": {
                "b": 109.2612180472147,
                "t1": 1,
                "c": -1.1811986905664118,
                "a": 999.2318216762375,
                "threshold": 5
            }
        },
        {
            "model_name": "ThermalTime",
            "weight": 0.13598787718363886,
            "parameters": {
                "T": 9.381144652847123,
                "t1": 69.37859903581305,
                "F": 265.23329595576286
            }
        },
        {
            "model_name": "Uniforc",
            "weight": 0.24714576884407347,
            "parameters": {
                "b": -9.362526301941658,
                "t1": 70.80391657223893,
                "F": 19.997318907822077,
                "c": 9.837135948796716
            }
        },
        {
            "model_name": "Linear",
            "weight": 0.5067421851870995,
            "parameters": {
                "time_start": 59.18039479056186,
                "time_length": 74.63850945632804,
                "intercept": 264.2477967047627,
                "slope": -15.079421364034374
            }
        }
    ]
}