{
    "model_name": "ThermalTime",
    "parameters": {
        "F": 260.26951749368334,
        "T": 9.656209860083658,
        "t1": 68.17788715425127
    }
}