{
    "core_models": [
        {
            "model_name": "Alternating",
            "weight": 0.14821296401972228,
            "parameters": {
                "a": 967.6260995634942,
                "threshold": 5,
                "b": 105.68650120569964,
                "c": -0.015043834299344194,
                "t1": 1
            }
        },
        {
            "model_name": "ThermalTime",
            "weight": 0.20596604735247032,
            "parameters": {
                "t1": 68.20242796615668,
                "T": 9.65279527914315,
                "F": 260.5782376444063
            }
        },
        {
            "model_name": "Uniforc",
            "weight": 0.21814497240868355,
            "parameters": {
                "t1": 68.57103577198467,
                "b": -10.929463458254176,
                "F": 21.077238525768735,
                "c": 9.827863552898219
            }
        },
        {
            "model_name": "Linear",
            "weight": 0.4276760162191239,
            "parameters": {
                "slope": -15.146140014508818,
                "spring_start": 58.53101806962506,
                "spring_length": 73.70992510726091,
                "intercept": 265.4697688464457
            }
        }
    ],
    "model_name": "WeightedEnsemble"
}