{
    "model_name": "WeightedEnsemble",
    "core_models": [
        {
            "model_name": "Alternating",
            "weight": 0.0996921419860102,
            "parameters": {
                "t1": 1,
                "a": 418.1617034842293,
                "b": 3627.397282733106,
                "c": -0.03720942391386872,
                "threshold": 5
            }
        },
        {
            "model_name": "ThermalTime",
            "weight": 0.3269131890560626,
            "parameters": {
                "t1": 88.95609023164207,
                "F": 476.3395213350292,
                "T": -4.4602499528746895
            }
        },
        {
            "model_name": "Uniforc",
            "weight": 0.474069242399341,
            "parameters": {
                "t1": 78.92474065023445,
                "F": 27.863752346098963,
                "b": -18.20746539164761,
                "c": 8.998098091448625
            }
        },
        {
            "model_name": "Linear",
            "weight": 0.09932542655858631,
            "parameters": {
                "spring_length": 110.22336716832642,
                "intercept": 174.28352487473794,
                "slope": -3.5479661319651945,
                "spring_start": 59.54272385982556
            }
        }
    ]
}