{
    "core_models": [
        {
            "weight": 0.18750341470619322,
            "parameters": {
                "b": 3777.8836502546046,
                "c": -0.037664151217031705,
                "threshold": 5,
                "a": 420.9466765415553,
                "t1": 1
            },
            "model_name": "Alternating"
        },
        {
            "weight": 0.47734020595822996,
            "parameters": {
                "T": -8.671206788385188,
                "F": 459.9428462569478,
                "t1": 89.99728957735162
            },
            "model_name": "ThermalTime"
        },
        {
            "weight": 0.2122820393869765,
            "parameters": {
                "b": -13.29394569435326,
                "c": 8.82659129173139,
                "F": 27.90764495343764,
                "t1": 79.08690148088064
            },
            "model_name": "Uniforc"
        },
        {
            "weight": 0.1228743399486001,
            "parameters": {
                "time_start": 59.77219991528627,
                "intercept": 177.6221440836335,
                "slope": -3.768077386805419,
                "time_length": 116.53993236048254
            },
            "model_name": "Linear"
        }
    ],
    "model_name": "WeightedEnsemble"
}