{
    "core_models": [
        {
            "weight": 0.17070746079699273,
            "parameters": {
                "b": 3973.720655649543,
                "a": -20.37535814155511,
                "c": -0.02501652716164804,
                "threshold": 5,
                "t1": 1
            },
            "model_name": "Alternating"
        },
        {
            "weight": 0.22739861337242637,
            "parameters": {
                "T": 9.488839944156647,
                "F": 92.43704654803753,
                "t1": 120.34430332858403
            },
            "model_name": "ThermalTime"
        },
        {
            "weight": 0.21009894850164024,
            "parameters": {
                "b": -19.90213853710958,
                "F": 6.986234475316209,
                "c": 9.60362287642017,
                "t1": 120.39489316475027
            },
            "model_name": "Uniforc"
        },
        {
            "weight": 0.3917949773289404,
            "parameters": {
                "time_start": -29.97261269786808,
                "intercept": 143.42452546858732,
                "time_length": 5.438599297606302,
                "slope": 1.1891519033103481
            },
            "model_name": "Linear"
        }
    ],
    "model_name": "WeightedEnsemble"
}