{
    "model_name": "WeightedEnsemble",
    "core_models": [
        {
            "weight": 0.07844558437060399,
            "model_name": "Alternating",
            "parameters": {
                "a": -264.00240703462964,
                "b": 2330.371071821863,
                "c": -0.0132199611773407,
                "threshold": 5,
                "t1": 1
            }
        },
        {
            "weight": 0.1927655171571749,
            "model_name": "ThermalTime",
            "parameters": {
                "T": 10.976134111063162,
                "t1": 120.64730641879098,
                "F": 104.6262301089638
            }
        },
        {
            "weight": 0.28085938736807664,
            "model_name": "Uniforc",
            "parameters": {
                "t1": 120.75126096669395,
                "b": -15.885423949711981,
                "c": 11.052907648906574,
                "F": 7.265579205168478
            }
        },
        {
            "weight": 0.4479295111041441,
            "model_name": "Linear",
            "parameters": {
                "slope": 1.1073397159653664,
                "intercept": 142.94461387091505,
                "time_length": 1.1069022164164082,
                "time_start": -29.442477163410672
            }
        }
    ]
}