{
    "core_models": [
        {
            "model_name": "Linear",
            "parameters": {
                "slope": 2.2475463034544667,
                "time_start": 261.4939474167081,
                "time_length": 20.89404274480661,
                "intercept": 109.45172207339911
            },
            "weight": 0.8961294311571492
        },
        {
            "model_name": "FallCooling",
            "parameters": {
                "t1": 182.68305251255424,
                "T": 24.356276237173226,
                "F": 9.370086317390985
            },
            "weight": 0.10387056884284973
        }
    ],
    "model_name": "WeightedEnsemble"
}