{
    "model_name": "WeightedEnsemble",
    "core_models": [
        {
            "weight": 0.14097583741558212,
            "model_name": "Alternating",
            "parameters": {
                "threshold": 5,
                "c": -0.019892343383137057,
                "b": 3546.648525646352,
                "t1": 1,
                "a": -156.6179031385967
            }
        },
        {
            "weight": 0.19672902577014678,
            "model_name": "ThermalTime",
            "parameters": {
                "t1": 116.84925808632542,
                "F": 161.8865642625562,
                "T": -1.1149500536523471
            }
        },
        {
            "weight": 0.24836587551047318,
            "model_name": "Uniforc",
            "parameters": {
                "t1": 129.06591847371823,
                "F": 1.015035379039972,
                "b": -4.097749045537302,
                "c": 12.163210076868303
            }
        },
        {
            "weight": 0.41392926130379804,
            "model_name": "Linear",
            "parameters": {
                "intercept": 142.91070691202034,
                "slope": 1.1047614807941641,
                "spring_length": 4.372806980938577,
                "spring_start": -29.75038191692024
            }
        }
    ]
}