{
    "model_name": "Uniforc",
    "parameters": {
        "F": 27.512435249300083,
        "b": -15.464765080952823,
        "c": 9.031013599777273,
        "t1": 78.87031791265088
    }
}