{
    "model_name": "Alternating",
    "parameters": {
        "a": -546.9703346462194,
        "b": 2653.5965053366713,
        "c": -0.011065254949228276,
        "t1": 1.0,
        "threshold": 5.0
    }
}