{
    "model_name": "WeightedEnsemble",
    "core_models": [
        {
            "model_name": "Alternating",
            "weight": 0.1489130736507541,
            "parameters": {
                "c": -0.04835552463836468,
                "b": 3067.188574759455,
                "threshold": 5,
                "a": 495.20703325666983,
                "t1": 1
            }
        },
        {
            "model_name": "ThermalTime",
            "weight": 0.22479193362927521,
            "parameters": {
                "T": -6.03545461872722,
                "F": 490.0040836818266,
                "t1": 79.94143053147016
            }
        },
        {
            "model_name": "Uniforc",
            "weight": 0.4863195074631424,
            "parameters": {
                "c": 9.037075100524172,
                "b": -19.885260680499666,
                "F": 27.486029593919056,
                "t1": 79.08012507569639
            }
        },
        {
            "model_name": "Linear",
            "weight": 0.13997548525682812,
            "parameters": {
                "slope": -4.2926065499414054,
                "time_length": 119.88758636369488,
                "time_start": 59.97833532322031,
                "intercept": 182.56097164525966
            }
        }
    ]
}