{
    "model_name": "WeightedEnsemble",
    "core_models": [
        {
            "parameters": {
                "a": 219.2415432045043,
                "t1": 1,
                "threshold": 5,
                "b": 3898.0345409729525,
                "c": -0.09915556964478522
            },
            "model_name": "Alternating",
            "weight": 0.3958117701132761
        },
        {
            "parameters": {
                "F": 253.76626388497147,
                "T": 2.0160247212151483,
                "t1": 21.86776009246816
            },
            "model_name": "ThermalTime",
            "weight": 0.15093537765104098
        },
        {
            "parameters": {
                "F": 8.184698922258022,
                "t1": 2.5594454483263576,
                "b": -0.1607677828920373,
                "c": 18.265004072737046
            },
            "model_name": "Uniforc",
            "weight": 0.24866888667382853
        },
        {
            "parameters": {
                "slope": -5.263747315498289,
                "spring_length": 72.40226445644045,
                "spring_start": -16.711226572835216,
                "intercept": 96.06784369174021
            },
            "model_name": "Linear",
            "weight": 0.2045839655618543
        }
    ]
}