{
    "model_name": "ThermalTime",
    "parameters": {
        "F": 34.67146340207694,
        "T": 11.561098501275204,
        "t1": 69.22088120751843
    }
}