{
    "model_name": "Alternating",
    "parameters": {
        "a": 219.2762396388348,
        "b": 3688.224223151474,
        "c": -0.10606354440954567,
        "t1": 1.0,
        "threshold": 5.0
    }
}