{
    "core_models": [
        {
            "weight": 0.3068157030334413,
            "parameters": {
                "c": -0.03147248640860223,
                "a": 131.06114057009387,
                "b": 757.9528435150551,
                "t1": 1,
                "threshold": 5
            },
            "model_name": "Alternating"
        },
        {
            "weight": 0.18671766910462068,
            "parameters": {
                "T": -2.55866226482305,
                "F": 221.7613948341093,
                "t1": 48.48914167408755
            },
            "model_name": "ThermalTime"
        },
        {
            "weight": 0.13362048716636324,
            "parameters": {
                "c": 4.762574232563055,
                "b": -19.764063807059152,
                "F": 22.357723427167755,
                "t1": 35.76969522115384
            },
            "model_name": "Uniforc"
        },
        {
            "weight": 0.3728461406955747,
            "parameters": {
                "intercept": 120.42993424523513,
                "time_start": 51.22116786621293,
                "time_length": 62.8499837008947,
                "slope": -4.177028575089415
            },
            "model_name": "Linear"
        }
    ],
    "model_name": "WeightedEnsemble"
}