{
    "model_name": "WeightedEnsemble",
    "core_models": [
        {
            "model_name": "Alternating",
            "weight": 0.1618809860409041,
            "parameters": {
                "t1": 1,
                "b": 3224.3457710881353,
                "c": -0.09151269358923031,
                "a": 258.4663538272822,
                "threshold": 5
            }
        },
        {
            "model_name": "ThermalTime",
            "weight": 0.37570431286692063,
            "parameters": {
                "F": 115.50303919873642,
                "t1": 53.14164890577335,
                "T": 9.62481095810942
            }
        },
        {
            "model_name": "Uniforc",
            "weight": 0.20548786156616838,
            "parameters": {
                "F": 8.355966476248682,
                "c": 9.894553304455034,
                "t1": 52.9519350926888,
                "b": -4.5330836480009
            }
        },
        {
            "model_name": "Linear",
            "weight": 0.25692683952600687,
            "parameters": {
                "intercept": 151.5974235369569,
                "slope": -6.539758540851969,
                "time_start": 39.76167750183831,
                "time_length": 111.39001883084086
            }
        }
    ]
}