{
    "core_models": [
        {
            "weight": 0.2966261490637459,
            "parameters": {
                "intercept": 225.183401930687,
                "time_length": 10.517918223247506,
                "time_start": 184.04312588925782,
                "slope": 1.9683479071714183
            },
            "model_name": "Linear"
        },
        {
            "weight": 0.7033738509362535,
            "parameters": {
                "t1": 252.03187289343742,
                "F": 295.3262979666757,
                "T": 24.193960251747406
            },
            "model_name": "FallCooling"
        }
    ],
    "model_name": "WeightedEnsemble"
}