{
    "core_models": [
        {
            "parameters": {
                "intercept": 188.4918542084915,
                "time_start": 281.5148988356713,
                "slope": 4.0764928593738885,
                "time_length": 11.870401930217255
            },
            "model_name": "Linear",
            "weight": 0.36381498785895544
        },
        {
            "parameters": {
                "t1": 232.61350076565046,
                "F": 222.8578840004223,
                "T": 24.89147917925372
            },
            "model_name": "FallCooling",
            "weight": 0.6361850121410444
        }
    ],
    "model_name": "WeightedEnsemble"
}