{
    "model_name": "WeightedEnsemble",
    "core_models": [
        {
            "model_name": "Alternating",
            "parameters": {
                "c": -0.01459346559841368,
                "b": 856.9515400250777,
                "a": -71.73794959196545,
                "threshold": 5,
                "t1": 1
            },
            "weight": 0.18462373859825332
        },
        {
            "model_name": "ThermalTime",
            "parameters": {
                "F": 32.40139131598937,
                "T": 11.56977981907677,
                "t1": 69.01865823885034
            },
            "weight": 0.311528147757262
        },
        {
            "model_name": "Uniforc",
            "parameters": {
                "F": 2.0069897657718343,
                "c": 11.937501095770653,
                "b": -13.156985313315115,
                "t1": 69.48975817581577
            },
            "weight": 0.28084282522405996
        },
        {
            "model_name": "Linear",
            "parameters": {
                "spring_start": 51.52460909564564,
                "intercept": 172.57763148117417,
                "slope": -7.149190919686171,
                "spring_length": 107.77781369503391
            },
            "weight": 0.22300528842042472
        }
    ]
}