{
    "model_name": "WeightedEnsemble",
    "core_models": [
        {
            "weight": 0.21883117931666182,
            "model_name": "Alternating",
            "parameters": {
                "b": 858.2755121517607,
                "a": -240.5538456605817,
                "c": -0.008577860727737807,
                "t1": 1,
                "threshold": 5
            }
        },
        {
            "weight": 0.19933376698061125,
            "model_name": "ThermalTime",
            "parameters": {
                "T": -6.5897375375385705,
                "F": 174.704803515285,
                "t1": 52.29592119071373
            }
        },
        {
            "weight": 0.2840254902341322,
            "model_name": "Uniforc",
            "parameters": {
                "b": -19.742185823792575,
                "F": 21.315310874640872,
                "c": 4.915519269081948,
                "t1": 40.72380516202185
            }
        },
        {
            "weight": 0.29780956346859466,
            "model_name": "Linear",
            "parameters": {
                "time_start": 58.406090350304915,
                "time_length": 38.09857226712623,
                "slope": -3.4705851072550638,
                "intercept": 109.20674267556325
            }
        }
    ]
}