{
    "model_name": "WeightedEnsemble",
    "core_models": [
        {
            "model_name": "Alternating",
            "weight": 0.16314400213963823,
            "parameters": {
                "a": 289.8116974358391,
                "threshold": 5,
                "b": 3483.932979500647,
                "c": -0.11100125844013276,
                "t1": 1
            }
        },
        {
            "model_name": "ThermalTime",
            "weight": 0.308104005674908,
            "parameters": {
                "F": 87.85955049133344,
                "T": 11.543431605300658,
                "t1": 54.66959263681827
            }
        },
        {
            "model_name": "Uniforc",
            "weight": 0.3553176047926253,
            "parameters": {
                "F": 9.23196141074223,
                "c": 9.673334378661613,
                "b": -19.9884318485868,
                "t1": 53.74820645577375
            }
        },
        {
            "model_name": "Linear",
            "weight": 0.1734343873928281,
            "parameters": {
                "time_length": 113.08165887605838,
                "time_start": 39.77430106152924,
                "intercept": 160.97343417398918,
                "slope": -7.12276801166782
            }
        }
    ]
}