{
    "model_name": "WeightedEnsemble",
    "core_models": [
        {
            "model_name": "Alternating",
            "weight": 0.225373000758261,
            "parameters": {
                "c": -0.024151529424614626,
                "threshold": 5,
                "b": 866.3893139979057,
                "a": 115.9940626406144,
                "t1": 1
            }
        },
        {
            "model_name": "ThermalTime",
            "weight": 0.229647189021988,
            "parameters": {
                "F": 285.5985066187508,
                "t1": 48.1190134351714,
                "T": -1.3784615462514083
            }
        },
        {
            "model_name": "Uniforc",
            "weight": 0.35618391904609814,
            "parameters": {
                "b": -18.658240004547437,
                "t1": 39.97522148198118,
                "F": 32.77833408225223,
                "c": 3.4441956136001983
            }
        },
        {
            "model_name": "Linear",
            "weight": 0.18879589117365284,
            "parameters": {
                "spring_start": 19.731374088547167,
                "slope": -2.357576898978411,
                "intercept": 102.14010046174668,
                "spring_length": 67.17463770853442
            }
        }
    ]
}