{
    "model_name": "WeightedEnsemble",
    "core_models": [
        {
            "weight": 0.20837689858092326,
            "model_name": "Alternating",
            "parameters": {
                "a": 310.4935785271419,
                "b": 1207.4428460572444,
                "threshold": 5,
                "t1": 1,
                "c": -0.046083345502563766
            }
        },
        {
            "weight": 0.2766260373739345,
            "model_name": "ThermalTime",
            "parameters": {
                "T": 13.081380035758855,
                "t1": 84.43930006493356,
                "F": 50.02088680429932
            }
        },
        {
            "weight": 0.23376600222374117,
            "model_name": "Uniforc",
            "parameters": {
                "b": -4.288062798681597,
                "F": 11.491710511739797,
                "t1": 74.82793085413894,
                "c": 9.713540289433142
            }
        },
        {
            "weight": 0.2812310618214011,
            "model_name": "Linear",
            "parameters": {
                "time_length": 3.361489091320749,
                "time_start": 46.64029183863312,
                "intercept": 101.76929495608523,
                "slope": -1.1140088430037707
            }
        }
    ]
}