{
    "model_name": "WeightedEnsemble",
    "core_models": [
        {
            "model_name": "Alternating",
            "weight": 0.493010340945984,
            "parameters": {
                "c": -1.5799231736813035,
                "threshold": 5,
                "b": 1388.167489160791,
                "a": 656.1473139125106,
                "t1": 1
            }
        },
        {
            "model_name": "ThermalTime",
            "weight": 0.15022138439764363,
            "parameters": {
                "F": 57.84486123740726,
                "T": 19.011573687234502,
                "t1": 74.26134563527695
            }
        },
        {
            "model_name": "Uniforc",
            "weight": 0.20004964019756155,
            "parameters": {
                "c": 19.08419485854743,
                "b": -9.287245257838494,
                "F": 2.372400242244723,
                "t1": 74.17072067684663
            }
        },
        {
            "model_name": "Linear",
            "weight": 0.15671863445881087,
            "parameters": {
                "slope": -3.9550481694154636,
                "intercept": 171.09990392492622,
                "time_start": 52.67899671100905,
                "time_length": 119.81145497661348
            }
        }
    ]
}