{
    "model_name": "WeightedEnsemble",
    "core_models": [
        {
            "model_name": "Alternating",
            "weight": 0.21132708385998783,
            "parameters": {
                "threshold": 5,
                "t1": 1,
                "b": 1421.8372178007626,
                "a": 676.8764665337254,
                "c": -2.150657598784571
            }
        },
        {
            "model_name": "ThermalTime",
            "weight": 0.2515675655678908,
            "parameters": {
                "t1": 69.01798955993041,
                "F": 58.610971730172764,
                "T": 19.029785718120092
            }
        },
        {
            "model_name": "Uniforc",
            "weight": 0.3913304165207989,
            "parameters": {
                "t1": 69.80180152489405,
                "b": -4.244304399509577,
                "F": 2.5153435911363147,
                "c": 19.06657599735301
            }
        },
        {
            "model_name": "Linear",
            "weight": 0.1457749340513226,
            "parameters": {
                "slope": -4.523744757855908,
                "spring_length": 112.69475981534592,
                "intercept": 183.69603315663252,
                "spring_start": 59.05104730560971
            }
        }
    ]
}