{
    "core_models": [
        {
            "parameters": {
                "b": 785.9941748128613,
                "c": -0.02522757948807408,
                "t1": 1,
                "a": 171.63390952845225,
                "threshold": 5
            },
            "weight": 0.20052789770011561,
            "model_name": "Alternating"
        },
        {
            "parameters": {
                "F": 343.6973936502688,
                "t1": 42.92994460759208,
                "T": 1.2711195271426223
            },
            "weight": 0.3113718725810511,
            "model_name": "ThermalTime"
        },
        {
            "parameters": {
                "F": 40.216682651509906,
                "c": 3.247156438166965,
                "t1": 17.128686898937048,
                "b": -0.17461048779530586
            },
            "weight": 0.22563432464892924,
            "model_name": "Uniforc"
        },
        {
            "parameters": {
                "slope": -2.2310750331909466,
                "time_start": 24.02638589578978,
                "time_length": 31.04605672878479,
                "intercept": 98.66383321366762
            },
            "weight": 0.26246590506990425,
            "model_name": "Linear"
        }
    ],
    "model_name": "WeightedEnsemble"
}