{
    "model_name": "ThermalTime",
    "parameters": {
        "F": 283.5081505902765,
        "T": 0.4543480467784133,
        "t1": 52.06364234823453
    }
}