{
    "core_models": [
        {
            "parameters": {
                "b": 1411.9645001169085,
                "c": -0.07328593513669945,
                "a": 519.7290479460432,
                "threshold": 5,
                "t1": 1
            },
            "weight": 0.2735632332556812,
            "model_name": "Alternating"
        },
        {
            "parameters": {
                "T": 10.13802260038314,
                "F": 225.40500981674398,
                "t1": 90.45703412679974
            },
            "weight": 0.11883292178175492,
            "model_name": "ThermalTime"
        },
        {
            "parameters": {
                "b": -13.245774875184871,
                "c": -2.3290426579690715,
                "F": 80.12300069320946,
                "t1": 20.631550717552614
            },
            "weight": 0.4265154799617952,
            "model_name": "Uniforc"
        },
        {
            "parameters": {
                "time_start": 48.265689362249795,
                "slope": -1.051256761557238,
                "intercept": 114.86259284797086,
                "time_length": 1.2075348201715457
            },
            "weight": 0.1810883650007683,
            "model_name": "Linear"
        }
    ],
    "model_name": "WeightedEnsemble"
}