{
    "model_name": "ThermalTime",
    "parameters": {
        "F": 57.10725612577949,
        "T": 19.09915719864341,
        "t1": 73.63582398913228
    }
}