{
    "core_models": [
        {
            "weight": 0.515342656077379,
            "model_name": "Linear",
            "parameters": {
                "time_length": 10.380271491321189,
                "slope": 2.012550361194829,
                "time_start": 282.47876843345693,
                "intercept": 258.4354613548211
            }
        },
        {
            "weight": 0.48465734392262094,
            "model_name": "FallCooling",
            "parameters": {
                "F": 14.300809542901277,
                "t1": 286.49949241376476,
                "T": 14.50635696759926
            }
        }
    ],
    "model_name": "WeightedEnsemble"
}