{
    "core_models": [
        {
            "parameters": {
                "intercept": 297.9999997063405,
                "time_start": 298.603751860137,
                "slope": -2.133046532346703,
                "time_length": 11.257170819244067
            },
            "weight": 0.6806783457203549,
            "model_name": "Linear"
        },
        {
            "parameters": {
                "F": 12.862826419657608,
                "T": 16.451690929819694,
                "t1": 268.11512699109085
            },
            "weight": 0.31932165427964454,
            "model_name": "FallCooling"
        }
    ],
    "model_name": "WeightedEnsemble"
}