{
    "model_name": "WeightedEnsemble",
    "core_models": [
        {
            "parameters": {
                "a": -81.33350696363296,
                "b": 1388.8167778811692,
                "c": -0.022791675657842347,
                "threshold": 5,
                "t1": 1
            },
            "model_name": "Alternating",
            "weight": 0.3425872755636575
        },
        {
            "parameters": {
                "T": 4.942662485793331,
                "F": 76.2323953714482,
                "t1": 80.04265985295976
            },
            "model_name": "ThermalTime",
            "weight": 0.20494226962877843
        },
        {
            "parameters": {
                "b": -12.167641438889662,
                "F": 27.20587948997037,
                "c": 1.4168919261174362,
                "t1": 57.539141312711834
            },
            "model_name": "Uniforc",
            "weight": 0.1695472496658474
        },
        {
            "parameters": {
                "slope": -1.2004032544402095,
                "intercept": 92.11277430598676,
                "spring_length": 4.606974116643862,
                "spring_start": 27.163301675054612
            },
            "model_name": "Linear",
            "weight": 0.28292320514171665
        }
    ]
}