{
    "core_models": [
        {
            "parameters": {
                "c": -0.32185240973029217,
                "b": 3478.8150087524164,
                "a": 705.1880730013007,
                "threshold": 5,
                "t1": 1
            },
            "model_name": "Alternating",
            "weight": 0.7487939114261782
        },
        {
            "parameters": {
                "F": 114.64371404701006,
                "t1": 78.77482224106738,
                "T": 20.785584833926734
            },
            "model_name": "ThermalTime",
            "weight": 0.08185001333428563
        },
        {
            "parameters": {
                "F": 5.497263016821464,
                "b": -19.833352526449325,
                "t1": 78.10013693519295,
                "c": 20.84859128676957
            },
            "model_name": "Uniforc",
            "weight": 0.07807660986805391
        },
        {
            "parameters": {
                "spring_start": 33.8603313071244,
                "slope": 5.562697657071642,
                "spring_length": 11.384026983666097,
                "intercept": 134.5694925801108
            },
            "model_name": "Linear",
            "weight": 0.0912794653714828
        }
    ],
    "model_name": "WeightedEnsemble"
}