{
    "model_name": "Alternating",
    "parameters": {
        "a": 707.764504429951,
        "b": 3458.423251962934,
        "c": -0.3508559158186184,
        "t1": 1.0,
        "threshold": 5.0
    }
}