{
    "model_name": "WeightedEnsemble",
    "core_models": [
        {
            "model_name": "Alternating",
            "parameters": {
                "c": -0.28019037971285066,
                "t1": 1,
                "a": 670.2831017810119,
                "b": 2367.486488621276,
                "threshold": 5
            },
            "weight": 0.444125182085227
        },
        {
            "model_name": "ThermalTime",
            "parameters": {
                "t1": 89.11571554028671,
                "T": 15.602794686485044,
                "F": 133.1231447151514
            },
            "weight": 0.23452141833090379
        },
        {
            "model_name": "Uniforc",
            "parameters": {
                "t1": 89.46184386642099,
                "c": 16.796059025009093,
                "F": 4.84110757140283,
                "b": -9.763962357098745
            },
            "weight": 0.2320611485597576
        },
        {
            "model_name": "Linear",
            "parameters": {
                "time_length": 119.87476879979084,
                "time_start": 54.87887862537665,
                "intercept": 188.02485863314962,
                "slope": -4.989591599023518
            },
            "weight": 0.08929225102411134
        }
    ]
}