{
    "core_models": [
        {
            "parameters": {
                "c": -0.02837037417288535,
                "t1": 1,
                "b": 1672.8829311676081,
                "threshold": 5,
                "a": 10.333661041252107
            },
            "weight": 0.3808886221042178,
            "model_name": "Alternating"
        },
        {
            "parameters": {
                "t1": 88.24940187906057,
                "T": -5.381452619163587,
                "F": 60.56971663105185
            },
            "weight": 0.220587844221903,
            "model_name": "ThermalTime"
        },
        {
            "parameters": {
                "c": 1.5497872358784637,
                "t1": 75.23148067663757,
                "b": -19.08092730816757,
                "F": 17.042138626381714
            },
            "weight": 0.17284668018792593,
            "model_name": "Uniforc"
        },
        {
            "parameters": {
                "intercept": 94.97231445041947,
                "time_length": 2.6770554091614187,
                "time_start": 28.673077065584522,
                "slope": -0.940690178020106
            },
            "weight": 0.22567685348595348,
            "model_name": "Linear"
        }
    ],
    "model_name": "WeightedEnsemble"
}