{
    "model_name": "WeightedEnsemble",
    "core_models": [
        {
            "parameters": {
                "threshold": 5,
                "b": 117.95155343171382,
                "t1": 1,
                "a": 882.9025416185139,
                "c": -0.019260173409202608
            },
            "model_name": "Alternating",
            "weight": 0.2076676369394114
        },
        {
            "parameters": {
                "T": 10.330117250825227,
                "t1": 39.06713915254876,
                "F": 609.4405993633457
            },
            "model_name": "ThermalTime",
            "weight": 0.3130121540961937
        },
        {
            "parameters": {
                "F": 42.48211612310572,
                "t1": 39.202118948162564,
                "c": 10.232261592161363,
                "b": -15.91687104442105
            },
            "model_name": "Uniforc",
            "weight": 0.19464207613108875
        },
        {
            "parameters": {
                "time_length": 83.4404984595701,
                "time_start": 56.33980777914089,
                "slope": -5.022363088538788,
                "intercept": 184.5946457154799
            },
            "model_name": "Linear",
            "weight": 0.2846781328333061
        }
    ]
}