{
    "core_models": [
        {
            "model_name": "Alternating",
            "weight": 0.4693682057167261,
            "parameters": {
                "threshold": 5,
                "b": 1443.934399736763,
                "a": 34.277035699064264,
                "c": -0.030190151864512238,
                "t1": 1
            }
        },
        {
            "model_name": "ThermalTime",
            "weight": 0.23109971763013326,
            "parameters": {
                "F": 51.70426408518415,
                "T": 5.487842688107153,
                "t1": 82.62267077006324
            }
        },
        {
            "model_name": "Uniforc",
            "weight": 0.14311597524492406,
            "parameters": {
                "b": -13.004859886842734,
                "F": 9.38356030344984,
                "c": 5.002478710822588,
                "t1": 76.53097895280746
            }
        },
        {
            "model_name": "Linear",
            "weight": 0.1564161014082163,
            "parameters": {
                "intercept": 91.02263316764989,
                "time_start": 22.476640183516665,
                "slope": -1.2177882278347787,
                "time_length": 8.739880531125799
            }
        }
    ],
    "model_name": "WeightedEnsemble"
}