{
    "model_name": "ThermalTime",
    "parameters": {
        "F": 55.76623944167813,
        "T": 7.573455351622259,
        "t1": 81.31355446131946
    }
}