{
    "model_name": "WeightedEnsemble",
    "core_models": [
        {
            "weight": 0.47471662868712916,
            "parameters": {
                "a": 141.03081568545628,
                "c": -0.16798775751470263,
                "threshold": 5,
                "t1": 1,
                "b": 4947.057861112149
            },
            "model_name": "Alternating"
        },
        {
            "weight": 0.1893153070708706,
            "parameters": {
                "F": 79.32653338990087,
                "t1": 51.753575721646186,
                "T": 6.308845387905948
            },
            "model_name": "ThermalTime"
        },
        {
            "weight": 0.1472585254266462,
            "parameters": {
                "c": 6.688820528764506,
                "F": 8.79814545597742,
                "t1": 45.25293349235689,
                "b": -1.09357789745955
            },
            "model_name": "Uniforc"
        },
        {
            "weight": 0.18870953881535368,
            "parameters": {
                "time_start": 52.02365301424596,
                "slope": -2.133586460642134,
                "intercept": 90.07859769946725,
                "time_length": 1.245438471845297
            },
            "model_name": "Linear"
        }
    ]
}