{
    "model_name": "ThermalTime",
    "parameters": {
        "F": 49.51840298927568,
        "T": 15.118096884362677,
        "t1": 86.84571195215388
    }
}