{
    "model_name": "ThermalTime",
    "parameters": {
        "F": 68.56029304007359,
        "T": -22.4927437281273,
        "t1": 10.972217413473643
    }
}