{
    "core_models": [
        {
            "parameters": {
                "t1": 1,
                "b": 2365.0527993904766,
                "a": 542.247688606156,
                "c": -0.3981516159649514,
                "threshold": 5
            },
            "weight": 0.07610958032618324,
            "model_name": "Alternating"
        },
        {
            "parameters": {
                "t1": 42.92921100801176,
                "F": 9.821948087521832,
                "T": 19.03492569691406
            },
            "weight": 0.07991086054965729,
            "model_name": "ThermalTime"
        },
        {
            "parameters": {
                "t1": -11.400097466702434,
                "F": 0.42236785581322067,
                "c": 19.27830420174461,
                "b": -1.7149929479001091
            },
            "weight": 0.08288375586232584,
            "model_name": "Uniforc"
        },
        {
            "parameters": {
                "time_length": 1.1260855500440385,
                "intercept": 169.69486885522198,
                "time_start": 49.3565039226235,
                "slope": -13.034921651700767
            },
            "weight": 0.7610958032618332,
            "model_name": "Linear"
        }
    ],
    "model_name": "WeightedEnsemble"
}