{
    "model_name": "WeightedEnsemble",
    "core_models": [
        {
            "model_name": "Alternating",
            "weight": 0.14527503839791642,
            "parameters": {
                "c": -0.050157832346317655,
                "threshold": 5,
                "b": 1881.9296068259084,
                "a": 292.74999156125637,
                "t1": 1
            }
        },
        {
            "model_name": "ThermalTime",
            "weight": 0.24707174138576224,
            "parameters": {
                "F": 35.88386704401802,
                "t1": 84.02299874041765,
                "T": 17.097262391383516
            }
        },
        {
            "model_name": "Uniforc",
            "weight": 0.3661736086665341,
            "parameters": {
                "b": -13.099373945639705,
                "t1": 79.17293119058853,
                "F": 14.058247042269173,
                "c": 8.10802999307203
            }
        },
        {
            "model_name": "Linear",
            "weight": 0.24147961154978725,
            "parameters": {
                "spring_start": 54.904448433551494,
                "slope": -4.356002377997623,
                "intercept": 136.52522029433095,
                "spring_length": 4.550358043214821
            }
        }
    ]
}