{
    "model_name": "WeightedEnsemble",
    "core_models": [
        {
            "weight": 0.07578629751793922,
            "model_name": "Alternating",
            "parameters": {
                "threshold": 5,
                "c": -0.16226324897058664,
                "b": 3751.611640290611,
                "t1": 1,
                "a": 136.06454500733722
            }
        },
        {
            "weight": 0.0949448733404801,
            "model_name": "ThermalTime",
            "parameters": {
                "t1": 10.99857370016366,
                "F": 68.71387060113415,
                "T": -21.24743143210928
            }
        },
        {
            "weight": 0.08417270935089657,
            "model_name": "Uniforc",
            "parameters": {
                "t1": 50.21056612127238,
                "F": 2.827891037699075,
                "b": -2.7709801905676734,
                "c": 10.851831711336535
            }
        },
        {
            "weight": 0.7450961197906848,
            "model_name": "Linear",
            "parameters": {
                "intercept": 154.84331789876512,
                "slope": 23.526291228388153,
                "spring_length": 1.43945065802842,
                "spring_start": -22.69773888258174
            }
        }
    ]
}