{
    "model_name": "WeightedEnsemble",
    "core_models": [
        {
            "parameters": {
                "a": 226.50496735155224,
                "threshold": 5,
                "b": 983.1641172744166,
                "c": -0.020719033941704712,
                "t1": 1
            },
            "model_name": "Alternating",
            "weight": 0.3155256034288294
        },
        {
            "parameters": {
                "F": 23.868301746716384,
                "T": 17.316307319705164,
                "t1": 85.5662285143838
            },
            "model_name": "ThermalTime",
            "weight": 0.22363749154071721
        },
        {
            "parameters": {
                "F": 0.865586719188542,
                "b": -3.1828613724526322,
                "c": 18.58106030094492,
                "t1": 84.45395313326941
            },
            "model_name": "Uniforc",
            "weight": 0.1792668621700878
        },
        {
            "parameters": {
                "intercept": 137.0560887155869,
                "time_length": 4.787600279961211,
                "slope": -4.357925299581572,
                "time_start": 55.682740237805994
            },
            "model_name": "Linear",
            "weight": 0.2815700428603655
        }
    ]
}