{
    "model_name": "Alternating",
    "parameters": {
        "a": 914.5465833820418,
        "b": 882.5038410837179,
        "c": -0.019934487510187004,
        "t1": 1.0,
        "threshold": 5.0
    }
}