{
    "core_models": [
        {
            "weight": 0.36771398790829024,
            "model_name": "Alternating",
            "parameters": {
                "c": -0.005033965137616114,
                "a": 996.800558552021,
                "b": 1029.5909936593864,
                "t1": 1,
                "threshold": 5
            }
        },
        {
            "weight": 0.1814900074481612,
            "model_name": "ThermalTime",
            "parameters": {
                "F": 872.5194573796249,
                "t1": 38.2531081208772,
                "T": 19.43301577330157
            }
        },
        {
            "weight": 0.1461628934999618,
            "model_name": "Uniforc",
            "parameters": {
                "c": 19.458060865938588,
                "F": 38.343574889970135,
                "b": -19.582901796387922,
                "t1": 37.78943501999923
            }
        },
        {
            "weight": 0.30463311114358665,
            "model_name": "Linear",
            "parameters": {
                "intercept": 191.95837237368724,
                "slope": -4.326648269080355,
                "time_start": -12.856404489848838,
                "time_length": 3.533133449183211
            }
        }
    ],
    "model_name": "WeightedEnsemble"
}