{
    "model_name": "WeightedEnsemble",
    "core_models": [
        {
            "model_name": "Linear",
            "weight": 0.8962842919696117,
            "parameters": {
                "time_length": 10.194540828767344,
                "slope": -5.083813238791991,
                "intercept": 221.06869601264478,
                "time_start": 292.78485539156384
            }
        },
        {
            "model_name": "FallCooling",
            "weight": 0.10371570803038711,
            "parameters": {
                "T": 24.958205301059316,
                "t1": 182.48491537688375,
                "F": 5.653624156846774
            }
        }
    ]
}