{
    "core_models": [
        {
            "weight": 0.3944309254266668,
            "model_name": "Alternating",
            "parameters": {
                "threshold": 5,
                "c": -0.12771891538546232,
                "a": 687.1662624029735,
                "b": 771.9484279109897,
                "t1": 1
            }
        },
        {
            "weight": 0.19757815878419036,
            "model_name": "ThermalTime",
            "parameters": {
                "T": 22.4542724773796,
                "F": 8.466462172696538,
                "t1": 82.63858760405955
            }
        },
        {
            "weight": 0.18555425464915135,
            "model_name": "Uniforc",
            "parameters": {
                "c": 22.381471922328455,
                "b": -6.101633863520226,
                "F": 0.6689907446274646,
                "t1": 82.57905583115945
            }
        },
        {
            "weight": 0.22243666113999158,
            "model_name": "Linear",
            "parameters": {
                "spring_length": 2.8613729926721803,
                "slope": -3.1643498669198125,
                "intercept": 128.57091870978232,
                "spring_start": 47.102298249943715
            }
        }
    ],
    "model_name": "WeightedEnsemble"
}