{
    "model_name": "WeightedEnsemble",
    "core_models": [
        {
            "weight": 0.32623598001223636,
            "model_name": "Alternating",
            "parameters": {
                "b": 599.4506200903008,
                "c": -0.11013929968506586,
                "t1": 1,
                "a": 874.3084559159098,
                "threshold": 5
            }
        },
        {
            "weight": 0.26374395307440246,
            "model_name": "ThermalTime",
            "parameters": {
                "F": 1.6691670797650318,
                "t1": 83.34077015554904,
                "T": 22.41834251239223
            }
        },
        {
            "weight": 0.21548681597942468,
            "model_name": "Uniforc",
            "parameters": {
                "F": 0.46993679242358155,
                "c": 22.517540656663282,
                "t1": 83.43917802904417,
                "b": -5.161145276773132
            }
        },
        {
            "weight": 0.19453325093393645,
            "model_name": "Linear",
            "parameters": {
                "slope": -3.086542700725926,
                "time_start": 42.98128900044383,
                "intercept": 126.07450816963238,
                "time_length": 6.696553618866638
            }
        }
    ]
}