{
    "model_name": "Alternating",
    "parameters": {
        "a": 609.8247813486063,
        "b": 882.8365979085705,
        "c": -0.14180203392382307,
        "t1": 1.0,
        "threshold": 5.0
    }
}