{
    "core_models": [
        {
            "model_name": "Alternating",
            "weight": 0.1156513961064092,
            "parameters": {
                "threshold": 5,
                "b": 970.2874280005697,
                "t1": 1,
                "c": -0.02199300991669917,
                "a": 922.7505986093412
            }
        },
        {
            "model_name": "ThermalTime",
            "weight": 0.26168436471202544,
            "parameters": {
                "t1": 83.27860049331835,
                "T": 18.61112834469822,
                "F": 346.8368276671198
            }
        },
        {
            "model_name": "Uniforc",
            "weight": 0.2857133201842176,
            "parameters": {
                "b": -12.025372234250932,
                "t1": 80.7451589535294,
                "c": 18.54581840768237,
                "F": 17.025145467819442
            }
        },
        {
            "model_name": "Linear",
            "weight": 0.33695091899734775,
            "parameters": {
                "spring_start": 24.234993933077984,
                "intercept": 152.3213963763149,
                "slope": -3.555538216149948,
                "spring_length": 1.0954859267980055
            }
        }
    ],
    "model_name": "WeightedEnsemble"
}