{
    "model_name": "WeightedEnsemble",
    "core_models": [
        {
            "model_name": "Alternating",
            "parameters": {
                "a": 848.2978667570231,
                "c": -0.005978488219288813,
                "threshold": 5,
                "t1": 1,
                "b": 682.4796766053335
            },
            "weight": 0.2667380030895423
        },
        {
            "model_name": "ThermalTime",
            "parameters": {
                "F": 511.59956718459966,
                "t1": 59.86706788469388,
                "T": 16.346259469870322
            },
            "weight": 0.36452853009237446
        },
        {
            "model_name": "Uniforc",
            "parameters": {
                "c": 15.837072487914872,
                "F": 27.74545664834646,
                "t1": 55.9716572653593,
                "b": -18.645337329651
            },
            "weight": 0.1927273604148387
        },
        {
            "model_name": "Linear",
            "parameters": {
                "slope": -6.6218559133168355,
                "time_start": 55.11820435709149,
                "time_length": 118.42945011935176,
                "intercept": 242.16142661574597
            },
            "weight": 0.17600610640324438
        }
    ]
}