{
    "core_models": [
        {
            "parameters": {
                "c": -0.027557785153411007,
                "threshold": 5,
                "t1": 1,
                "b": 817.3769581154111,
                "a": 993.9377726767514
            },
            "weight": 0.2134657664357343,
            "model_name": "Alternating"
        },
        {
            "parameters": {
                "t1": 81.67545618260147,
                "F": 362.7200945396895,
                "T": 18.177099104917165
            },
            "weight": 0.24132733378838878,
            "model_name": "ThermalTime"
        },
        {
            "parameters": {
                "c": 18.514636104551276,
                "t1": 81.43358107769637,
                "b": -13.693961600924762,
                "F": 16.018919476222806
            },
            "weight": 0.27638121780755553,
            "model_name": "Uniforc"
        },
        {
            "parameters": {
                "slope": -4.936385784240044,
                "time_length": 116.35022482990229,
                "time_start": 58.20763421705986,
                "intercept": 220.54972453600405
            },
            "weight": 0.2688256819683214,
            "model_name": "Linear"
        }
    ],
    "model_name": "WeightedEnsemble"
}