{
    "core_models": [
        {
            "weight": 0.18094021124333134,
            "parameters": {
                "a": 424.28188348813546,
                "t1": 1,
                "threshold": 5,
                "c": -0.04211586935501632,
                "b": 4229.528164296097
            },
            "model_name": "Alternating"
        },
        {
            "weight": 0.11991753145310924,
            "parameters": {
                "t1": 83.18437726610618,
                "T": -8.430264175256244,
                "F": 468.61194988965246
            },
            "model_name": "ThermalTime"
        },
        {
            "weight": 0.5021071535786542,
            "parameters": {
                "t1": 76.9186366619295,
                "c": 10.446840579530758,
                "F": 21.04376351970234,
                "b": -14.954705778951936
            },
            "model_name": "Uniforc"
        },
        {
            "weight": 0.19703510372490474,
            "parameters": {
                "time_start": 59.71097766569076,
                "time_length": 108.87220178080389,
                "slope": -3.696901458450244,
                "intercept": 172.44609252564274
            },
            "model_name": "Linear"
        }
    ],
    "model_name": "WeightedEnsemble"
}