{
    "model_name": "Uniforc",
    "parameters": {
        "F": 118.0427924246748,
        "b": -0.420483718316369,
        "c": -11.01503307391587,
        "t1": 10.415065843095675
    }
}