{
    "model_name": "WeightedEnsemble",
    "core_models": [
        {
            "model_name": "Alternating",
            "weight": 0.07787345940875048,
            "parameters": {
                "a": 615.9394104063812,
                "c": -0.057970019031627906,
                "t1": 1,
                "threshold": 5,
                "b": 4993.5656057473825
            }
        },
        {
            "model_name": "ThermalTime",
            "weight": 0.23479772406678565,
            "parameters": {
                "T": -8.814396631567584,
                "t1": 73.58247958240878,
                "F": 614.5118274991235
            }
        },
        {
            "model_name": "Uniforc",
            "weight": 0.5208008784495957,
            "parameters": {
                "c": -10.637246129643197,
                "b": -0.3742970642102179,
                "t1": 10.5772236152917,
                "F": 116.52552797420346
            }
        },
        {
            "model_name": "Linear",
            "weight": 0.1665279380748682,
            "parameters": {
                "intercept": 163.12534329027,
                "slope": -3.9741377978050236,
                "spring_length": 105.31871038823766,
                "spring_start": 40.57630985661948
            }
        }
    ]
}