{
    "model_name": "WeightedEnsemble",
    "core_models": [
        {
            "model_name": "Linear",
            "weight": 0.9055123286994182,
            "parameters": {
                "time_length": 35.00133424479134,
                "slope": -3.420523195013245,
                "intercept": 214.72497183010682,
                "time_start": 182.1600687133724
            }
        },
        {
            "model_name": "FallCooling",
            "weight": 0.0944876713005805,
            "parameters": {
                "F": 0.6455427706576415,
                "t1": 182.12261401216676,
                "T": 24.20468992198738
            }
        }
    ]
}