{
    "model_name": "WeightedEnsemble",
    "core_models": [
        {
            "weight": 0.1598966292892632,
            "model_name": "Alternating",
            "parameters": {
                "b": 4412.339266343021,
                "threshold": 5,
                "a": 422.9397321509805,
                "t1": 1,
                "c": -0.04509656026539055
            }
        },
        {
            "weight": 0.2126559781798623,
            "model_name": "ThermalTime",
            "parameters": {
                "F": 442.94410121938057,
                "t1": 90.36765570588904,
                "T": 4.5033586611164464
            }
        },
        {
            "weight": 0.45952865493132633,
            "model_name": "Uniforc",
            "parameters": {
                "b": -8.047143758446067,
                "F": 21.892340415872653,
                "t1": 77.38988616626153,
                "c": 10.336512729549717
            }
        },
        {
            "weight": 0.16791873759954806,
            "model_name": "Linear",
            "parameters": {
                "time_start": 59.745348157816316,
                "intercept": 171.81580599861522,
                "time_length": 117.49681991178247,
                "slope": -3.3165922357512394
            }
        }
    ]
}