{
    "model_name": "Alternating",
    "parameters": {
        "a": 181.8011590528772,
        "b": 1859.2295307446177,
        "c": -0.4657825570495833,
        "t1": 1.0,
        "threshold": 5.0
    }
}