{
    "core_models": [
        {
            "weight": 0.5825491912437201,
            "model_name": "Alternating",
            "parameters": {
                "c": -0.4923040985720806,
                "a": 178.24405677125642,
                "t1": 1,
                "threshold": 5,
                "b": 2150.9171634188324
            }
        },
        {
            "weight": 0.21781126170624288,
            "model_name": "ThermalTime",
            "parameters": {
                "t1": 90.74643545116123,
                "T": -6.511560988463544,
                "F": 79.96527256826874
            }
        },
        {
            "weight": 0.11578684286038735,
            "model_name": "Uniforc",
            "parameters": {
                "t1": 91.3261119784456,
                "c": 12.9706474583265,
                "F": 0.47606180446381074,
                "b": -13.746800955347638
            }
        },
        {
            "weight": 0.0838527041896492,
            "model_name": "Linear",
            "parameters": {
                "intercept": 105.97930507882856,
                "slope": -0.8618515315292269,
                "time_length": 5.184439110157058,
                "time_start": 35.61309024115846
            }
        }
    ],
    "model_name": "WeightedEnsemble"
}