{
    "model_name": "WeightedEnsemble",
    "core_models": [
        {
            "weight": 0.6043031259005467,
            "model_name": "Alternating",
            "parameters": {
                "a": 214.33686412221942,
                "c": -0.4800053829400741,
                "b": 1753.9684437004355,
                "threshold": 5,
                "t1": 1
            }
        },
        {
            "weight": 0.12118704414076095,
            "model_name": "ThermalTime",
            "parameters": {
                "T": 11.53919288163206,
                "F": 14.852239350517323,
                "t1": 89.31440661195064
            }
        },
        {
            "weight": 0.12925922558616393,
            "model_name": "Uniforc",
            "parameters": {
                "c": 11.477610967896346,
                "b": -16.22804240994671,
                "F": 1.085815295153509,
                "t1": 88.8060099370402
            }
        },
        {
            "weight": 0.14525060437252862,
            "model_name": "Linear",
            "parameters": {
                "intercept": 105.84212938550051,
                "slope": -0.9056304522438452,
                "spring_length": 3.6926181731099774,
                "spring_start": 35.10235377724793
            }
        }
    ]
}