{
    "core_models": [
        {
            "parameters": {
                "a": 108.358019495151,
                "b": 3005.901396042864,
                "t1": 1,
                "threshold": 5,
                "c": -0.06103732599526257
            },
            "model_name": "Alternating",
            "weight": 0.6684324954287064
        },
        {
            "parameters": {
                "t1": 112.72559191771266,
                "F": 28.258447986030603,
                "T": -7.813318084358031
            },
            "model_name": "ThermalTime",
            "weight": 0.0854649647177982
        },
        {
            "parameters": {
                "b": -1.5753351634541701,
                "t1": 75.71180560911903,
                "c": -5.522951914172553,
                "F": 37.320029843124416
            },
            "model_name": "Uniforc",
            "weight": 0.15341102370453075
        },
        {
            "parameters": {
                "intercept": 120.67453429553998,
                "time_start": -13.199475898408146,
                "slope": 2.635510631740839,
                "time_length": 3.6442707330682467
            },
            "model_name": "Linear",
            "weight": 0.09269151614896405
        }
    ],
    "model_name": "WeightedEnsemble"
}