{
    "core_models": [
        {
            "parameters": {
                "b": 4102.314607962841,
                "c": -0.07567079667678511,
                "a": 342.01215166662814,
                "threshold": 5,
                "t1": 1
            },
            "weight": 0.5726316602460044,
            "model_name": "Alternating"
        },
        {
            "parameters": {
                "T": 17.63597056019292,
                "F": 4.781299699134877,
                "t1": 121.08891696859969
            },
            "weight": 0.11716726884687251,
            "model_name": "ThermalTime"
        },
        {
            "parameters": {
                "b": -9.45301347677627,
                "c": 0.8295986741911898,
                "F": 39.07931426028291,
                "t1": 78.37782221729037
            },
            "weight": 0.19805749401135375,
            "model_name": "Uniforc"
        },
        {
            "parameters": {
                "time_start": -21.67992452992386,
                "slope": 2.4740201006451024,
                "intercept": 124.10521190970479,
                "time_length": 1.4183985686378833
            },
            "weight": 0.1121435768957692,
            "model_name": "Linear"
        }
    ],
    "model_name": "WeightedEnsemble"
}