{
    "model_name": "Alternating",
    "parameters": {
        "a": 467.82232567304766,
        "b": 1612.4784581813494,
        "c": -1.2895478770153828,
        "t1": 1.0,
        "threshold": 5.0
    }
}