{
    "model_name": "WeightedEnsemble",
    "core_models": [
        {
            "weight": 0.3367797171925201,
            "parameters": {
                "t1": 1,
                "a": 436.82865501565726,
                "b": 1678.7814389418054,
                "c": -0.8358647360973681,
                "threshold": 5
            },
            "model_name": "Alternating"
        },
        {
            "weight": 0.11490935081598522,
            "parameters": {
                "t1": 90.27653332348272,
                "T": 15.081874862298573,
                "F": 22.497312915657062
            },
            "model_name": "ThermalTime"
        },
        {
            "weight": 0.13564460168032627,
            "parameters": {
                "t1": 78.81151671581989,
                "b": -9.50083588791,
                "c": 7.765468712004853,
                "F": 17.163606383244755
            },
            "model_name": "Uniforc"
        },
        {
            "weight": 0.4126663303111684,
            "parameters": {
                "intercept": 169.75453655253074,
                "time_length": 119.86096700684874,
                "time_start": 59.591530822537905,
                "slope": -4.734643875541041
            },
            "model_name": "Linear"
        }
    ]
}