{
    "model_name": "WeightedEnsemble",
    "core_models": [
        {
            "parameters": {
                "c": -1.4337525282260248,
                "t1": 1,
                "threshold": 5,
                "a": 486.4231194953157,
                "b": 1525.0827978769034
            },
            "model_name": "Alternating",
            "weight": 0.3796240548900494
        },
        {
            "parameters": {
                "F": 194.64646674587237,
                "t1": 85.28626280197768,
                "T": 7.878237177655984
            },
            "model_name": "ThermalTime",
            "weight": 0.15030735989090777
        },
        {
            "parameters": {
                "F": 17.789149294875173,
                "t1": 77.02735266889293,
                "c": 7.9422786485877195,
                "b": -4.579901366459849
            },
            "model_name": "Uniforc",
            "weight": 0.31475104501869594
        },
        {
            "parameters": {
                "spring_start": 59.62397162978674,
                "intercept": 171.2847678115035,
                "slope": -4.80946219854692,
                "spring_length": 119.68151551875997
            },
            "model_name": "Linear",
            "weight": 0.15531754020034683
        }
    ]
}