{
    "model_name": "Alternating",
    "parameters": {
        "a": 277.822318577174,
        "b": 1069.0664544599165,
        "c": -0.054724913533697794,
        "t1": 1.0,
        "threshold": 5.0
    }
}