{
    "core_models": [
        {
            "parameters": {
                "c": -0.05728732408294368,
                "t1": 1,
                "b": 1319.4960809533281,
                "threshold": 5,
                "a": 278.2915702191808
            },
            "weight": 0.1935501057840081,
            "model_name": "Alternating"
        },
        {
            "parameters": {
                "t1": 38.636828878044525,
                "T": 1.9765305222444907,
                "F": 317.5843758682653
            },
            "weight": 0.29056671736349304,
            "model_name": "ThermalTime"
        },
        {
            "parameters": {
                "c": 13.083192932974363,
                "t1": 4.7293889511312415,
                "b": -0.10875481067384563,
                "F": 24.070727781066083
            },
            "weight": 0.33790979979084956,
            "model_name": "Uniforc"
        },
        {
            "parameters": {
                "intercept": 124.83976881907807,
                "time_length": 95.0750356133098,
                "time_start": 31.326081994007144,
                "slope": -4.178103354650083
            },
            "weight": 0.1779733770616493,
            "model_name": "Linear"
        }
    ],
    "model_name": "WeightedEnsemble"
}