{
    "core_models": [
        {
            "model_name": "Alternating",
            "parameters": {
                "c": -0.03791291215751791,
                "a": 246.4015016281964,
                "t1": 1,
                "b": 658.7380424160838,
                "threshold": 5
            },
            "weight": 0.15837425766287008
        },
        {
            "model_name": "ThermalTime",
            "parameters": {
                "T": 4.052885771320863,
                "F": 293.07040663436084,
                "t1": 37.370151802906435
            },
            "weight": 0.259356987190203
        },
        {
            "model_name": "Uniforc",
            "parameters": {
                "F": 30.363977029457928,
                "t1": 3.8432933073728037,
                "b": -0.12542572926250983,
                "c": 8.838536427920618
            },
            "weight": 0.21438704846086862
        },
        {
            "model_name": "Linear",
            "parameters": {
                "intercept": 116.64608262925205,
                "slope": -3.979742277025419,
                "spring_length": 68.0810048769207,
                "spring_start": 38.538094861190345
            },
            "weight": 0.3678817066860584
        }
    ],
    "model_name": "WeightedEnsemble"
}