{
    "core_models": [
        {
            "weight": 0.1448376309780644,
            "parameters": {
                "t1": 1,
                "a": 283.28983011075184,
                "c": -0.05564851658258663,
                "threshold": 5,
                "b": 858.7204927155428
            },
            "model_name": "Alternating"
        },
        {
            "weight": 0.30944503375449134,
            "parameters": {
                "t1": 38.52578586707813,
                "T": 2.784391974071804,
                "F": 299.49949946592676
            },
            "model_name": "ThermalTime"
        },
        {
            "weight": 0.17853821281299392,
            "parameters": {
                "t1": 4.101876401416533,
                "b": -0.10802270614238907,
                "c": 13.312720325744444,
                "F": 23.101096924395364
            },
            "model_name": "Uniforc"
        },
        {
            "weight": 0.3671791224544506,
            "parameters": {
                "time_length": 65.54692767956746,
                "intercept": 114.86972632617409,
                "time_start": 38.45814718400598,
                "slope": -3.960434852076968
            },
            "model_name": "Linear"
        }
    ],
    "model_name": "WeightedEnsemble"
}