{
    "model_name": "WeightedEnsemble",
    "core_models": [
        {
            "weight": 0.15769100125786642,
            "model_name": "Alternating",
            "parameters": {
                "b": 4896.9873572214865,
                "a": -325.98680786963797,
                "c": -0.02791577612197571,
                "t1": 1,
                "threshold": 5
            }
        },
        {
            "weight": 0.1383107866731965,
            "model_name": "ThermalTime",
            "parameters": {
                "F": 81.65972364161587,
                "t1": 115.80608410811072,
                "T": 12.456239244901312
            }
        },
        {
            "weight": 0.1858991650160605,
            "model_name": "Uniforc",
            "parameters": {
                "b": -2.7108062657256493,
                "F": 1.4779641929207656,
                "t1": 117.24891585888085,
                "c": 14.8137282430144
            }
        },
        {
            "weight": 0.5180990470528761,
            "model_name": "Linear",
            "parameters": {
                "time_length": 79.37982026537651,
                "time_start": 36.34897467616004,
                "slope": 9.972669343830642,
                "intercept": 88.27051221958321
            }
        }
    ]
}