{
    "core_models": [
        {
            "parameters": {
                "t1": 1,
                "a": -416.85695691186964,
                "b": 4516.330749667543,
                "c": -0.02483438755917522,
                "threshold": 5
            },
            "model_name": "Alternating",
            "weight": 0.2802147250471084
        },
        {
            "parameters": {
                "t1": 114.36072705023787,
                "F": 70.19997276413636,
                "T": 12.731955320828186
            },
            "model_name": "ThermalTime",
            "weight": 0.2621421500222165
        },
        {
            "parameters": {
                "t1": 117.86390425474978,
                "c": 14.52252067769545,
                "b": -5.8506900526695045,
                "F": 1.6224419671064538
            },
            "model_name": "Uniforc",
            "weight": 0.22017759165639386
        },
        {
            "parameters": {
                "spring_start": 31.71209490838726,
                "intercept": 108.63193045607035,
                "slope": 6.868959298565974,
                "spring_length": 70.84921587255988
            },
            "model_name": "Linear",
            "weight": 0.23746553327428105
        }
    ],
    "model_name": "WeightedEnsemble"
}