{
    "core_models": [
        {
            "parameters": {
                "time_start": 187.22997303373216,
                "intercept": 37.24219964265191,
                "time_length": 87.9454023930107,
                "slope": 10.33240574115774
            },
            "model_name": "Linear",
            "weight": 0.5766670456382148
        },
        {
            "parameters": {
                "t1": 203.07292581991652,
                "F": 914.3103889246413,
                "T": 23.95212926504433
            },
            "model_name": "FallCooling",
            "weight": 0.4233329543617851
        }
    ],
    "model_name": "WeightedEnsemble"
}