{
    "core_models": [
        {
            "parameters": {
                "b": 2181.236075361633,
                "c": -0.0163447456339334,
                "threshold": 5,
                "a": -124.21009371339208,
                "t1": 1
            },
            "weight": 0.428587198193147,
            "model_name": "Alternating"
        },
        {
            "parameters": {
                "T": 12.27833356798646,
                "F": 97.68466634076526,
                "t1": 118.02557437749772
            },
            "weight": 0.21043249565006963,
            "model_name": "ThermalTime"
        },
        {
            "parameters": {
                "b": -6.457579570802132,
                "F": 3.393469945580918,
                "c": 13.869210393753328,
                "t1": 120.81359593686693
            },
            "weight": 0.21386490890387727,
            "model_name": "Uniforc"
        },
        {
            "parameters": {
                "intercept": 135.59453501629943,
                "time_start": 6.032946362596684,
                "time_length": 65.66637603801017,
                "slope": 2.1411368802549338
            },
            "weight": 0.14711539725290587,
            "model_name": "Linear"
        }
    ],
    "model_name": "WeightedEnsemble"
}