{
    "model_name": "ThermalTime",
    "parameters": {
        "F": 30.396564912854448,
        "T": 14.330658492815564,
        "t1": 124.87617212052399
    }
}