{
    "core_models": [
        {
            "weight": 0.0832486811017217,
            "parameters": {
                "b": 501.22258287543855,
                "c": -0.08261840762864692,
                "a": 629.4894146384042,
                "threshold": 5,
                "t1": 1
            },
            "model_name": "Alternating"
        },
        {
            "weight": 0.31888837461385017,
            "parameters": {
                "t1": 92.18428923693503,
                "T": 16.186030570023597,
                "F": 58.72237991433951
            },
            "model_name": "ThermalTime"
        },
        {
            "weight": 0.32767577589704294,
            "parameters": {
                "t1": 92.07950266519931,
                "c": 16.10058094302079,
                "F": 3.8474192560154847,
                "b": -18.847942894095922
            },
            "model_name": "Uniforc"
        },
        {
            "weight": 0.2701871683873852,
            "parameters": {
                "slope": -10.054654329233138,
                "spring_length": 118.0711220817085,
                "spring_start": 59.590526070409574,
                "intercept": 257.2676477402158
            },
            "model_name": "Linear"
        }
    ],
    "model_name": "WeightedEnsemble"
}