{
    "core_models": [
        {
            "weight": 0.21911180589581175,
            "model_name": "Alternating",
            "parameters": {
                "c": -0.10446811267915868,
                "t1": 1,
                "threshold": 5,
                "b": 1178.2678273727943,
                "a": 647.7533679193934
            }
        },
        {
            "weight": 0.23638176130527558,
            "model_name": "ThermalTime",
            "parameters": {
                "F": 58.93744892093946,
                "t1": 93.43694820810964,
                "T": 16.200550493797188
            }
        },
        {
            "weight": 0.2725416967390879,
            "model_name": "Uniforc",
            "parameters": {
                "F": 3.893713072493611,
                "t1": 93.72437381102488,
                "c": 16.05967783479576,
                "b": -15.612725664268087
            }
        },
        {
            "weight": 0.27196473605982496,
            "model_name": "Linear",
            "parameters": {
                "time_length": 119.85471993608819,
                "intercept": 264.6766970546712,
                "slope": -10.73665755544005,
                "time_start": 57.31647061216646
            }
        }
    ],
    "model_name": "WeightedEnsemble"
}