{
    "model_name": "Alternating",
    "parameters": {
        "a": 894.3168256258243,
        "b": 4473.171714022179,
        "c": -4.85926967006211,
        "t1": 1.0,
        "threshold": 5.0
    }
}