{
    "model_name": "ThermalTime",
    "parameters": {
        "F": 227.9010383672825,
        "T": 10.027151775306507,
        "t1": 76.29328722724426
    }
}