{
    "model_name": "WeightedEnsemble",
    "core_models": [
        {
            "parameters": {
                "a": 689.3293292639387,
                "c": -0.1309572231434144,
                "b": 1372.7933292975847,
                "t1": 1,
                "threshold": 5
            },
            "model_name": "Alternating",
            "weight": 0.20609706567263394
        },
        {
            "parameters": {
                "T": 14.723980594393899,
                "F": 165.33222385884602,
                "t1": 70.30467103579744
            },
            "model_name": "ThermalTime",
            "weight": 0.32650448493274853
        },
        {
            "parameters": {
                "c": 15.009147092965147,
                "b": -5.310566786240438,
                "F": 8.844350248980504,
                "t1": 70.28445314402595
            },
            "model_name": "Uniforc",
            "weight": 0.24081212164548757
        },
        {
            "parameters": {
                "time_length": 113.87024804390282,
                "intercept": 265.2492873369043,
                "slope": -10.964380462606279,
                "time_start": 57.782512652833056
            },
            "model_name": "Linear",
            "weight": 0.22658632774912987
        }
    ]
}