{
    "model_name": "WeightedEnsemble",
    "core_models": [
        {
            "parameters": {
                "threshold": 5,
                "a": 918.4792084059778,
                "t1": 1,
                "c": -3.720008480481447,
                "b": 1098.9398254343564
            },
            "model_name": "Alternating",
            "weight": 0.17820958653837765
        },
        {
            "parameters": {
                "T": 10.348826496256919,
                "t1": -53.21731103855248,
                "F": 800.8696763890314
            },
            "model_name": "ThermalTime",
            "weight": 0.3128588267798702
        },
        {
            "parameters": {
                "t1": -5.3718257307075845,
                "F": 45.069348770105336,
                "b": -19.668316462144446,
                "c": 10.08956011006672
            },
            "model_name": "Uniforc",
            "weight": 0.22692789509389852
        },
        {
            "parameters": {
                "intercept": 256.5392325395758,
                "spring_start": 59.514224167248614,
                "slope": -9.339281703125524,
                "spring_length": 103.51641547680455
            },
            "model_name": "Linear",
            "weight": 0.28200369158785354
        }
    ]
}