{
    "core_models": [
        {
            "model_name": "Alternating",
            "weight": 0.18137658364515044,
            "parameters": {
                "a": 785.9550749821444,
                "t1": 1,
                "b": 4445.621647026409,
                "threshold": 5,
                "c": -0.08362414152921627
            }
        },
        {
            "model_name": "ThermalTime",
            "weight": 0.24286403279439192,
            "parameters": {
                "t1": 69.53849983194674,
                "T": 10.097868090226426,
                "F": 544.4609352359604
            }
        },
        {
            "model_name": "Uniforc",
            "weight": 0.32406060546331816,
            "parameters": {
                "t1": 61.77623877575831,
                "F": 39.06658610000713,
                "b": -8.763574996980498,
                "c": 10.063164959312154
            }
        },
        {
            "model_name": "Linear",
            "weight": 0.25169877809713953,
            "parameters": {
                "time_length": 103.42184265600483,
                "slope": -8.34274863485349,
                "time_start": 59.09990574436377,
                "intercept": 239.01539160538985
            }
        }
    ],
    "model_name": "WeightedEnsemble"
}