{
    "core_models": [
        {
            "weight": 0.436649334135443,
            "parameters": {
                "b": 761.3089215054504,
                "threshold": 5,
                "t1": 1,
                "a": 880.5608411078933,
                "c": -2.562497626118963
            },
            "model_name": "Alternating"
        },
        {
            "weight": 0.21038015843277136,
            "parameters": {
                "T": 10.408551797986226,
                "F": 777.7531967178661,
                "t1": -52.29115303822698
            },
            "model_name": "ThermalTime"
        },
        {
            "weight": 0.08275771932626755,
            "parameters": {
                "b": -17.66630432113072,
                "c": 9.96652744016523,
                "F": 43.72390875168877,
                "t1": 32.74566123954531
            },
            "model_name": "Uniforc"
        },
        {
            "weight": 0.270212788105518,
            "parameters": {
                "intercept": 250.89086626535757,
                "time_start": 59.99264717192559,
                "time_length": 104.84255592302091,
                "slope": -8.989645602793667
            },
            "model_name": "Linear"
        }
    ],
    "model_name": "WeightedEnsemble"
}