{
    "model_name": "WeightedEnsemble",
    "core_models": [
        {
            "parameters": {
                "a": 957.2807933958392,
                "t1": 1,
                "threshold": 5,
                "b": 3508.097765482481,
                "c": -4.831270894474224
            },
            "model_name": "Alternating",
            "weight": 0.04910612705831981
        },
        {
            "parameters": {
                "F": 2.3325693984565987,
                "T": 22.89891249753037,
                "t1": 71.47651757005758
            },
            "model_name": "ThermalTime",
            "weight": 0.3665092309998331
        },
        {
            "parameters": {
                "F": 0.9278383335702358,
                "t1": 69.8724066580082,
                "b": -18.249880016607833,
                "c": 22.903546391078212
            },
            "model_name": "Uniforc",
            "weight": 0.3744331333257175
        },
        {
            "parameters": {
                "slope": -20.754356226620523,
                "spring_length": 11.9977621471564,
                "spring_start": 56.30072136889443,
                "intercept": 280.66121581988676
            },
            "model_name": "Linear",
            "weight": 0.2099515086161297
        }
    ]
}