{
    "model_name": "WeightedEnsemble",
    "core_models": [
        {
            "model_name": "Alternating",
            "weight": 0.10725554722027969,
            "parameters": {
                "c": -7.721785890701938e-06,
                "b": 673.0853904964163,
                "t1": 1,
                "a": 970.4356097209193,
                "threshold": 5
            }
        },
        {
            "model_name": "ThermalTime",
            "weight": 0.31183708779153024,
            "parameters": {
                "t1": -2.1096068319715044,
                "F": 21.666867431320156,
                "T": 23.469814407058927
            }
        },
        {
            "model_name": "Uniforc",
            "weight": 0.21705133027483633,
            "parameters": {
                "c": 23.678988418434276,
                "b": -14.60625055949546,
                "t1": 76.90470414054309,
                "F": 0.04530528470030504
            }
        },
        {
            "model_name": "Linear",
            "weight": 0.36385603471335387,
            "parameters": {
                "time_start": 1.4302539048655625,
                "intercept": 266.72053514891104,
                "slope": -25.0,
                "time_length": 67.62763504877472
            }
        }
    ]
}