{
    "model_name": "ThermalTime",
    "parameters": {
        "F": 5.873047707971808,
        "T": 23.010364050430695,
        "t1": 99.53181543928447
    }
}