{
    "core_models": [
        {
            "weight": 0.20113983529744142,
            "parameters": {
                "c": -3.6924244089613425,
                "a": 722.4899846857245,
                "threshold": 5,
                "t1": 1,
                "b": 2379.900656856263
            },
            "model_name": "Alternating"
        },
        {
            "weight": 0.229961935499767,
            "parameters": {
                "t1": 85.2753822339353,
                "F": 283.55531801140245,
                "T": 12.023177717040955
            },
            "model_name": "ThermalTime"
        },
        {
            "weight": 0.3007862230649264,
            "parameters": {
                "t1": 10.999345514442084,
                "F": 92.66582427461775,
                "b": -18.58671785175497,
                "c": -2.9681151015530594
            },
            "model_name": "Uniforc"
        },
        {
            "weight": 0.26811200613786507,
            "parameters": {
                "time_start": 20.751592597439195,
                "slope": -4.159825269480389,
                "intercept": 134.83097009480502,
                "time_length": 1.2706424821395572
            },
            "model_name": "Linear"
        }
    ],
    "model_name": "WeightedEnsemble"
}