{
    "model_name": "ThermalTime",
    "parameters": {
        "F": 87.71957325417787,
        "T": 11.437233959639487,
        "t1": 87.77855568066227
    }
}