{
    "model_name": "WeightedEnsemble",
    "core_models": [
        {
            "model_name": "Alternating",
            "parameters": {
                "t1": 1,
                "b": 1003.8248580603442,
                "threshold": 5,
                "c": -0.5268085414042489,
                "a": 667.7884430275791
            },
            "weight": 0.1346680661009419
        },
        {
            "model_name": "ThermalTime",
            "parameters": {
                "T": 12.703631133809095,
                "t1": 83.52886924844569,
                "F": 49.738466974246876
            },
            "weight": 0.3998063923492129
        },
        {
            "model_name": "Uniforc",
            "parameters": {
                "t1": 9.722311635322825,
                "b": -19.16059645197399,
                "c": -2.929690113528649,
                "F": 86.42466545664543
            },
            "weight": 0.161405787730909
        },
        {
            "model_name": "Linear",
            "parameters": {
                "slope": -7.5243567076225455,
                "spring_length": 1.3864004337649831,
                "intercept": 130.21398821128662,
                "spring_start": -0.8384450437256934
            },
            "weight": 0.3041197538189362
        }
    ]
}