{
    "model_name": "WeightedEnsemble",
    "core_models": [
        {
            "model_name": "Alternating",
            "weight": 0.12328658475437335,
            "parameters": {
                "a": -569.3723286195344,
                "c": -0.009619372050897024,
                "t1": 1,
                "b": 2984.1002782734517,
                "threshold": 5
            }
        },
        {
            "model_name": "ThermalTime",
            "weight": 0.12519643947842515,
            "parameters": {
                "F": 60.80616973253444,
                "t1": 134.0404798569371,
                "T": 17.354929501621953
            }
        },
        {
            "model_name": "Uniforc",
            "weight": 0.12109268982053312,
            "parameters": {
                "F": 18.37061422104172,
                "c": 12.687206397121608,
                "t1": 126.49528003900947,
                "b": -7.2856541981259015
            }
        },
        {
            "model_name": "Linear",
            "weight": 0.6304242859466672,
            "parameters": {
                "intercept": 150.68454632068483,
                "slope": -6.189627440515805,
                "time_start": 19.160655581835872,
                "time_length": 1.6729941096545957
            }
        }
    ]
}