{
    "model_name": "WeightedEnsemble",
    "core_models": [
        {
            "model_name": "Alternating",
            "weight": 0.20338378396087592,
            "parameters": {
                "a": 667.1341998942397,
                "c": -2.077497283834292,
                "t1": 1,
                "b": 3740.4897863668793,
                "threshold": 5
            }
        },
        {
            "model_name": "ThermalTime",
            "weight": 0.3096110973131984,
            "parameters": {
                "T": 13.216057373303276,
                "t1": 84.68080279145792,
                "F": 85.84108434379311
            }
        },
        {
            "model_name": "Uniforc",
            "weight": 0.207925734460194,
            "parameters": {
                "c": -3.031478812323596,
                "t1": 10.552017628354534,
                "b": -15.653905048895226,
                "F": 88.99033335814062
            }
        },
        {
            "model_name": "Linear",
            "weight": 0.2790793842657317,
            "parameters": {
                "slope": -7.373843782299113,
                "intercept": 145.81057119826164,
                "time_length": 3.1977013455061325,
                "time_start": 10.236778698754549
            }
        }
    ]
}