{
    "core_models": [
        {
            "weight": 0.48836496201269547,
            "model_name": "Linear",
            "parameters": {
                "time_start": 274.6234657618952,
                "time_length": 40.12435343402807,
                "intercept": 286.878020662351,
                "slope": -0.8118531673850484
            }
        },
        {
            "weight": 0.5116350379873045,
            "model_name": "FallCooling",
            "parameters": {
                "t1": 272.8669635827392,
                "T": 17.069296934790678,
                "F": 22.70177284692744
            }
        }
    ],
    "model_name": "WeightedEnsemble"
}