{
    "model_name": "ThermalTime",
    "parameters": {
        "F": 602.3372831789925,
        "T": 20.51455524824214,
        "t1": 4.941834193447335
    }
}