{
    "model_name": "WeightedEnsemble",
    "core_models": [
        {
            "parameters": {
                "slope": 12.797500973361842,
                "time_start": 268.1256069536596,
                "time_length": 12.58845003251571,
                "intercept": 47.544394768698794
            },
            "model_name": "Linear",
            "weight": 0.4257756979739986
        },
        {
            "parameters": {
                "T": 18.45628766221906,
                "F": 123.76006655299147,
                "t1": 183.08602681603296
            },
            "model_name": "FallCooling",
            "weight": 0.5742243020260014
        }
    ]
}