{
    "model_name": "WeightedEnsemble",
    "core_models": [
        {
            "weight": 0.2019766152168161,
            "model_name": "Alternating",
            "parameters": {
                "t1": 1,
                "b": 854.9763358618657,
                "c": -0.03656795944187996,
                "a": 493.47722757401493,
                "threshold": 5
            }
        },
        {
            "weight": 0.12640899875887177,
            "model_name": "ThermalTime",
            "parameters": {
                "t1": 56.59059602198417,
                "F": 498.5799785552025,
                "T": -4.159354051738837
            }
        },
        {
            "weight": 0.16343129036645013,
            "model_name": "Uniforc",
            "parameters": {
                "t1": 60.43619651032978,
                "b": -0.37408529143240266,
                "F": 8.338841584662873,
                "c": 16.971126557216966
            }
        },
        {
            "weight": 0.5081830956578614,
            "model_name": "Linear",
            "parameters": {
                "intercept": 196.99251595662577,
                "time_start": 56.244791335418725,
                "time_length": 109.15355347573407,
                "slope": -6.386130033166369
            }
        }
    ]
}