{
    "core_models": [
        {
            "weight": 0.047763929618768304,
            "model_name": "Alternating",
            "parameters": {
                "t1": 1,
                "threshold": 5,
                "a": 946.7457117190323,
                "c": -0.018378974347454946,
                "b": 3164.1675801317406
            }
        },
        {
            "weight": 0.3017961876832843,
            "model_name": "ThermalTime",
            "parameters": {
                "t1": 155.489828389638,
                "T": 21.65516690391465,
                "F": 435.34650347518163
            }
        },
        {
            "weight": 0.33247800586510246,
            "model_name": "Uniforc",
            "parameters": {
                "t1": 132.6520307768099,
                "c": 20.426127915669635,
                "F": 27.527473616551077,
                "b": -3.8447438244716565
            }
        },
        {
            "weight": 0.3179618768328444,
            "model_name": "Linear",
            "parameters": {
                "intercept": 189.13682872244266,
                "spring_start": 10.089852719454553,
                "slope": 5.897213865430068,
                "spring_length": 8.156960376422148
            }
        }
    ],
    "model_name": "WeightedEnsemble"
}