{
    "model_name": "WeightedEnsemble",
    "core_models": [
        {
            "model_name": "Linear",
            "weight": 0.4964830267074983,
            "parameters": {
                "intercept": 242.94530990646712,
                "slope": 2.375037543905648,
                "time_start": 277.7517037499539,
                "time_length": 15.809594762856165
            }
        },
        {
            "model_name": "FallCooling",
            "weight": 0.5035169732925017,
            "parameters": {
                "F": 65.93022902132304,
                "t1": 196.4460985865303,
                "T": 15.511037707622698
            }
        }
    ]
}