{
    "core_models": [
        {
            "parameters": {
                "a": -207.86626578167343,
                "c": -0.008369927528586896,
                "b": 3678.261354616009,
                "threshold": 5,
                "t1": 1
            },
            "weight": 0.16099296242296707,
            "model_name": "Alternating"
        },
        {
            "parameters": {
                "T": 19.95379649814658,
                "F": 635.9572857503408,
                "t1": 143.20073759838658
            },
            "weight": 0.45395609104986334,
            "model_name": "ThermalTime"
        },
        {
            "parameters": {
                "F": 26.658714453124716,
                "c": 20.408223076565978,
                "b": -8.03065715929188,
                "t1": 134.99802335115209
            },
            "weight": 0.31238687128101456,
            "model_name": "Uniforc"
        },
        {
            "parameters": {
                "time_start": 11.493152573887322,
                "time_length": 19.57139868456064,
                "slope": 6.851081909012846,
                "intercept": 188.38014905978616
            },
            "weight": 0.07266407524615498,
            "model_name": "Linear"
        }
    ],
    "model_name": "WeightedEnsemble"
}