{
    "core_models": [
        {
            "parameters": {
                "threshold": 5,
                "a": 956.3963660531861,
                "c": -0.009206305342319254,
                "b": 1511.9605234265848,
                "t1": 1
            },
            "weight": 0.15129502461806768,
            "model_name": "Alternating"
        },
        {
            "parameters": {
                "T": 16.921568108705316,
                "F": 997.2712317765879,
                "t1": 89.87261913994108
            },
            "weight": 0.44998839378368444,
            "model_name": "ThermalTime"
        },
        {
            "parameters": {
                "c": 11.447272614422966,
                "F": 76.86939743503382,
                "b": -8.62490988819202,
                "t1": 91.6973017383053
            },
            "weight": 0.18718876816592966,
            "model_name": "Uniforc"
        },
        {
            "parameters": {
                "time_start": -28.454951178285405,
                "time_length": 1.1535025281547107,
                "slope": 2.9478458132516594,
                "intercept": 164.54648523921745
            },
            "weight": 0.21152781343231777,
            "model_name": "Linear"
        }
    ],
    "model_name": "WeightedEnsemble"
}