{
    "core_models": [
        {
            "parameters": {
                "c": -0.130359512182046,
                "b": 3552.7607252914604,
                "t1": 1,
                "threshold": 5,
                "a": 601.6584905853459
            },
            "model_name": "Alternating",
            "weight": 0.31966936273197943
        },
        {
            "parameters": {
                "T": 4.209785139498823,
                "F": 528.0074851868235,
                "t1": 35.98499519878891
            },
            "model_name": "ThermalTime",
            "weight": 0.27417355698520884
        },
        {
            "parameters": {
                "c": 4.332652267841908,
                "F": 51.06920530967054,
                "t1": 23.55487022290673,
                "b": -18.51409467711784
            },
            "model_name": "Uniforc",
            "weight": 0.21019642274193878
        },
        {
            "parameters": {
                "time_start": 39.241759349195036,
                "time_length": 113.49821625279317,
                "slope": -5.860039751401867,
                "intercept": 171.4678088190407
            },
            "model_name": "Linear",
            "weight": 0.19596065754087277
        }
    ],
    "model_name": "WeightedEnsemble"
}