{
    "core_models": [
        {
            "model_name": "Alternating",
            "weight": 0.16409469897625242,
            "parameters": {
                "a": 593.7712495903422,
                "threshold": 5,
                "b": 3131.4606359600207,
                "c": -0.1231479234814623,
                "t1": 1
            }
        },
        {
            "model_name": "ThermalTime",
            "weight": 0.17487068914628745,
            "parameters": {
                "t1": 35.07453951016855,
                "T": 4.2418064488234375,
                "F": 541.4366994130452
            }
        },
        {
            "model_name": "Uniforc",
            "weight": 0.3119721801912253,
            "parameters": {
                "t1": 33.01279864211725,
                "b": -1.9978132515161544,
                "F": 44.07462855793294,
                "c": 5.3414697232117785
            }
        },
        {
            "model_name": "Linear",
            "weight": 0.3490624316862347,
            "parameters": {
                "slope": -5.855411863359193,
                "spring_start": 53.97835898269988,
                "spring_length": 98.62322185278529,
                "intercept": 180.11072135991114
            }
        }
    ],
    "model_name": "WeightedEnsemble"
}