{
    "model_name": "Alternating",
    "parameters": {
        "a": 573.0513685848858,
        "b": 4780.57614772659,
        "c": -0.12400407246262456,
        "t1": 1.0,
        "threshold": 5.0
    }
}