{
    "core_models": [
        {
            "model_name": "Alternating",
            "parameters": {
                "t1": 1,
                "threshold": 5,
                "b": 1123.6985447815184,
                "a": 578.5097420896839,
                "c": -0.004162308451262753
            },
            "weight": 0.2360814397184349
        },
        {
            "model_name": "ThermalTime",
            "parameters": {
                "t1": 38.63935595361278,
                "F": 976.7539605269736,
                "T": 15.845177708740998
            },
            "weight": 0.090754076788069
        },
        {
            "model_name": "Uniforc",
            "parameters": {
                "t1": -25.048832147549177,
                "F": 96.78840890730793,
                "b": -17.567120244892536,
                "c": 11.907806157272638
            },
            "weight": 0.4478970435961162
        },
        {
            "model_name": "Linear",
            "parameters": {
                "time_start": -26.103593805766877,
                "intercept": 205.071325674434,
                "slope": -8.393084259321776,
                "time_length": 47.92699361867135
            },
            "weight": 0.22526743989737963
        }
    ],
    "model_name": "WeightedEnsemble"
}