{
    "core_models": [
        {
            "parameters": {
                "b": 2053.7582434756496,
                "a": -341.80990785816243,
                "c": -0.0012563488246102317,
                "t1": 1,
                "threshold": 5
            },
            "weight": 0.10483258561938372,
            "model_name": "Alternating"
        },
        {
            "parameters": {
                "F": 840.9037790196131,
                "T": 17.28020737458362,
                "t1": -18.011617093161703
            },
            "weight": 0.19090183135798403,
            "model_name": "ThermalTime"
        },
        {
            "parameters": {
                "b": -0.48142724757274635,
                "F": 26.606801494100367,
                "c": 19.9662586289478,
                "t1": -21.61965315397711
            },
            "weight": 0.35213713719669454,
            "model_name": "Uniforc"
        },
        {
            "parameters": {
                "intercept": 284.7542909690986,
                "spring_length": 81.24118871168685,
                "slope": -9.657091896184388,
                "spring_start": 35.08473810484951
            },
            "weight": 0.35212844582593783,
            "model_name": "Linear"
        }
    ],
    "model_name": "WeightedEnsemble"
}