{
    "core_models": [
        {
            "weight": 0.3227532288928103,
            "model_name": "Alternating",
            "parameters": {
                "c": -6.431787320471116e-05,
                "t1": 1,
                "threshold": 5,
                "a": 403.67484754056983,
                "b": 1233.4719032632145
            }
        },
        {
            "weight": 0.1311135880847651,
            "model_name": "ThermalTime",
            "parameters": {
                "F": 940.6585951532294,
                "t1": 31.704991687058126,
                "T": 16.23600343404341
            }
        },
        {
            "weight": 0.1259962498932161,
            "model_name": "Uniforc",
            "parameters": {
                "F": 32.434145744846205,
                "t1": 28.526333628970306,
                "c": 18.360165978337793,
                "b": -0.3466220039743497
            }
        },
        {
            "weight": 0.4201369331292084,
            "model_name": "Linear",
            "parameters": {
                "time_start": 36.969560485717864,
                "slope": -4.9113507777599015,
                "time_length": 9.773747875786988,
                "intercept": 179.3387698148874
            }
        }
    ],
    "model_name": "WeightedEnsemble"
}