{
    "model_name": "Uniforc",
    "parameters": {
        "F": 26.722831371739503,
        "b": -0.4827649998346217,
        "c": 19.93790177761774,
        "t1": -21.838678805411657
    }
}