{
    "model_name": "WeightedEnsemble",
    "core_models": [
        {
            "model_name": "Alternating",
            "weight": 0.715981133054718,
            "parameters": {
                "t1": 1,
                "c": -0.07242185398853351,
                "threshold": 5,
                "b": 2095.023694960449,
                "a": 767.9579897348357
            }
        },
        {
            "model_name": "ThermalTime",
            "weight": 0.10873766023625045,
            "parameters": {
                "t1": 64.61155179076493,
                "T": 4.176020684138749,
                "F": 701.6764085346036
            }
        },
        {
            "model_name": "Uniforc",
            "weight": 0.09615455541483822,
            "parameters": {
                "t1": -2.305750696591346,
                "F": 137.00105421989144,
                "c": -0.003965149004075963,
                "b": -19.582609492490768
            }
        },
        {
            "model_name": "Linear",
            "weight": 0.07912665129419279,
            "parameters": {
                "time_start": -6.152292571995826,
                "intercept": 173.64305465731226,
                "time_length": 95.25695830227511,
                "slope": -4.52804386451199
            }
        }
    ]
}