{
    "core_models": [
        {
            "parameters": {
                "threshold": 5,
                "c": -0.07197579028617707,
                "b": 2173.0511496681456,
                "t1": 1,
                "a": 763.577696818375
            },
            "model_name": "Alternating",
            "weight": 0.6861114132604818
        },
        {
            "parameters": {
                "T": 3.9111174526202666,
                "t1": 62.07907940581913,
                "F": 736.2585022272697
            },
            "model_name": "ThermalTime",
            "weight": 0.16273039594998898
        },
        {
            "parameters": {
                "F": 133.8102183300473,
                "b": -15.56338443116006,
                "t1": 0.8522452532787099,
                "c": 0.13753545525558852
            },
            "model_name": "Uniforc",
            "weight": 0.0799247135718693
        },
        {
            "parameters": {
                "spring_length": 25.778450331527367,
                "slope": -4.451428059104742,
                "spring_start": 59.11099865264843,
                "intercept": 177.96749954864012
            },
            "model_name": "Linear",
            "weight": 0.07123347721766052
        }
    ],
    "model_name": "WeightedEnsemble"
}