{
    "model_name": "Alternating",
    "parameters": {
        "a": 763.3270686704013,
        "b": 2102.8307243239224,
        "c": -0.07117320755667489,
        "t1": 1.0,
        "threshold": 5.0
    }
}