{
    "model_name": "WeightedEnsemble",
    "core_models": [
        {
            "model_name": "Alternating",
            "weight": 0.6391970129588198,
            "parameters": {
                "c": -0.06711543738750203,
                "t1": 1,
                "a": 801.7821520607251,
                "threshold": 5,
                "b": 2311.8580426826725
            }
        },
        {
            "model_name": "ThermalTime",
            "weight": 0.13804631647143403,
            "parameters": {
                "F": 479.5361776264083,
                "t1": 96.28807219640959,
                "T": 9.891458310668295
            }
        },
        {
            "model_name": "Uniforc",
            "weight": 0.10178362035943354,
            "parameters": {
                "F": 36.18085543872724,
                "t1": 85.17870724876983,
                "b": -13.577175889527393,
                "c": 9.506460902798075
            }
        },
        {
            "model_name": "Linear",
            "weight": 0.12097305021031188,
            "parameters": {
                "time_length": 1.1851773436411932,
                "slope": -6.350676372504548,
                "time_start": 20.695063731203323,
                "intercept": 189.5500425009621
            }
        }
    ]
}