{
    "core_models": [
        {
            "weight": 0.11882561277953715,
            "parameters": {
                "b": 1016.7666991141361,
                "threshold": 5,
                "c": -3.9969494104502283,
                "a": 478.6211428228348,
                "t1": 1
            },
            "model_name": "Alternating"
        },
        {
            "weight": 0.33893256487323503,
            "parameters": {
                "F": 231.51991436036877,
                "T": 21.60922588283371,
                "t1": -58.325639456939626
            },
            "model_name": "ThermalTime"
        },
        {
            "weight": 0.469630313496636,
            "parameters": {
                "c": 21.273456975613,
                "F": 9.692853776130704,
                "b": -5.096771548846912,
                "t1": -58.29485743908552
            },
            "model_name": "Uniforc"
        },
        {
            "weight": 0.07261150885059138,
            "parameters": {
                "time_start": 29.421668967698217,
                "time_length": 1.4185947634925995,
                "intercept": 297.99999999994463,
                "slope": -13.225456849967681
            },
            "model_name": "Linear"
        }
    ],
    "model_name": "WeightedEnsemble"
}