{
    "core_models": [
        {
            "parameters": {
                "time_start": 246.92700668648473,
                "time_length": 41.908943897152696,
                "slope": 2.0421456657422707,
                "intercept": 119.70422738238288
            },
            "weight": 0.5411888681013807,
            "model_name": "Linear"
        },
        {
            "parameters": {
                "t1": 182.37440367051786,
                "T": 24.91725080376716,
                "F": 15.783191604435729
            },
            "weight": 0.45881113189861933,
            "model_name": "FallCooling"
        }
    ],
    "model_name": "WeightedEnsemble"
}