{
    "model_name": "ThermalTime",
    "parameters": {
        "F": 519.6457495681178,
        "T": 20.512660090767948,
        "t1": -64.65904092816587
    }
}