{
    "model_name": "WeightedEnsemble",
    "core_models": [
        {
            "model_name": "Alternating",
            "weight": 0.062154985763803336,
            "parameters": {
                "threshold": 5,
                "t1": 1,
                "b": 3884.5255342671876,
                "a": -218.27709662267614,
                "c": -0.00410301359229992
            }
        },
        {
            "model_name": "ThermalTime",
            "weight": 0.062154985763803336,
            "parameters": {
                "t1": 200.5119348273178,
                "F": 78.8748749664631,
                "T": 21.23974952179112
            }
        },
        {
            "model_name": "Uniforc",
            "weight": 0.5930495929518689,
            "parameters": {
                "t1": -65.55371725103575,
                "b": -19.136116191948904,
                "F": 134.35591971922275,
                "c": 15.150741889445907
            }
        },
        {
            "model_name": "Linear",
            "weight": 0.2826404355205246,
            "parameters": {
                "slope": -5.746602489248493,
                "spring_length": 1.119633245816452,
                "intercept": 263.90900859241987,
                "spring_start": -24.21504930881067
            }
        }
    ]
}