{
    "model_name": "Uniforc",
    "parameters": {
        "F": 135.96220699054683,
        "b": -15.534874781834366,
        "c": 15.190159977308848,
        "t1": -65.69994103127054
    }
}