{
    "model_name": "WeightedEnsemble",
    "core_models": [
        {
            "model_name": "Alternating",
            "weight": 0.3180922451414224,
            "parameters": {
                "c": -3.1632309257847133,
                "b": 39.20697159631254,
                "t1": 1,
                "a": 799.4788957954091,
                "threshold": 5
            }
        },
        {
            "model_name": "ThermalTime",
            "weight": 0.26118849736944755,
            "parameters": {
                "t1": -4.606369830563324,
                "F": 145.31507636597559,
                "T": 17.757662244899475
            }
        },
        {
            "model_name": "Uniforc",
            "weight": 0.2303453201634413,
            "parameters": {
                "c": 18.057583080665207,
                "b": -12.937704154194837,
                "t1": -4.6432037123164065,
                "F": 5.932996843889526
            }
        },
        {
            "model_name": "Linear",
            "weight": 0.19037393732568858,
            "parameters": {
                "time_start": 58.48584634560385,
                "intercept": 298.0,
                "slope": -15.178032577189098,
                "time_length": 19.819614162057526
            }
        }
    ]
}