{
    "model_name": "WeightedEnsemble",
    "core_models": [
        {
            "model_name": "Alternating",
            "parameters": {
                "threshold": 5,
                "b": 2823.437479415902,
                "t1": 1,
                "c": -3.2522818936013254,
                "a": 292.70217653819475
            },
            "weight": 0.1519414728646454
        },
        {
            "model_name": "ThermalTime",
            "parameters": {
                "T": 22.27253228595472,
                "t1": -62.007594447223596,
                "F": 164.57251117902325
            },
            "weight": 0.22838362805183063
        },
        {
            "model_name": "Uniforc",
            "parameters": {
                "b": -2.777596377613749,
                "t1": -53.62597189400631,
                "F": 2.20298713207994,
                "c": 24.5088733206693
            },
            "weight": 0.2739970052907269
        },
        {
            "model_name": "Linear",
            "parameters": {
                "time_start": 54.093994059864016,
                "slope": 13.844060989935409,
                "intercept": -66.99999999999994,
                "time_length": 1.2499190611347757
            },
            "weight": 0.3456778937927972
        }
    ]
}