{
    "model_name": "WeightedEnsemble",
    "core_models": [
        {
            "model_name": "Alternating",
            "parameters": {
                "threshold": 5,
                "c": -4.651598604519016,
                "b": 913.0457466682417,
                "a": 364.7427621296906,
                "t1": 1
            },
            "weight": 0.31262215154866946
        },
        {
            "model_name": "ThermalTime",
            "parameters": {
                "t1": 60.278478426828805,
                "F": 3.0751463989445824,
                "T": -19.289127673826375
            },
            "weight": 0.11769806650656887
        },
        {
            "model_name": "Uniforc",
            "parameters": {
                "t1": 14.575659399855596,
                "b": -6.7388195844217424,
                "F": 46.84167909889278,
                "c": -21.306617612172296
            },
            "weight": 0.10645563232871603
        },
        {
            "model_name": "Linear",
            "parameters": {
                "slope": 10.945152794533064,
                "time_start": 0.0669264889473471,
                "intercept": -11.315955846174148,
                "time_length": 1.0908660014147813
            },
            "weight": 0.4632241496160455
        }
    ]
}