{
    "core_models": [
        {
            "parameters": {
                "c": -0.012498241887223038,
                "b": 937.2129732438739,
                "threshold": 5,
                "a": 178.05778892422674,
                "t1": 1
            },
            "weight": 0.2796783984846923,
            "model_name": "Alternating"
        },
        {
            "parameters": {
                "T": -1.0903059862283293,
                "F": 531.7341373879473,
                "t1": 56.659789134947296
            },
            "weight": 0.16081413048374588,
            "model_name": "ThermalTime"
        },
        {
            "parameters": {
                "c": 11.709664045638302,
                "b": -0.1552141503438449,
                "F": 27.378463839070704,
                "t1": 41.94447718067204
            },
            "weight": 0.3693316855031866,
            "model_name": "Uniforc"
        },
        {
            "parameters": {
                "spring_length": 90.87812238031722,
                "slope": -3.585896505563116,
                "intercept": 152.6169967650453,
                "spring_start": 48.91437294273155
            },
            "weight": 0.19017578552837516,
            "model_name": "Linear"
        }
    ],
    "model_name": "WeightedEnsemble"
}