{
    "model_name": "WeightedEnsemble",
    "core_models": [
        {
            "parameters": {
                "b": 909.8562010862208,
                "c": -0.014926913856781354,
                "t1": 1,
                "threshold": 5,
                "a": 237.48798896009026
            },
            "model_name": "Alternating",
            "weight": 0.3537722094183906
        },
        {
            "parameters": {
                "T": -0.7759393520702151,
                "F": 530.8869978426458,
                "t1": 48.07255053222784
            },
            "model_name": "ThermalTime",
            "weight": 0.13969295483404243
        },
        {
            "parameters": {
                "F": 16.57769285652354,
                "c": 11.294616413144931,
                "t1": 76.28704405081592,
                "b": -9.328005118948514
            },
            "model_name": "Uniforc",
            "weight": 0.2215746297364602
        },
        {
            "parameters": {
                "intercept": 152.43436377096688,
                "slope": -3.568698163442744,
                "time_length": 90.42911194383493,
                "time_start": 49.87549137281939
            },
            "model_name": "Linear",
            "weight": 0.2849602060111068
        }
    ]
}