{
    "model_name": "WeightedEnsemble",
    "core_models": [
        {
            "model_name": "Alternating",
            "parameters": {
                "c": -0.008789502914416936,
                "t1": 1,
                "a": 23.334707667749477,
                "b": 1041.2662464517996,
                "threshold": 5
            },
            "weight": 0.2495564465699326
        },
        {
            "model_name": "ThermalTime",
            "parameters": {
                "F": 531.7384011632346,
                "t1": 57.62185286767329,
                "T": -1.0308851231800753
            },
            "weight": 0.18939817697614963
        },
        {
            "model_name": "Uniforc",
            "parameters": {
                "c": 21.684027870018753,
                "F": 14.7703054956948,
                "t1": 42.10533744444935,
                "b": -0.10989329792154123
            },
            "weight": 0.17824574668615603
        },
        {
            "model_name": "Linear",
            "parameters": {
                "time_length": 100.35665350513528,
                "time_start": 59.30660978025367,
                "slope": -4.280458824919828,
                "intercept": 171.57130496554691
            },
            "weight": 0.38279962976776166
        }
    ]
}