{
    "model_name": "Alternating",
    "parameters": {
        "a": 117.64195235332188,
        "b": 968.2406800249637,
        "c": -0.010640918021998402,
        "t1": 1.0,
        "threshold": 5.0
    }
}