{
    "core_models": [
        {
            "model_name": "Alternating",
            "parameters": {
                "a": 398.5815870897864,
                "t1": 1,
                "b": 1424.569919950359,
                "c": -4.25397821479488,
                "threshold": 5
            },
            "weight": 0.712131889213088
        },
        {
            "model_name": "ThermalTime",
            "parameters": {
                "t1": 57.60619072802438,
                "T": 4.383060269597378,
                "F": 187.91436132263425
            },
            "weight": 0.08245049838812997
        },
        {
            "model_name": "Uniforc",
            "parameters": {
                "t1": -36.67742484003497,
                "b": -16.867312295168908,
                "c": 0.08670520360611889,
                "F": 100.0044213780583
            },
            "weight": 0.1331397711960849
        },
        {
            "model_name": "Linear",
            "parameters": {
                "time_length": 1.0775509733370399,
                "intercept": 94.91083834086278,
                "slope": -2.6603961702302277,
                "time_start": -27.804055109736204
            },
            "weight": 0.07227784120269665
        }
    ],
    "model_name": "WeightedEnsemble"
}