{
    "model_name": "WeightedEnsemble",
    "core_models": [
        {
            "model_name": "Alternating",
            "weight": 0.682298793650543,
            "parameters": {
                "c": -4.246666055492831,
                "b": 1210.3944471377615,
                "threshold": 5,
                "a": 468.4306794119171,
                "t1": 1
            }
        },
        {
            "model_name": "ThermalTime",
            "weight": 0.07583649481252347,
            "parameters": {
                "T": -12.77019559617637,
                "F": 434.4948778621015,
                "t1": 24.178259754293137
            }
        },
        {
            "model_name": "Uniforc",
            "weight": 0.10048881319008705,
            "parameters": {
                "c": 0.4140027682864478,
                "b": -5.628118050428026,
                "F": 98.04102677696194,
                "t1": -33.089019141353305
            }
        },
        {
            "model_name": "Linear",
            "weight": 0.14137589834684605,
            "parameters": {
                "slope": -4.962184551619323,
                "time_length": 1.9611582547593258,
                "time_start": -19.43875586112324,
                "intercept": 116.68514533826242
            }
        }
    ]
}