{
    "core_models": [
        {
            "parameters": {
                "b": 2075.8387239455024,
                "a": 446.18597302075534,
                "c": -4.393647390400028,
                "t1": 1,
                "threshold": 5
            },
            "weight": 0.539062570962711,
            "model_name": "Alternating"
        },
        {
            "parameters": {
                "F": 81.91018823445808,
                "T": 4.11418736510335,
                "t1": 71.27322688101074
            },
            "weight": 0.08247496460161066,
            "model_name": "ThermalTime"
        },
        {
            "parameters": {
                "b": -7.389077222141916,
                "F": 77.91411274558646,
                "c": -8.256500595507422,
                "t1": 2.2741329119227203
            },
            "weight": 0.08335048015166438,
            "model_name": "Uniforc"
        },
        {
            "parameters": {
                "intercept": 37.16423991722378,
                "spring_length": 1.5306575072937108,
                "slope": 4.83678014937693,
                "spring_start": 53.808616523036726
            },
            "weight": 0.2951119842840141,
            "model_name": "Linear"
        }
    ],
    "model_name": "WeightedEnsemble"
}