{
    "model_name": "Alternating",
    "parameters": {
        "a": 310.79964100076563,
        "b": 865.2684559132823,
        "c": -3.0339147232325687,
        "t1": 1.0,
        "threshold": 5.0
    }
}