{
    "core_models": [
        {
            "parameters": {
                "b": 1078.8445906374866,
                "a": 2.21505068315353,
                "t1": 1,
                "threshold": 5,
                "c": -0.017243502221477858
            },
            "weight": 0.13403152509991692,
            "model_name": "Alternating"
        },
        {
            "parameters": {
                "T": -4.396066363380843,
                "t1": 72.8449536009724,
                "F": 261.8095550940921
            },
            "weight": 0.4847482556183526,
            "model_name": "ThermalTime"
        },
        {
            "parameters": {
                "b": -6.602942442690011,
                "c": -3.6479190621901356,
                "t1": 41.81518904412982,
                "F": 56.883925323486416
            },
            "weight": 0.300451800851496,
            "model_name": "Uniforc"
        },
        {
            "parameters": {
                "time_start": 41.03756687917989,
                "slope": -1.849728820228079,
                "intercept": 117.44014602952556,
                "time_length": 71.04801152173178
            },
            "weight": 0.08076841843023434,
            "model_name": "Linear"
        }
    ],
    "model_name": "WeightedEnsemble"
}