{
    "core_models": [
        {
            "weight": 0.6343985240926516,
            "model_name": "Alternating",
            "parameters": {
                "a": 330.89879742422477,
                "c": -3.9806316638141332,
                "threshold": 5,
                "t1": 1,
                "b": 800.5052471733998
            }
        },
        {
            "weight": 0.10905201519201602,
            "model_name": "ThermalTime",
            "parameters": {
                "F": 51.57029790193769,
                "T": 8.897099796971226,
                "t1": 61.63894924960245
            }
        },
        {
            "weight": 0.09826375767300864,
            "model_name": "Uniforc",
            "parameters": {
                "F": 76.61348991181065,
                "b": -12.287967809842884,
                "c": -1.6558759519211041,
                "t1": -12.817218064921121
            }
        },
        {
            "weight": 0.15828570304232398,
            "model_name": "Linear",
            "parameters": {
                "slope": -1.1821573304358042,
                "spring_start": -21.961478949930026,
                "spring_length": 2.0764610344423247,
                "intercept": 78.94863661534662
            }
        }
    ],
    "model_name": "WeightedEnsemble"
}