{
    "model_name": "Uniforc",
    "parameters": {
        "F": 17.319222779702528,
        "b": -1.2086036753759988,
        "c": 0.4016349098623584,
        "t1": 75.06441978614943
    }
}