{
    "model_name": "WeightedEnsemble",
    "core_models": [
        {
            "parameters": {
                "c": -4.706588219636765,
                "a": 331.4902996375304,
                "t1": 1,
                "threshold": 5,
                "b": 1271.5146597915289
            },
            "model_name": "Alternating",
            "weight": 0.73539306555903
        },
        {
            "parameters": {
                "F": 42.711938671141866,
                "T": 8.826423982694786,
                "t1": 64.61349408724351
            },
            "model_name": "ThermalTime",
            "weight": 0.08810433974306679
        },
        {
            "parameters": {
                "F": 74.273962404338,
                "c": -1.4488844324919647,
                "t1": -11.803157695894456,
                "b": -6.82587587931528
            },
            "model_name": "Uniforc",
            "weight": 0.09573457056736911
        },
        {
            "parameters": {
                "intercept": 80.79823319173464,
                "slope": -1.4383990892782934,
                "time_length": 1.0210308195522018,
                "time_start": -27.18903874687353
            },
            "model_name": "Linear",
            "weight": 0.08076802413053354
        }
    ]
}