{
    "core_models": [
        {
            "model_name": "Alternating",
            "weight": 0.07329406338361671,
            "parameters": {
                "a": 481.8188834663144,
                "t1": 1,
                "b": 1622.3540754640326,
                "threshold": 5,
                "c": -0.12639362331903659
            }
        },
        {
            "model_name": "ThermalTime",
            "weight": 0.16526035942602987,
            "parameters": {
                "F": 55.61766587244472,
                "t1": 76.44629434029355,
                "T": 14.061215606030403
            }
        },
        {
            "model_name": "Uniforc",
            "weight": 0.17153779423772833,
            "parameters": {
                "F": 3.3251260529501394,
                "c": 14.092450900259923,
                "t1": 76.85292351491069,
                "b": -18.65381262953215
            }
        },
        {
            "model_name": "Linear",
            "weight": 0.589907782952625,
            "parameters": {
                "spring_length": 1.5359382666561174,
                "intercept": 117.69465069848196,
                "slope": -4.48496567229713,
                "spring_start": 52.128932970369405
            }
        }
    ],
    "model_name": "WeightedEnsemble"
}