{
    "core_models": [
        {
            "weight": 0.45654735051608447,
            "model_name": "Linear",
            "parameters": {
                "intercept": 275.4843638740518,
                "slope": -2.339374848302918,
                "time_length": 11.746421699157125,
                "time_start": 277.084868155002
            }
        },
        {
            "weight": 0.5434526494839155,
            "model_name": "FallCooling",
            "parameters": {
                "F": 23.374106298960555,
                "T": 24.16638322068392,
                "t1": 243.11681624650043
            }
        }
    ],
    "model_name": "WeightedEnsemble"
}