{
    "model_name": "WeightedEnsemble",
    "core_models": [
        {
            "parameters": {
                "a": -14.36676868439668,
                "b": 2126.4319670535306,
                "c": -0.035827097323752444,
                "threshold": 5,
                "t1": 1
            },
            "model_name": "Alternating",
            "weight": 0.07068435484733278
        },
        {
            "parameters": {
                "T": -16.773561230130184,
                "F": 183.66075523425775,
                "t1": 41.2355161001189
            },
            "model_name": "ThermalTime",
            "weight": 0.14869737106034095
        },
        {
            "parameters": {
                "b": -19.3589499783223,
                "F": 48.47202580180252,
                "c": -3.200236198056461,
                "t1": 38.655494081469556
            },
            "model_name": "Uniforc",
            "weight": 0.08570097434806107
        },
        {
            "parameters": {
                "slope": 4.017604448968579,
                "intercept": 94.30001401340603,
                "spring_length": 3.630130162031982,
                "spring_start": -6.229305046105196
            },
            "model_name": "Linear",
            "weight": 0.6949172997442655
        }
    ]
}