{
    "model_name": "WeightedEnsemble",
    "core_models": [
        {
            "weight": 0.26805710667606714,
            "model_name": "Alternating",
            "parameters": {
                "a": 21.502731515538276,
                "c": -0.049407682327504254,
                "b": 4939.42168032575,
                "threshold": 5,
                "t1": 1
            }
        },
        {
            "weight": 0.2784510239751933,
            "model_name": "ThermalTime",
            "parameters": {
                "T": -4.227324866934623,
                "F": 49.328228690137735,
                "t1": 89.0041870751077
            }
        },
        {
            "weight": 0.3004333679427158,
            "model_name": "Uniforc",
            "parameters": {
                "c": -1.1213513930553476,
                "b": -2.9697414702884872,
                "F": 20.93070248446911,
                "t1": 73.37385704476853
            }
        },
        {
            "weight": 0.15305850140602364,
            "model_name": "Linear",
            "parameters": {
                "intercept": 98.24138311900637,
                "slope": -1.0089259535099564,
                "spring_length": 1.353701723102887,
                "spring_start": 50.484986490063456
            }
        }
    ]
}