{
    "core_models": [
        {
            "weight": 0.44899843585872984,
            "model_name": "Linear",
            "parameters": {
                "time_start": 230.68879211768046,
                "slope": -0.308235793911219,
                "time_length": 10.053363472478793,
                "intercept": 298.0
            }
        },
        {
            "weight": 0.5510015641412703,
            "model_name": "FallCooling",
            "parameters": {
                "F": 8.894434098395323,
                "t1": 261.88574149046093,
                "T": 11.781681694056411
            }
        }
    ],
    "model_name": "WeightedEnsemble"
}