{
    "core_models": [
        {
            "model_name": "Alternating",
            "weight": 0.22503862671075076,
            "parameters": {
                "b": 1974.0141594428696,
                "a": 114.09201258362289,
                "c": -0.0330329121916102,
                "t1": 1,
                "threshold": 5
            }
        },
        {
            "model_name": "ThermalTime",
            "weight": 0.22785092926124006,
            "parameters": {
                "F": 73.60062309705012,
                "t1": 105.74994021066934,
                "T": 6.142347387405694
            }
        },
        {
            "model_name": "Uniforc",
            "weight": 0.4502467216968314,
            "parameters": {
                "F": 25.172682028749065,
                "t1": 80.30856141830489,
                "c": 2.8603598532891517,
                "b": -12.735369783778907
            }
        },
        {
            "model_name": "Linear",
            "weight": 0.09686372233117779,
            "parameters": {
                "spring_length": 94.28287454195396,
                "spring_start": 59.26618085999045,
                "slope": -2.2734954745947737,
                "intercept": 132.92239431704584
            }
        }
    ],
    "model_name": "WeightedEnsemble"
}