{
    "model_name": "Alternating",
    "parameters": {
        "a": 406.8718326646394,
        "b": 2169.0106695331037,
        "c": -4.796325774703727,
        "t1": 1.0,
        "threshold": 5.0
    }
}