{
    "core_models": [
        {
            "parameters": {
                "threshold": 5,
                "c": -0.04522672796577609,
                "b": 4995.963767980384,
                "t1": 1,
                "a": 0.4894926062171123
            },
            "weight": 0.4584541056619702,
            "model_name": "Alternating"
        },
        {
            "parameters": {
                "t1": 88.7364318842059,
                "F": 30.539612518739204,
                "T": 5.8238190275732515
            },
            "weight": 0.07486949953115532,
            "model_name": "ThermalTime"
        },
        {
            "parameters": {
                "b": -17.43364732451663,
                "t1": 75.51070782722744,
                "F": 22.028141012995945,
                "c": -2.3167322407146083
            },
            "weight": 0.3378550124203179,
            "model_name": "Uniforc"
        },
        {
            "parameters": {
                "time_length": 1.191714067689773,
                "slope": -0.7893097455018218,
                "time_start": 51.061437342843334,
                "intercept": 100.14323700211877
            },
            "weight": 0.12882138238655663,
            "model_name": "Linear"
        }
    ],
    "model_name": "WeightedEnsemble"
}