{
    "model_name": "WeightedEnsemble",
    "core_models": [
        {
            "parameters": {
                "t1": 1,
                "a": 546.9432742341636,
                "c": -0.1737010176588183,
                "threshold": 5,
                "b": 4572.318763685495
            },
            "model_name": "Alternating",
            "weight": 0.07072879285966809
        },
        {
            "parameters": {
                "t1": 77.5893132528413,
                "T": 14.06792830611156,
                "F": 53.358976492973056
            },
            "model_name": "ThermalTime",
            "weight": 0.14505920931988878
        },
        {
            "parameters": {
                "t1": 77.59471001358267,
                "c": 14.074080650515075,
                "b": -11.481834536921765,
                "F": 3.4907336815336265
            },
            "model_name": "Uniforc",
            "weight": 0.17833080425072723
        },
        {
            "parameters": {
                "time_length": 1.7823307563169593,
                "slope": -4.755291655987244,
                "intercept": 84.18795414025891,
                "time_start": -0.8966277778748051
            },
            "model_name": "Linear",
            "weight": 0.6058811935697153
        }
    ]
}