{
    "core_models": [
        {
            "weight": 0.49954774174949174,
            "model_name": "Alternating",
            "parameters": {
                "c": -0.007429601320800394,
                "a": -478.4675971980552,
                "t1": 1,
                "b": 1392.9030999018444,
                "threshold": 5
            }
        },
        {
            "weight": 0.18033613490312067,
            "model_name": "ThermalTime",
            "parameters": {
                "F": 220.6339163277744,
                "T": 6.971283109374693,
                "t1": 75.18872944813371
            }
        },
        {
            "weight": 0.17270597600024928,
            "model_name": "Uniforc",
            "parameters": {
                "F": 4.005998417640072,
                "t1": 81.54692751546294,
                "b": -17.979540681883748,
                "c": 12.250079937101743
            }
        },
        {
            "weight": 0.14741014734713798,
            "model_name": "Linear",
            "parameters": {
                "time_start": 59.72646919399579,
                "intercept": 122.06194262644578,
                "time_length": 51.35728117887399,
                "slope": -2.36086593909856
            }
        }
    ],
    "model_name": "WeightedEnsemble"
}