{
    "core_models": [
        {
            "parameters": {
                "b": 1947.814387364629,
                "c": -0.030111859663101814,
                "a": 100.14335184501655,
                "threshold": 5,
                "t1": 1
            },
            "model_name": "Alternating",
            "weight": 0.14028347706520947
        },
        {
            "parameters": {
                "F": 132.10615664632866,
                "T": 3.7507050599232428,
                "t1": 101.35746161158457
            },
            "model_name": "ThermalTime",
            "weight": 0.3013172536706327
        },
        {
            "parameters": {
                "F": 24.039022373159753,
                "b": -17.44967402452348,
                "t1": 83.49949171319051,
                "c": 3.3236787199270146
            },
            "model_name": "Uniforc",
            "weight": 0.40806320009841657
        },
        {
            "parameters": {
                "time_length": 118.47591903103739,
                "time_start": 59.50930828988322,
                "intercept": 139.49589824314066,
                "slope": -2.2371607494808545
            },
            "model_name": "Linear",
            "weight": 0.15033606916574102
        }
    ],
    "model_name": "WeightedEnsemble"
}