{
    "model_name": "Uniforc",
    "parameters": {
        "F": 20.007137691716093,
        "b": -19.280844479599608,
        "c": 4.528140439751116,
        "t1": 78.95812440334579
    }
}