{
    "model_name": "ThermalTime",
    "parameters": {
        "F": 53.479426090567245,
        "T": 14.065396800336455,
        "t1": 76.0483295825285
    }
}