{
    "model_name": "Uniforc",
    "parameters": {
        "F": 48.52720834546691,
        "b": -15.443804067445528,
        "c": -3.226487756678903,
        "t1": 38.09430455771145
    }
}