{
    "model_name": "WeightedEnsemble",
    "core_models": [
        {
            "parameters": {
                "a": 422.8758360862417,
                "threshold": 5,
                "b": 1420.4922335690192,
                "c": -4.484697335489088,
                "t1": 1
            },
            "model_name": "Alternating",
            "weight": 0.5723839075472804
        },
        {
            "parameters": {
                "F": 2.8344276627872205,
                "T": 13.604752150022481,
                "t1": 70.85972218727312
            },
            "model_name": "ThermalTime",
            "weight": 0.1295029043342852
        },
        {
            "parameters": {
                "F": 121.97238279924656,
                "b": -10.328156538483595,
                "c": -4.320975117092768,
                "t1": -52.70829114459187
            },
            "model_name": "Uniforc",
            "weight": 0.10314337220191593
        },
        {
            "parameters": {
                "intercept": 49.130389507756966,
                "time_length": 1.9071810403791005,
                "slope": 2.7089576538288935,
                "time_start": 55.07556482499365
            },
            "model_name": "Linear",
            "weight": 0.19496981591651796
        }
    ]
}