{
    "model_name": "WeightedEnsemble",
    "core_models": [
        {
            "weight": 0.4145336280268657,
            "model_name": "Alternating",
            "parameters": {
                "b": 4794.451199948571,
                "t1": 1,
                "threshold": 5,
                "c": -0.04843582396103274,
                "a": 20.7769501509405
            }
        },
        {
            "weight": 0.12991145662933423,
            "model_name": "ThermalTime",
            "parameters": {
                "t1": 91.8730474453647,
                "T": 5.868350136743805,
                "F": 32.69043122236661
            }
        },
        {
            "weight": 0.3304825360998977,
            "model_name": "Uniforc",
            "parameters": {
                "b": -6.353517841459717,
                "t1": 75.32466012589128,
                "F": 21.62821024755415,
                "c": -2.117551034556625
            }
        },
        {
            "weight": 0.12507237924390233,
            "model_name": "Linear",
            "parameters": {
                "time_start": -10.307847825220222,
                "slope": -0.7632970866999773,
                "intercept": 98.83943572238547,
                "time_length": 4.829896107766729
            }
        }
    ]
}