{
    "core_models": [
        {
            "weight": 0.14539143934430837,
            "model_name": "Alternating",
            "parameters": {
                "c": -0.028887525223788124,
                "b": 1991.2886637754677,
                "threshold": 5,
                "a": 79.0122162200928,
                "t1": 1
            }
        },
        {
            "weight": 0.4198544985874456,
            "model_name": "ThermalTime",
            "parameters": {
                "t1": 104.38573138568836,
                "F": 90.18922282378031,
                "T": 5.120803007453589
            }
        },
        {
            "weight": 0.30163582145795237,
            "model_name": "Uniforc",
            "parameters": {
                "t1": 81.08271964384281,
                "c": 1.8185768978876582,
                "b": -13.427097218124796,
                "F": 27.607934713963616
            }
        },
        {
            "weight": 0.13311824061029354,
            "model_name": "Linear",
            "parameters": {
                "slope": -2.1181438112740785,
                "intercept": 137.83365970944743,
                "time_start": 58.75779906993349,
                "time_length": 119.59864235190766
            }
        }
    ],
    "model_name": "WeightedEnsemble"
}