{
    "model_name": "WeightedEnsemble",
    "core_models": [
        {
            "weight": 0.0852260624392164,
            "model_name": "Alternating",
            "parameters": {
                "b": 1624.54281557699,
                "threshold": 5,
                "a": -74.38902583698392,
                "t1": 1,
                "c": -0.026091802972965095
            }
        },
        {
            "weight": 0.12912310056830217,
            "model_name": "ThermalTime",
            "parameters": {
                "F": 2.245905396292244,
                "t1": 93.86178195565651,
                "T": 12.90544385310987
            }
        },
        {
            "weight": 0.35116460521006937,
            "model_name": "Uniforc",
            "parameters": {
                "b": -13.539080733905905,
                "F": 48.28679328820231,
                "t1": 39.38730636088633,
                "c": -3.2337952115572497
            }
        },
        {
            "weight": 0.4344862317824122,
            "model_name": "Linear",
            "parameters": {
                "time_start": -5.643572689242518,
                "intercept": 89.85979811674947,
                "time_length": 1.101659433217101,
                "slope": 3.265050152984361
            }
        }
    ]
}