{
    "model_name": "ThermalTime",
    "parameters": {
        "F": 12.784932491073107,
        "T": 24.874763769188647,
        "t1": 134.34775459707183
    }
}