{
    "core_models": [
        {
            "parameters": {
                "threshold": 5,
                "a": 267.44880623482635,
                "c": -0.01382536775119636,
                "b": 1688.6063748666306,
                "t1": 1
            },
            "model_name": "Alternating",
            "weight": 0.11018408820130447
        },
        {
            "parameters": {
                "F": 41.71298278046504,
                "T": 24.73534060437291,
                "t1": 134.31332854999152
            },
            "model_name": "ThermalTime",
            "weight": 0.14395777567911053
        },
        {
            "parameters": {
                "F": 109.27067566211615,
                "c": -0.8137300756503207,
                "b": -8.957469813509125,
                "t1": 24.57307507751409
            },
            "model_name": "Uniforc",
            "weight": 0.24018764186894442
        },
        {
            "parameters": {
                "spring_length": 7.723212770938254,
                "slope": 19.202518955447268,
                "spring_start": -24.215294377777944,
                "intercept": -55.895144455454336
            },
            "model_name": "Linear",
            "weight": 0.5056704942506408
        }
    ],
    "model_name": "WeightedEnsemble"
}