{
    "model_name": "Alternating",
    "parameters": {
        "a": 985.583394001978,
        "b": 576.4675278937913,
        "c": -3.034536512727828,
        "t1": 1.0,
        "threshold": 5.0
    }
}