{
    "core_models": [
        {
            "parameters": {
                "b": 1957.4961205311672,
                "c": -0.01640516552786364,
                "t1": 1,
                "a": -343.48117057789295,
                "threshold": 5
            },
            "weight": 0.08129206653189103,
            "model_name": "Alternating"
        },
        {
            "parameters": {
                "T": 12.859179293467204,
                "t1": 101.77385347620762,
                "F": 79.66536885904691
            },
            "weight": 0.1462655072644485,
            "model_name": "ThermalTime"
        },
        {
            "parameters": {
                "c": -1.0752434060823546,
                "t1": -44.498807606840785,
                "F": 150.79014017097634,
                "b": -10.263195150842876
            },
            "weight": 0.12784791709902762,
            "model_name": "Uniforc"
        },
        {
            "parameters": {
                "intercept": 133.54510084968106,
                "time_start": 45.46187790061759,
                "time_length": 1.2548972987141553,
                "slope": -2.3990281629244454
            },
            "weight": 0.6445945091046318,
            "model_name": "Linear"
        }
    ],
    "model_name": "WeightedEnsemble"
}