{
    "model_name": "WeightedEnsemble",
    "core_models": [
        {
            "weight": 0.2352822103670372,
            "parameters": {
                "a": 973.2829694444902,
                "threshold": 5,
                "c": -0.0018476336060286869,
                "b": 692.7216170195411,
                "t1": 1
            },
            "model_name": "Alternating"
        },
        {
            "weight": 0.20481242763326507,
            "parameters": {
                "F": 321.1428972504419,
                "t1": 98.17870088749002,
                "T": 15.013440783152227
            },
            "model_name": "ThermalTime"
        },
        {
            "weight": 0.35103704253985896,
            "parameters": {
                "F": 97.0046655962594,
                "c": 10.00454449620779,
                "t1": -3.19022049467398,
                "b": -18.99220072866025
            },
            "model_name": "Uniforc"
        },
        {
            "weight": 0.20886831945983872,
            "parameters": {
                "time_start": 29.911747080857012,
                "time_length": 4.19701377743943,
                "intercept": 234.3688671813351,
                "slope": -10.401940530225156
            },
            "model_name": "Linear"
        }
    ]
}