{
    "core_models": [
        {
            "parameters": {
                "c": -1.3420195974726328,
                "b": 619.0680083261798,
                "threshold": 5,
                "a": 983.646429333636,
                "t1": 1
            },
            "model_name": "Alternating",
            "weight": 0.1548280751980657
        },
        {
            "parameters": {
                "T": -0.5721319646312506,
                "F": 403.9861760212659,
                "t1": 77.65705927624296
            },
            "model_name": "ThermalTime",
            "weight": 0.07786172378209838
        },
        {
            "parameters": {
                "c": 0.5986901052042914,
                "b": -15.093058200180426,
                "t1": -43.40630694826075,
                "F": 143.16612526938678
            },
            "model_name": "Uniforc",
            "weight": 0.0926025793120162
        },
        {
            "parameters": {
                "time_start": 45.40934601390616,
                "intercept": 143.89311939997765,
                "slope": -3.435373385755197,
                "time_length": 1.508713705536124
            },
            "model_name": "Linear",
            "weight": 0.674707621707819
        }
    ],
    "model_name": "WeightedEnsemble"
}