{
    "core_models": [
        {
            "model_name": "Alternating",
            "parameters": {
                "a": 724.3847347588248,
                "t1": 1,
                "b": 1145.4507750855519,
                "threshold": 5,
                "c": -0.007551105862033669
            },
            "weight": 0.19580904154609335
        },
        {
            "model_name": "ThermalTime",
            "parameters": {
                "t1": 122.43187017731702,
                "F": 97.72884493803468,
                "T": 8.58688590402536
            },
            "weight": 0.28956236848936323
        },
        {
            "model_name": "Uniforc",
            "parameters": {
                "t1": -3.5344745865560583,
                "b": -19.883967990504356,
                "F": 117.1658479590495,
                "c": 7.429533394994181
            },
            "weight": 0.30547300376857156
        },
        {
            "model_name": "Linear",
            "parameters": {
                "time_start": 7.605580610231688,
                "time_length": 1.3174525751152615,
                "intercept": 185.92370804750362,
                "slope": -6.106762031945905
            },
            "weight": 0.20915558619597166
        }
    ],
    "model_name": "WeightedEnsemble"
}