{
    "core_models": [
        {
            "model_name": "Alternating",
            "parameters": {
                "c": -2.3295601706288727,
                "a": 996.1523361065931,
                "t1": 1,
                "b": 607.9198527444912,
                "threshold": 5
            },
            "weight": 0.15184467184580142
        },
        {
            "model_name": "ThermalTime",
            "parameters": {
                "T": 4.605284727197917,
                "F": 424.2070923072737,
                "t1": 76.54208276266874
            },
            "weight": 0.10599776689899514
        },
        {
            "model_name": "Uniforc",
            "parameters": {
                "F": 149.1653633651268,
                "t1": -48.39185895417373,
                "b": -16.66227360041848,
                "c": 0.6194612209782457
            },
            "weight": 0.09310419246365784
        },
        {
            "model_name": "Linear",
            "parameters": {
                "intercept": 141.99169997124403,
                "slope": -3.3079364606046573,
                "spring_length": 1.1609189075483783,
                "spring_start": 44.49532629818758
            },
            "weight": 0.649053368791546
        }
    ],
    "model_name": "WeightedEnsemble"
}