{
    "core_models": [
        {
            "weight": 0.22392078976338378,
            "parameters": {
                "threshold": 5,
                "c": -0.06296985821430567,
                "t1": 1,
                "b": 311.6057407863045,
                "a": 316.8131634654359
            },
            "model_name": "Alternating"
        },
        {
            "weight": 0.3790934873483993,
            "parameters": {
                "F": 283.50335572498693,
                "t1": 28.030680448456266,
                "T": -14.842580821846878
            },
            "model_name": "ThermalTime"
        },
        {
            "weight": 0.31401632964284837,
            "parameters": {
                "F": 62.2950971098486,
                "c": 1.2760073396247962,
                "t1": -14.608048647289877,
                "b": -0.37972738980100296
            },
            "model_name": "Uniforc"
        },
        {
            "weight": 0.08296939324536855,
            "parameters": {
                "slope": -4.090574304900449,
                "time_length": 73.31327639771547,
                "time_start": -12.752236635557193,
                "intercept": 95.2251078917175
            },
            "model_name": "Linear"
        }
    ],
    "model_name": "WeightedEnsemble"
}