{
    "model_name": "WeightedEnsemble",
    "core_models": [
        {
            "model_name": "Alternating",
            "parameters": {
                "c": -1.1870433402668694,
                "b": 233.70399405028365,
                "threshold": 5,
                "t1": 1,
                "a": 667.1985395216337
            },
            "weight": 0.10068725449902356
        },
        {
            "model_name": "ThermalTime",
            "parameters": {
                "F": 261.69518034028937,
                "t1": 29.49434892474605,
                "T": 13.578910721130827
            },
            "weight": 0.48232147281674853
        },
        {
            "model_name": "Uniforc",
            "parameters": {
                "c": 13.503248274166612,
                "b": -13.76906961070157,
                "F": 16.802225072005342,
                "t1": 28.779694555813776
            },
            "weight": 0.2472196351055719
        },
        {
            "model_name": "Linear",
            "parameters": {
                "time_length": 119.82276549336436,
                "slope": -6.040610179956971,
                "intercept": 205.8083604479751,
                "time_start": 59.97364384801888
            },
            "weight": 0.16977163757865582
        }
    ]
}