{
    "core_models": [
        {
            "weight": 0.3004664128917326,
            "parameters": {
                "b": 1206.4530209675488,
                "c": -1.1059465195325968,
                "t1": 1,
                "threshold": 5,
                "a": 323.99650570845193
            },
            "model_name": "Alternating"
        },
        {
            "weight": 0.2249383754334059,
            "parameters": {
                "T": -15.713971592611067,
                "t1": 68.720837917512,
                "F": 227.9545697736785
            },
            "model_name": "ThermalTime"
        },
        {
            "weight": 0.18866742017743054,
            "parameters": {
                "b": -16.858420731010526,
                "F": 45.72165086953939,
                "c": 0.9165158040022048,
                "t1": 38.462978814513704
            },
            "model_name": "Uniforc"
        },
        {
            "weight": 0.28592779149743097,
            "parameters": {
                "intercept": 134.87753338244798,
                "slope": -3.9701353417292733,
                "time_length": 59.20290957940895,
                "time_start": 59.876876401467484
            },
            "model_name": "Linear"
        }
    ],
    "model_name": "WeightedEnsemble"
}