{
    "core_models": [
        {
            "weight": 0.3060992264550904,
            "parameters": {
                "b": 1483.9219417339118,
                "c": -0.005507235033358704,
                "a": -705.465430034274,
                "threshold": 5,
                "t1": 1
            },
            "model_name": "Alternating"
        },
        {
            "weight": 0.2071631509063562,
            "parameters": {
                "t1": 73.51693650198342,
                "T": 9.795168813472399,
                "F": 73.36866776579183
            },
            "model_name": "ThermalTime"
        },
        {
            "weight": 0.1560337664451829,
            "parameters": {
                "t1": 77.70899273883924,
                "c": 9.819263483560247,
                "F": 5.463385215390488,
                "b": -16.69064708580892
            },
            "model_name": "Uniforc"
        },
        {
            "weight": 0.3307038561933705,
            "parameters": {
                "slope": -3.828602813181546,
                "spring_length": 81.1516454429956,
                "spring_start": 59.70998466479748,
                "intercept": 136.83904224410657
            },
            "model_name": "Linear"
        }
    ],
    "model_name": "WeightedEnsemble"
}