{
    "core_models": [
        {
            "weight": 0.16509549110330402,
            "parameters": {
                "b": 4432.155222204612,
                "c": -1.9332529833614926,
                "a": 211.80315489590228,
                "t1": 1,
                "threshold": 5
            },
            "model_name": "Alternating"
        },
        {
            "weight": 0.30450669185782564,
            "parameters": {
                "F": 58.49423470358846,
                "T": 6.783302564549559,
                "t1": 81.28241268953747
            },
            "model_name": "ThermalTime"
        },
        {
            "weight": 0.20773956223240758,
            "parameters": {
                "F": 4.774137109905354,
                "c": 8.589699452656896,
                "t1": 80.94256899844191,
                "b": -0.7820508706578657
            },
            "model_name": "Uniforc"
        },
        {
            "weight": 0.3226582548064629,
            "parameters": {
                "time_length": 117.75979234391092,
                "time_start": 59.43210605583632,
                "intercept": 145.63773758111645,
                "slope": -4.3551835073463705
            },
            "model_name": "Linear"
        }
    ],
    "model_name": "WeightedEnsemble"
}