{
    "core_models": [
        {
            "weight": 0.16767085308111782,
            "model_name": "Alternating",
            "parameters": {
                "threshold": 5,
                "c": -0.060186906128856243,
                "a": 529.629228657674,
                "b": 4751.4821786422945,
                "t1": 1
            }
        },
        {
            "weight": 0.330587834922438,
            "model_name": "ThermalTime",
            "parameters": {
                "T": 9.638225503882424,
                "F": 317.78601166820783,
                "t1": 70.27233173158439
            }
        },
        {
            "weight": 0.2954935378108103,
            "model_name": "Uniforc",
            "parameters": {
                "c": 13.210957265498035,
                "b": -17.13174766116954,
                "F": 10.535831607626406,
                "t1": 73.61822650261101
            }
        },
        {
            "weight": 0.2062477741856339,
            "model_name": "Linear",
            "parameters": {
                "spring_length": 92.06131503462564,
                "slope": -7.3708480532389125,
                "intercept": 202.9031837653531,
                "spring_start": 59.606652596677854
            }
        }
    ],
    "model_name": "WeightedEnsemble"
}