{
    "model_name": "Uniforc",
    "parameters": {
        "F": 0.6123828075010778,
        "b": -0.25286516139070514,
        "c": 24.16885175368848,
        "t1": 73.63723144119831
    }
}