{
    "model_name": "Uniforc",
    "parameters": {
        "F": 19.99994017416301,
        "b": -19.376463898708455,
        "c": 13.172135911235582,
        "t1": 24.24930403493145
    }
}