{
    "model_name": "WeightedEnsemble",
    "core_models": [
        {
            "model_name": "Alternating",
            "parameters": {
                "c": -0.036900037510838146,
                "t1": 1,
                "a": 188.4654175809557,
                "threshold": 5,
                "b": 676.0981519694967
            },
            "weight": 0.26346173293904146
        },
        {
            "model_name": "ThermalTime",
            "parameters": {
                "F": 251.79741382543097,
                "t1": 39.8617170757165,
                "T": 1.6790091077031277
            },
            "weight": 0.2707182478989796
        },
        {
            "model_name": "Uniforc",
            "parameters": {
                "c": 4.584575551833925,
                "t1": 27.987694994593667,
                "F": 27.614028590074852,
                "b": -0.2553195549760332
            },
            "weight": 0.27336826085138344
        },
        {
            "model_name": "Linear",
            "parameters": {
                "intercept": 92.12200538224111,
                "time_start": 29.797478458609326,
                "slope": -2.7172877986441146,
                "time_length": 24.609335437145155
            },
            "weight": 0.1924517583105957
        }
    ]
}