{
    "model_name": "ThermalTime",
    "parameters": {
        "F": 8.241773715475857,
        "T": 9.735175169811226,
        "t1": 89.87091382622974
    }
}