{
    "model_name": "WeightedEnsemble",
    "core_models": [
        {
            "parameters": {
                "b": 1165.6592929740193,
                "a": -442.90578348400277,
                "t1": 1,
                "c": -0.007165503307844379,
                "threshold": 5
            },
            "weight": 0.20909937933147799,
            "model_name": "Alternating"
        },
        {
            "parameters": {
                "F": 47.42549838963407,
                "T": 12.198275443629514,
                "t1": 52.18997027582816
            },
            "weight": 0.3237671204235641,
            "model_name": "ThermalTime"
        },
        {
            "parameters": {
                "b": -0.3644249631154288,
                "F": 2.195031104285121,
                "c": 16.36418127777549,
                "t1": 57.64356026606406
            },
            "weight": 0.12743572615663015,
            "model_name": "Uniforc"
        },
        {
            "parameters": {
                "time_length": 115.44017296465368,
                "intercept": 147.48226722460046,
                "slope": -4.205636694191919,
                "time_start": 57.643570354077305
            },
            "weight": 0.339697774088328,
            "model_name": "Linear"
        }
    ]
}