{
    "core_models": [
        {
            "model_name": "Alternating",
            "weight": 0.10964140179418655,
            "parameters": {
                "b": 1117.510490554706,
                "a": -44.68065112540243,
                "c": -0.02354260964326027,
                "t1": 1,
                "threshold": 5
            }
        },
        {
            "model_name": "ThermalTime",
            "weight": 0.12370035109024982,
            "parameters": {
                "F": 2.1688571979951803,
                "t1": 93.18748607233609,
                "T": 9.099946912551825
            }
        },
        {
            "model_name": "Uniforc",
            "weight": 0.18743669969901922,
            "parameters": {
                "F": 108.62084714779704,
                "t1": -15.43490598329467,
                "c": -12.62579586823781,
                "b": -13.636378306233375
            }
        },
        {
            "model_name": "Linear",
            "weight": 0.5792215474165447,
            "parameters": {
                "spring_length": 119.4448894374375,
                "spring_start": 59.595413853009326,
                "slope": 9.444545021931736,
                "intercept": -66.99987683629796
            }
        }
    ],
    "model_name": "WeightedEnsemble"
}