{
    "core_models": [
        {
            "weight": 0.1786495433148182,
            "model_name": "Alternating",
            "parameters": {
                "c": -0.6845469635858343,
                "a": 258.23209714647334,
                "t1": 1,
                "threshold": 5,
                "b": 698.1067601765769
            }
        },
        {
            "weight": 0.21251481064690025,
            "model_name": "ThermalTime",
            "parameters": {
                "t1": 38.25566352457686,
                "T": -0.6886991243037321,
                "F": 256.1484688361271
            }
        },
        {
            "weight": 0.18638768568798816,
            "model_name": "Uniforc",
            "parameters": {
                "t1": 56.61530268166293,
                "c": 11.944282467293355,
                "F": 3.8823077895061715,
                "b": -10.698146078988778
            }
        },
        {
            "weight": 0.4224479603502932,
            "model_name": "Linear",
            "parameters": {
                "intercept": 151.2805290092157,
                "slope": -5.545219919774508,
                "time_length": 115.32539674445144,
                "time_start": 52.76296657185838
            }
        }
    ],
    "model_name": "WeightedEnsemble"
}