{
    "model_name": "Alternating",
    "parameters": {
        "a": 332.05751388783125,
        "b": 179.10876045693294,
        "c": -0.0655595365406656,
        "t1": 1.0,
        "threshold": 5.0
    }
}