{
    "model_name": "WeightedEnsemble",
    "core_models": [
        {
            "parameters": {
                "t1": 1,
                "c": -0.0026529132681019085,
                "a": -900.0540689632311,
                "b": 1929.7228797319112,
                "threshold": 5
            },
            "weight": 0.09049463522921887,
            "model_name": "Alternating"
        },
        {
            "parameters": {
                "t1": 31.113932983715927,
                "T": 13.57446404495568,
                "F": 252.09683248436633
            },
            "weight": 0.36820518105069217,
            "model_name": "ThermalTime"
        },
        {
            "parameters": {
                "t1": 34.54235857680088,
                "F": 12.349924207296084,
                "b": -19.766475739502926,
                "c": 14.139584062334333
            },
            "weight": 0.390424355047877,
            "model_name": "Uniforc"
        },
        {
            "parameters": {
                "intercept": 206.21323693258807,
                "slope": -5.977126073921635,
                "time_start": 59.61500657286791,
                "time_length": 119.77846773569284
            },
            "weight": 0.150875828672212,
            "model_name": "Linear"
        }
    ]
}