{
    "core_models": [
        {
            "parameters": {
                "c": -1.150386826458707,
                "b": 12.79746595773122,
                "threshold": 5,
                "a": 724.7645579708272,
                "t1": 1
            },
            "weight": 0.1533611589474187,
            "model_name": "Alternating"
        },
        {
            "parameters": {
                "F": 537.9565478716682,
                "t1": 10.961148242387026,
                "T": 9.1625655031573
            },
            "weight": 0.2743943880480403,
            "model_name": "ThermalTime"
        },
        {
            "parameters": {
                "c": 13.00660295761501,
                "F": 20.163854299244733,
                "t1": 9.921081882686195,
                "b": -18.274545981883698
            },
            "weight": 0.4468777377077407,
            "model_name": "Uniforc"
        },
        {
            "parameters": {
                "spring_length": 104.74640994123214,
                "spring_start": 41.14141917946457,
                "intercept": 173.05181381204534,
                "slope": -5.117081746846127
            },
            "weight": 0.12536671529680046,
            "model_name": "Linear"
        }
    ],
    "model_name": "WeightedEnsemble"
}