{
    "core_models": [
        {
            "parameters": {
                "threshold": 5,
                "a": 315.741496357284,
                "b": 1229.4002849139251,
                "c": -2.7193149020055407,
                "t1": 1
            },
            "model_name": "Alternating",
            "weight": 0.3626474728593871
        },
        {
            "parameters": {
                "F": 251.98019637554293,
                "t1": 68.62526437646598,
                "T": -9.379918681013105
            },
            "model_name": "ThermalTime",
            "weight": 0.15496601487400682
        },
        {
            "parameters": {
                "F": 2.9989282970914246,
                "t1": 84.29548904638854,
                "b": -16.72849856884814,
                "c": 12.996975452431514
            },
            "model_name": "Uniforc",
            "weight": 0.13873511615065218
        },
        {
            "parameters": {
                "time_start": 59.228302796047494,
                "time_length": 59.20364594641361,
                "intercept": 134.85416113039966,
                "slope": -4.0074153274624225
            },
            "model_name": "Linear",
            "weight": 0.3436513961159539
        }
    ],
    "model_name": "WeightedEnsemble"
}