{
    "model_name": "WeightedEnsemble",
    "core_models": [
        {
            "model_name": "Alternating",
            "parameters": {
                "b": 182.6096288365543,
                "t1": 1,
                "a": 331.7251963183856,
                "threshold": 5,
                "c": -0.0712142826907467
            },
            "weight": 0.11561701293986489
        },
        {
            "model_name": "ThermalTime",
            "parameters": {
                "t1": 23.773090096175096,
                "T": -19.983886091137233,
                "F": 279.48900088342225
            },
            "weight": 0.36839687163952395
        },
        {
            "model_name": "Uniforc",
            "parameters": {
                "b": -16.91653939446836,
                "t1": -3.766122262944336,
                "c": 4.204573215591134,
                "F": 43.006661965919314
            },
            "weight": 0.3056668369930845
        },
        {
            "model_name": "Linear",
            "parameters": {
                "intercept": 119.03837573311544,
                "spring_start": 9.501674063565705,
                "spring_length": 105.65285830883488,
                "slope": -5.093309108264552
            },
            "weight": 0.2103192784275266
        }
    ]
}