{
    "core_models": [
        {
            "parameters": {
                "c": -0.03564971756578883,
                "threshold": 5,
                "a": 154.0043897596626,
                "b": 886.9974012265252,
                "t1": 1
            },
            "weight": 0.16993295096976652,
            "model_name": "Alternating"
        },
        {
            "parameters": {
                "t1": 75.9427897651614,
                "T": 9.275631726690886,
                "F": 25.767919398735216
            },
            "weight": 0.3208184653264252,
            "model_name": "ThermalTime"
        },
        {
            "parameters": {
                "c": -7.852896002631699,
                "b": -1.0193025465536625,
                "t1": -18.97638700676444,
                "F": 97.0153929481534
            },
            "weight": 0.3471750333301967,
            "model_name": "Uniforc"
        },
        {
            "parameters": {
                "time_start": 1.5850704988773305,
                "time_length": 2.190962623708522,
                "slope": -1.9577233158287397,
                "intercept": 87.82591655322643
            },
            "weight": 0.16207355037361137,
            "model_name": "Linear"
        }
    ],
    "model_name": "WeightedEnsemble"
}