{
    "model_name": "WeightedEnsemble",
    "core_models": [
        {
            "weight": 0.3929950516096017,
            "model_name": "Alternating",
            "parameters": {
                "b": 1180.6054594889924,
                "a": 338.55907198910006,
                "t1": 1,
                "threshold": 5,
                "c": -3.5684171356368943
            }
        },
        {
            "weight": 0.2132627532847152,
            "model_name": "ThermalTime",
            "parameters": {
                "F": 29.62894963837698,
                "T": 12.237410816394107,
                "t1": 86.0648745589008
            }
        },
        {
            "weight": 0.1640459496133127,
            "model_name": "Uniforc",
            "parameters": {
                "F": 2.9604311941471053,
                "b": -8.3242445635776,
                "t1": 83.99686387272547,
                "c": 12.958658400033352
            }
        },
        {
            "weight": 0.22969624549237042,
            "model_name": "Linear",
            "parameters": {
                "spring_length": 119.24645162013326,
                "spring_start": 59.81773808610655,
                "slope": -5.180182423225538,
                "intercept": 169.52442516769642
            }
        }
    ]
}