{
    "core_models": [
        {
            "parameters": {
                "threshold": 5,
                "c": -0.006981824940158088,
                "t1": 1,
                "b": 714.6173196713262,
                "a": 84.45935600255217
            },
            "weight": 0.2829660852878111,
            "model_name": "Alternating"
        },
        {
            "parameters": {
                "t1": 54.15550384525608,
                "T": 6.077584868690367,
                "F": 395.3571030048183
            },
            "weight": 0.3093789087225212,
            "model_name": "ThermalTime"
        },
        {
            "parameters": {
                "t1": 54.399515666737706,
                "c": 8.63945263795497,
                "b": -0.5885235511304323,
                "F": 26.02248662126256
            },
            "weight": 0.1962968664032817,
            "model_name": "Uniforc"
        },
        {
            "parameters": {
                "intercept": 182.96527803829844,
                "slope": -5.5507527048382155,
                "time_length": 111.610084045869,
                "time_start": 59.473444132372265
            },
            "weight": 0.21135813958638627,
            "model_name": "Linear"
        }
    ],
    "model_name": "WeightedEnsemble"
}