{
    "model_name": "Alternating",
    "parameters": {
        "a": 531.4321693297912,
        "b": 4852.054172229307,
        "c": -0.06089063662463268,
        "t1": 1.0,
        "threshold": 5.0
    }
}