{
    "core_models": [
        {
            "parameters": {
                "b": 1271.796051966411,
                "a": -513.9695795140498,
                "t1": 1,
                "threshold": 5,
                "c": -0.006798030360242624
            },
            "model_name": "Alternating",
            "weight": 0.1756487430204964
        },
        {
            "parameters": {
                "t1": 56.39443375128177,
                "F": 109.43564500304905,
                "T": 8.871612984099553
            },
            "model_name": "ThermalTime",
            "weight": 0.3849315962784042
        },
        {
            "parameters": {
                "b": -0.40698362329038495,
                "t1": 54.60593602084496,
                "c": 15.29410357445612,
                "F": 3.0018682343505105
            },
            "model_name": "Uniforc",
            "weight": 0.10943210599131861
        },
        {
            "parameters": {
                "slope": -4.427687876961997,
                "time_start": 58.849658101392805,
                "intercept": 153.20812088601411,
                "time_length": 117.2510178843375
            },
            "model_name": "Linear",
            "weight": 0.32998755470978053
        }
    ],
    "model_name": "WeightedEnsemble"
}