{
    "model_name": "WeightedEnsemble",
    "core_models": [
        {
            "model_name": "Alternating",
            "parameters": {
                "threshold": 5,
                "t1": 1,
                "a": 180.10783666741492,
                "b": 1111.4693726109092,
                "c": -0.013757721397327671
            },
            "weight": 0.2548648746145546
        },
        {
            "model_name": "ThermalTime",
            "parameters": {
                "t1": -5.322856228913594,
                "T": 10.94414950324799,
                "F": 250.37713982843667
            },
            "weight": 0.36193733564695785
        },
        {
            "model_name": "Uniforc",
            "parameters": {
                "t1": 105.0593367288125,
                "F": 8.865838882440286,
                "b": -19.757276648828466,
                "c": 12.476907127736226
            },
            "weight": 0.19887681234922222
        },
        {
            "model_name": "Linear",
            "parameters": {
                "time_length": 1.9357046754678677,
                "slope": 1.6334894455937166,
                "time_start": 3.508389687083586,
                "intercept": 133.29825172807637
            },
            "weight": 0.1843209773892654
        }
    ]
}