{
    "model_name": "ThermalTime",
    "parameters": {
        "F": 47.92186746072957,
        "T": 12.388358432665814,
        "t1": 82.12331053218307
    }
}