{
    "model_name": "WeightedEnsemble",
    "core_models": [
        {
            "model_name": "Alternating",
            "weight": 0.13747468836850954,
            "parameters": {
                "b": 2741.9356358544474,
                "c": -0.04591106181748472,
                "a": 455.75693466595027,
                "threshold": 5,
                "t1": 1
            }
        },
        {
            "model_name": "ThermalTime",
            "weight": 0.40597986637993494,
            "parameters": {
                "T": 9.066137872096963,
                "F": 359.0091522354275,
                "t1": 55.771284225266086
            }
        },
        {
            "model_name": "Uniforc",
            "weight": 0.21929734721412314,
            "parameters": {
                "b": -0.30576790824760103,
                "c": 17.00584524322447,
                "F": 7.9722636576519506,
                "t1": 40.805515121522575
            }
        },
        {
            "model_name": "Linear",
            "weight": 0.23724809803743235,
            "parameters": {
                "intercept": 146.2470835940012,
                "slope": -2.749085407490845,
                "spring_start": 52.49848656436884,
                "spring_length": 1.107598122077512
            }
        }
    ]
}