{
    "model_name": "WeightedEnsemble",
    "core_models": [
        {
            "weight": 0.25504902344756436,
            "model_name": "Alternating",
            "parameters": {
                "t1": 1,
                "b": 4107.542714464577,
                "c": -0.051107916651913055,
                "a": 460.2809008303586,
                "threshold": 5
            }
        },
        {
            "weight": 0.3687835508850202,
            "model_name": "ThermalTime",
            "parameters": {
                "t1": 61.91203883597966,
                "F": 286.7507738965239,
                "T": 9.963487250887498
            }
        },
        {
            "weight": 0.25710433696588253,
            "model_name": "Uniforc",
            "parameters": {
                "t1": -6.108684415045744,
                "F": 9.654143387465524,
                "c": 13.33875847326198,
                "b": -8.113194825974688
            }
        },
        {
            "weight": 0.11906308870153305,
            "model_name": "Linear",
            "parameters": {
                "time_start": 53.50952802270098,
                "slope": -2.8722454393084655,
                "time_length": 1.130321139607183,
                "intercept": 145.09389485952966
            }
        }
    ]
}