{
    "model_name": "ThermalTime",
    "parameters": {
        "F": 415.8471959467096,
        "T": 5.824859957521013,
        "t1": 54.18664313979593
    }
}