{
    "core_models": [
        {
            "weight": 0.18807090506204951,
            "model_name": "Alternating",
            "parameters": {
                "a": 245.0101176364521,
                "c": -2.432830533078744,
                "b": 977.6102643074164,
                "t1": 1,
                "threshold": 5
            }
        },
        {
            "weight": 0.19989600699037435,
            "model_name": "ThermalTime",
            "parameters": {
                "T": -1.9280190954283545,
                "t1": 42.49909276912868,
                "F": 254.3801047335353
            }
        },
        {
            "weight": 0.11997572826062534,
            "model_name": "Uniforc",
            "parameters": {
                "b": -6.130010806003845,
                "c": 8.060805030175244,
                "t1": 64.95087943980728,
                "F": 10.7306238438144
            }
        },
        {
            "weight": 0.49205735968695047,
            "model_name": "Linear",
            "parameters": {
                "time_start": 59.33733908048465,
                "time_length": 114.55396369014696,
                "intercept": 156.86285525513242,
                "slope": -5.153397717518658
            }
        }
    ],
    "model_name": "WeightedEnsemble"
}