{
    "model_name": "ThermalTime",
    "parameters": {
        "F": 121.298174385388,
        "T": 7.966175542858868,
        "t1": 52.79602751077818
    }
}