{
    "core_models": [
        {
            "weight": 0.14250922539502886,
            "parameters": {
                "a": 319.96943998243154,
                "threshold": 5,
                "c": -0.07377667425705337,
                "t1": 1,
                "b": 266.66498350985466
            },
            "model_name": "Alternating"
        },
        {
            "weight": 0.4289521175470811,
            "parameters": {
                "F": 282.28157990221536,
                "T": -23.666387081535177,
                "t1": 27.64736926827507
            },
            "model_name": "ThermalTime"
        },
        {
            "weight": 0.3506560650436935,
            "parameters": {
                "F": 52.54272848697631,
                "c": 2.87586973312699,
                "t1": -11.387256119760366,
                "b": -0.3294868171027545
            },
            "model_name": "Uniforc"
        },
        {
            "weight": 0.07788259201419664,
            "parameters": {
                "time_start": -11.934770196181184,
                "slope": -4.164357045979941,
                "time_length": 71.66897405540975,
                "intercept": 95.14409266357305
            },
            "model_name": "Linear"
        }
    ],
    "model_name": "WeightedEnsemble"
}