{
    "core_models": [
        {
            "parameters": {
                "a": 264.8543403897352,
                "t1": 1,
                "b": 692.0419396278232,
                "c": -0.9841038479906961,
                "threshold": 5
            },
            "weight": 0.25703458035944377,
            "model_name": "Alternating"
        },
        {
            "parameters": {
                "t1": 37.94837895453615,
                "F": 279.39641659673646,
                "T": 1.2756049654378154
            },
            "weight": 0.20963427123649198,
            "model_name": "ThermalTime"
        },
        {
            "parameters": {
                "t1": 52.09239058063047,
                "F": 3.069307542248538,
                "c": 12.271833341974581,
                "b": -16.338215506656397
            },
            "weight": 0.2274263034130577,
            "model_name": "Uniforc"
        },
        {
            "parameters": {
                "slope": -5.707888124771803,
                "intercept": 151.698235748796,
                "spring_length": 115.16077504021285,
                "spring_start": 51.012357731012116
            },
            "weight": 0.30590484499100645,
            "model_name": "Linear"
        }
    ],
    "model_name": "WeightedEnsemble"
}