{
    "model_name": "WeightedEnsemble",
    "core_models": [
        {
            "weight": 0.0988583045803538,
            "model_name": "Alternating",
            "parameters": {
                "b": 822.492060766255,
                "a": -81.66057158889795,
                "t1": 1,
                "threshold": 5,
                "c": -0.013859224872712517
            }
        },
        {
            "weight": 0.2755246316142717,
            "model_name": "ThermalTime",
            "parameters": {
                "t1": 80.57473608122066,
                "F": 82.67892944817152,
                "T": 4.962608233713967
            }
        },
        {
            "weight": 0.3109647372304121,
            "model_name": "Uniforc",
            "parameters": {
                "b": -0.7075625447687077,
                "c": 9.696264300988766,
                "t1": 80.58660830712677,
                "F": 3.2686153306140113
            }
        },
        {
            "weight": 0.3146523265749623,
            "model_name": "Linear",
            "parameters": {
                "time_length": 89.54948526569771,
                "slope": -4.22835884494679,
                "intercept": 133.82019324247648,
                "time_start": 59.991879808492484
            }
        }
    ]
}