{
    "model_name": "WeightedEnsemble",
    "core_models": [
        {
            "parameters": {
                "a": 236.86571247865862,
                "b": 542.8866718454781,
                "c": -0.009042011541671169,
                "threshold": 5,
                "t1": 1
            },
            "model_name": "Alternating",
            "weight": 0.3147499623791495
        },
        {
            "parameters": {
                "T": 5.865263998156644,
                "F": 414.0538606153684,
                "t1": 53.9371639227143
            },
            "model_name": "ThermalTime",
            "weight": 0.297024184540445
        },
        {
            "parameters": {
                "b": -0.6264572553178578,
                "F": 30.868748029319022,
                "c": 7.636237007341872,
                "t1": 54.18965904279674
            },
            "model_name": "Uniforc",
            "weight": 0.21935106192970033
        },
        {
            "parameters": {
                "slope": -5.45096487195608,
                "intercept": 179.7360925594103,
                "spring_length": 105.48514974271806,
                "spring_start": 59.84254970967349
            },
            "model_name": "Linear",
            "weight": 0.16887479115070514
        }
    ]
}