{
    "model_name": "WeightedEnsemble",
    "core_models": [
        {
            "model_name": "Alternating",
            "parameters": {
                "c": -0.05729804461968646,
                "a": 529.2628065507503,
                "t1": 1,
                "b": 4227.204880082658,
                "threshold": 5
            },
            "weight": 0.15081241292137532
        },
        {
            "model_name": "ThermalTime",
            "parameters": {
                "T": 9.419923695339993,
                "F": 337.00346980734713,
                "t1": 54.56228463822155
            },
            "weight": 0.3917175971936501
        },
        {
            "model_name": "Uniforc",
            "parameters": {
                "F": 30.223185432714786,
                "c": 8.993965054701103,
                "t1": 55.73796940396583,
                "b": -15.50109272999848
            },
            "weight": 0.2886167185739498
        },
        {
            "model_name": "Linear",
            "parameters": {
                "time_start": 59.44283756319969,
                "intercept": 197.1050747319451,
                "slope": -6.734037262944403,
                "time_length": 93.2527379944793
            },
            "weight": 0.16885327131102443
        }
    ]
}