{
    "model_name": "WeightedEnsemble",
    "core_models": [
        {
            "parameters": {
                "threshold": 5,
                "b": 4892.552871715062,
                "t1": 1,
                "a": 290.9263971335212,
                "c": -0.03869521815994137
            },
            "model_name": "Alternating",
            "weight": 0.189019061692712
        },
        {
            "parameters": {
                "T": -15.323534180965515,
                "t1": 141.85194089697723,
                "F": 31.166705138346572
            },
            "model_name": "ThermalTime",
            "weight": 0.2001572251460418
        },
        {
            "parameters": {
                "F": 76.83590954516826,
                "t1": 63.77056139207455,
                "c": -1.5789616756040292,
                "b": -18.92126227348068
            },
            "model_name": "Uniforc",
            "weight": 0.20385191304225236
        },
        {
            "parameters": {
                "time_length": 4.949966828027634,
                "time_start": 15.118903422736434,
                "slope": 16.377682056206012,
                "intercept": 123.04051576040119
            },
            "model_name": "Linear",
            "weight": 0.40697180011899375
        }
    ]
}