{
    "model_name": "WeightedEnsemble",
    "core_models": [
        {
            "model_name": "Alternating",
            "parameters": {
                "t1": 1,
                "a": 109.0570860328004,
                "b": 689.8431609476484,
                "threshold": 5,
                "c": -0.00802971588396506
            },
            "weight": 0.2116477666618219
        },
        {
            "model_name": "ThermalTime",
            "parameters": {
                "t1": 51.10924604655918,
                "F": 371.90718561821836,
                "T": 6.301779122520207
            },
            "weight": 0.4009313059615267
        },
        {
            "model_name": "Uniforc",
            "parameters": {
                "t1": 56.462376993075296,
                "b": -0.8048341157994425,
                "F": 25.886870676662696,
                "c": 8.354902352664551
            },
            "weight": 0.1607518979897762
        },
        {
            "model_name": "Linear",
            "parameters": {
                "slope": -5.454892884161751,
                "intercept": 178.7592535775143,
                "time_start": 59.330409197338064,
                "time_length": 107.30629525247592
            },
            "weight": 0.22666902938687528
        }
    ]
}