{
    "model_name": "ThermalTime",
    "parameters": {
        "F": 70.37180416919699,
        "T": 5.938787879011637,
        "t1": 80.59255942805065
    }
}