{
    "core_models": [
        {
            "parameters": {
                "intercept": 208.69770161043598,
                "time_start": 273.58972398081244,
                "slope": 3.9522291789654838,
                "time_length": 19.237850251603497
            },
            "weight": 0.7227297607441233,
            "model_name": "Linear"
        },
        {
            "parameters": {
                "F": 11.977871453601665,
                "T": 13.478522732686704,
                "t1": 251.13663320906363
            },
            "weight": 0.27727023925587624,
            "model_name": "FallCooling"
        }
    ],
    "model_name": "WeightedEnsemble"
}