{
    "model_name": "ThermalTime",
    "parameters": {
        "F": 424.03635152717015,
        "T": 8.006132245286826,
        "t1": 55.72746424891464
    }
}