{
    "core_models": [
        {
            "parameters": {
                "c": -0.01090025024660779,
                "b": 927.6282991230528,
                "threshold": 5,
                "a": -206.91402224010568,
                "t1": 1
            },
            "weight": 0.08747321485779436,
            "model_name": "Alternating"
        },
        {
            "parameters": {
                "F": 57.38163546340081,
                "t1": 80.33615087239525,
                "T": 7.636496780353247
            },
            "weight": 0.3047410529727685,
            "model_name": "ThermalTime"
        },
        {
            "parameters": {
                "c": 9.06878248937144,
                "F": 3.060521886855909,
                "t1": 79.98475591195587,
                "b": -17.30849279353987
            },
            "weight": 0.2737585828194125,
            "model_name": "Uniforc"
        },
        {
            "parameters": {
                "spring_length": 117.18198574557901,
                "spring_start": 59.626723274383835,
                "intercept": 145.6066537138228,
                "slope": -4.369548916000424
            },
            "weight": 0.3340271493500247,
            "model_name": "Linear"
        }
    ],
    "model_name": "WeightedEnsemble"
}