{
    "model_name": "ThermalTime",
    "parameters": {
        "F": 381.6670504471215,
        "T": -1.2664298234487392,
        "t1": -55.404566891709116
    }
}