{
    "core_models": [
        {
            "weight": 0.16513800972709014,
            "model_name": "Alternating",
            "parameters": {
                "threshold": 5,
                "c": -1.5426065117047938,
                "a": 205.4593229507522,
                "b": 4756.4821330630675,
                "t1": 1
            }
        },
        {
            "weight": 0.45470958011059137,
            "model_name": "ThermalTime",
            "parameters": {
                "T": -3.6843134941778155,
                "F": 306.9485284320248,
                "t1": -46.251373418946656
            }
        },
        {
            "weight": 0.17022102819133209,
            "model_name": "Uniforc",
            "parameters": {
                "c": 2.3634617518926815,
                "b": -17.866095190075942,
                "F": 24.380123973971294,
                "t1": 65.30255771512735
            }
        },
        {
            "weight": 0.20993138197098649,
            "model_name": "Linear",
            "parameters": {
                "spring_length": 31.850588987498323,
                "slope": -5.718733602939608,
                "intercept": 122.45058656747902,
                "spring_start": 59.75981614443506
            }
        }
    ],
    "model_name": "WeightedEnsemble"
}