{
    "core_models": [
        {
            "parameters": {
                "a": 203.82156102861182,
                "c": -3.4553577033880476,
                "b": 2560.190609975282,
                "threshold": 5,
                "t1": 1
            },
            "weight": 0.1745044213404604,
            "model_name": "Alternating"
        },
        {
            "parameters": {
                "t1": -56.99482434014024,
                "T": -1.2236783360244696,
                "F": 394.5835738322121
            },
            "weight": 0.406782880563621,
            "model_name": "ThermalTime"
        },
        {
            "parameters": {
                "t1": 66.22367254798583,
                "c": 2.498276815548839,
                "b": -9.877286715295641,
                "F": 23.991960921658517
            },
            "weight": 0.2223887514692856,
            "model_name": "Uniforc"
        },
        {
            "parameters": {
                "time_length": 116.45925499653613,
                "intercept": 128.09252681928527,
                "slope": -7.954675565170961,
                "time_start": 23.110091852802068
            },
            "weight": 0.196323946626633,
            "model_name": "Linear"
        }
    ],
    "model_name": "WeightedEnsemble"
}