{
    "core_models": [
        {
            "weight": 0.25214052140582943,
            "model_name": "Alternating",
            "parameters": {
                "a": 225.87440952495942,
                "threshold": 5,
                "c": -0.7821815634190943,
                "b": 265.40780177472516,
                "t1": 1
            }
        },
        {
            "weight": 0.23826884130244075,
            "model_name": "ThermalTime",
            "parameters": {
                "F": 5.081384498258785,
                "T": 10.592172948408146,
                "t1": 87.7992702297847
            }
        },
        {
            "weight": 0.33905261271596204,
            "model_name": "Uniforc",
            "parameters": {
                "F": 166.64016986146214,
                "c": -33.96790717715107,
                "b": -0.1899460836662925,
                "t1": -50.213728492978646
            }
        },
        {
            "weight": 0.1705380245757678,
            "model_name": "Linear",
            "parameters": {
                "time_start": 26.156374711394797,
                "time_length": 1.2580998807683699,
                "slope": -2.2198345499244043,
                "intercept": 114.04578079174347
            }
        }
    ],
    "model_name": "WeightedEnsemble"
}