{
    "core_models": [
        {
            "weight": 0.28712793499910655,
            "parameters": {
                "time_start": 195.2955521771973,
                "intercept": 220.3733186376904,
                "time_length": 19.188882430973013,
                "slope": 2.851922135301538
            },
            "model_name": "Linear"
        },
        {
            "weight": 0.7128720650008928,
            "parameters": {
                "F": 495.809860620873,
                "T": 21.578539770058498,
                "t1": 249.20128422644623
            },
            "model_name": "FallCooling"
        }
    ],
    "model_name": "WeightedEnsemble"
}