{
    "model_name": "WeightedEnsemble",
    "core_models": [
        {
            "model_name": "Alternating",
            "parameters": {
                "a": -20.86078737892172,
                "c": -0.011960989203923411,
                "t1": 1,
                "threshold": 5,
                "b": 709.6544724919215
            },
            "weight": 0.25150112310443684
        },
        {
            "model_name": "ThermalTime",
            "parameters": {
                "T": 12.768264883808289,
                "t1": 71.89484404550912,
                "F": 49.820557213685845
            },
            "weight": 0.30484967758343345
        },
        {
            "model_name": "Uniforc",
            "parameters": {
                "b": -9.31789059953803,
                "c": 12.943770401614662,
                "t1": 71.49864184471755,
                "F": 2.9057181902335003
            },
            "weight": 0.14059476620486072
        },
        {
            "model_name": "Linear",
            "parameters": {
                "intercept": 136.83121640473735,
                "time_start": 57.426045176572856,
                "slope": -4.033222950550569,
                "time_length": 81.71263699786067
            },
            "weight": 0.3030544331072689
        }
    ]
}