{
    "core_models": [
        {
            "parameters": {
                "c": -1.177017416688677,
                "b": 3979.40428218518,
                "a": 872.7918936966435,
                "threshold": 5,
                "t1": 1
            },
            "model_name": "Alternating",
            "weight": 0.08373330601356406
        },
        {
            "parameters": {
                "F": 997.5259239368331,
                "t1": -57.25787584309268,
                "T": -15.870306273661006
            },
            "model_name": "ThermalTime",
            "weight": 0.0729424189236039
        },
        {
            "parameters": {
                "F": 140.63399378742042,
                "b": -18.5520044653828,
                "t1": -47.979631392609065,
                "c": -0.44353284939231963
            },
            "model_name": "Uniforc",
            "weight": 0.11477869943263516
        },
        {
            "parameters": {
                "spring_start": 10.025826089980239,
                "slope": -23.97680577724481,
                "spring_length": 35.73564619875193,
                "intercept": 89.47698688281193
            },
            "model_name": "Linear",
            "weight": 0.7285455756301974
        }
    ],
    "model_name": "WeightedEnsemble"
}