{
    "model_name": "Uniforc",
    "parameters": {
        "F": 85.85171725554663,
        "b": -16.793402771155712,
        "c": 13.000838912083369,
        "t1": -64.38497081394735
    }
}