{
    "model_name": "ThermalTime",
    "parameters": {
        "F": 945.398867477053,
        "T": -16.265090930036973,
        "t1": -53.02311474198611
    }
}