{
    "core_models": [
        {
            "weight": 0.19980300574311702,
            "parameters": {
                "threshold": 5,
                "c": -0.020264022919933566,
                "a": 137.30709966510045,
                "b": 1329.4820736662766,
                "t1": 1
            },
            "model_name": "Alternating"
        },
        {
            "weight": 0.40595949890190347,
            "parameters": {
                "T": -4.508221125452702,
                "t1": 69.89885075201269,
                "F": 377.75901700120414
            },
            "model_name": "ThermalTime"
        },
        {
            "weight": 0.23277833059187253,
            "parameters": {
                "b": -0.19113607830021628,
                "c": 13.240481262455162,
                "F": 13.961348611214163,
                "t1": 70.715709846646
            },
            "model_name": "Uniforc"
        },
        {
            "weight": 0.16145916476310668,
            "parameters": {
                "time_start": 57.43358366966656,
                "time_length": 60.20242514158423,
                "slope": -3.341859327819711,
                "intercept": 139.51341856412225
            },
            "model_name": "Linear"
        }
    ],
    "model_name": "WeightedEnsemble"
}