{
    "core_models": [
        {
            "model_name": "Alternating",
            "parameters": {
                "t1": 1,
                "threshold": 5,
                "a": -759.0053632367575,
                "c": -0.009396069741512303,
                "b": 2701.1786140651902
            },
            "weight": 0.10533726435623833
        },
        {
            "model_name": "ThermalTime",
            "parameters": {
                "t1": 128.9321991353811,
                "T": 10.11911080255588,
                "F": 0.937312898281732
            },
            "weight": 0.13853918051735278
        },
        {
            "model_name": "Uniforc",
            "parameters": {
                "t1": 45.02628709406309,
                "c": -6.489550452289072,
                "b": -14.371540742373067,
                "F": 77.88418548189654
            },
            "weight": 0.18792042129603545
        },
        {
            "model_name": "Linear",
            "parameters": {
                "intercept": 119.72282914512996,
                "spring_start": 49.36674066737742,
                "slope": -2.285122879137427,
                "spring_length": 1.2135223631458913
            },
            "weight": 0.5682031338303738
        }
    ],
    "model_name": "WeightedEnsemble"
}