{
    "core_models": [
        {
            "parameters": {
                "a": 999.7383064874499,
                "b": 162.36223249732575,
                "c": -0.018238771278750843,
                "threshold": 5,
                "t1": 1
            },
            "model_name": "Alternating",
            "weight": 0.14062985726230273
        },
        {
            "parameters": {
                "T": 10.321168881633975,
                "t1": 13.239025032103527,
                "F": 831.2222484294069
            },
            "model_name": "ThermalTime",
            "weight": 0.1373855494493231
        },
        {
            "parameters": {
                "t1": 4.384978896688594,
                "c": 12.84852512202126,
                "b": -18.262129372223384,
                "F": 44.758378211964924
            },
            "model_name": "Uniforc",
            "weight": 0.23860650867936367
        },
        {
            "parameters": {
                "time_start": 16.35309888214714,
                "intercept": 142.89808374599357,
                "slope": -4.577204554931839,
                "time_length": 1.3047825372628594
            },
            "model_name": "Linear",
            "weight": 0.48337808460901044
        }
    ],
    "model_name": "WeightedEnsemble"
}