{
    "core_models": [
        {
            "weight": 0.13507074668797328,
            "model_name": "Alternating",
            "parameters": {
                "c": -1.0403110610720834,
                "threshold": 5,
                "a": 994.0271307290591,
                "t1": 1,
                "b": 209.19389564990752
            }
        },
        {
            "weight": 0.23069954488490005,
            "model_name": "ThermalTime",
            "parameters": {
                "F": 53.276254181358354,
                "t1": 73.88439012472278,
                "T": 15.478335332971582
            }
        },
        {
            "weight": 0.32647461342804457,
            "model_name": "Uniforc",
            "parameters": {
                "c": 16.068092368887488,
                "b": -6.75804648988281,
                "t1": 70.6143608766296,
                "F": 2.6924477226147587
            }
        },
        {
            "weight": 0.30775509499908194,
            "model_name": "Linear",
            "parameters": {
                "intercept": 201.18635002734203,
                "time_length": 39.49452701386033,
                "time_start": 57.2989889514062,
                "slope": -7.724714450391554
            }
        }
    ],
    "model_name": "WeightedEnsemble"
}