{
    "model_name": "Alternating",
    "parameters": {
        "a": 480.1023279301382,
        "b": 4950.341050288529,
        "c": -0.2766206375937319,
        "t1": 1.0,
        "threshold": 5.0
    }
}