{
    "model_name": "ThermalTime",
    "parameters": {
        "F": 21.644621944287053,
        "T": 20.609934962974233,
        "t1": 64.34761755810696
    }
}