{
    "core_models": [
        {
            "weight": 0.3242506297545384,
            "parameters": {
                "time_length": 10.92179043429428,
                "time_start": 206.80667045461072,
                "intercept": -67.0,
                "slope": 13.228075069299084
            },
            "model_name": "Linear"
        },
        {
            "weight": 0.675749370245461,
            "parameters": {
                "F": 254.3116167469408,
                "T": 18.804430276199124,
                "t1": 186.1969754896379
            },
            "model_name": "FallCooling"
        }
    ],
    "model_name": "WeightedEnsemble"
}