{
    "core_models": [
        {
            "weight": 0.36071181364208454,
            "model_name": "Alternating",
            "parameters": {
                "c": -0.14824140366793426,
                "a": 765.5876481610176,
                "t1": 1,
                "b": 187.8402610970652,
                "threshold": 5
            }
        },
        {
            "weight": 0.2863597849431841,
            "model_name": "ThermalTime",
            "parameters": {
                "T": -8.861297848316335,
                "F": 708.4765823389097,
                "t1": 19.304092131235194
            }
        },
        {
            "weight": 0.12780328032894778,
            "model_name": "Uniforc",
            "parameters": {
                "c": 8.191501125731094,
                "F": 55.31712490651407,
                "t1": 12.679416573737242,
                "b": -17.265013376431924
            }
        },
        {
            "weight": 0.22512512108578359,
            "model_name": "Linear",
            "parameters": {
                "slope": -4.570883675234262,
                "time_length": 44.76709072564088,
                "time_start": 20.32360447026963,
                "intercept": 132.3908932413258
            }
        }
    ],
    "model_name": "WeightedEnsemble"
}