{
    "model_name": "WeightedEnsemble",
    "core_models": [
        {
            "model_name": "Alternating",
            "weight": 0.47439933998949707,
            "parameters": {
                "a": 509.3040511012752,
                "b": 4780.187914499396,
                "threshold": 5,
                "t1": 1,
                "c": -2.0656065540923962
            }
        },
        {
            "model_name": "ThermalTime",
            "weight": 0.07378016654476544,
            "parameters": {
                "t1": 9.350945695275115,
                "T": -15.52302503022258,
                "F": 453.41315160394595
            }
        },
        {
            "model_name": "Uniforc",
            "weight": 0.17309945975166852,
            "parameters": {
                "t1": 9.612415507027904,
                "b": -18.05164330494099,
                "F": 92.8217471979051,
                "c": -3.0768178365377317
            }
        },
        {
            "model_name": "Linear",
            "weight": 0.2787210337140689,
            "parameters": {
                "time_start": 13.00808859964308,
                "intercept": 113.0892842776159,
                "slope": -6.485805765443383,
                "time_length": 42.63607040566491
            }
        }
    ]
}