{
    "model_name": "WeightedEnsemble",
    "core_models": [
        {
            "weight": 0.14016007477874087,
            "model_name": "Alternating",
            "parameters": {
                "b": 2444.4781877055693,
                "t1": 1,
                "threshold": 5,
                "a": 424.6641728458307,
                "c": -0.15641624580398794
            }
        },
        {
            "weight": 0.21657606604568563,
            "model_name": "ThermalTime",
            "parameters": {
                "t1": 72.91223766501012,
                "F": 141.74816682042257,
                "T": 11.721444555756927
            }
        },
        {
            "weight": 0.2919429078622691,
            "model_name": "Uniforc",
            "parameters": {
                "t1": 76.5997404617977,
                "b": -19.55522861757814,
                "F": 1.4331871569742134,
                "c": 17.51270141818716
            }
        },
        {
            "weight": 0.3513209513133043,
            "model_name": "Linear",
            "parameters": {
                "spring_length": 19.958040341045475,
                "intercept": 99.79194972744934,
                "slope": -2.621217850522928,
                "spring_start": 5.737758689099008
            }
        }
    ]
}