{
    "model_name": "WeightedEnsemble",
    "core_models": [
        {
            "parameters": {
                "c": -0.01269970589313596,
                "b": 1317.3746147232305,
                "a": -64.18899052082405,
                "threshold": 5,
                "t1": 1
            },
            "model_name": "Alternating",
            "weight": 0.505803467208887
        },
        {
            "parameters": {
                "T": 0.4394488818972253,
                "F": 362.40602143125807,
                "t1": 77.50088458168142
            },
            "model_name": "ThermalTime",
            "weight": 0.29423789980210174
        },
        {
            "parameters": {
                "c": -3.875922075542232,
                "b": -0.13873715623006078,
                "F": 56.38156201709534,
                "t1": 44.88191124992039
            },
            "model_name": "Uniforc",
            "weight": 0.0970809938782644
        },
        {
            "parameters": {
                "time_start": 43.08134142234773,
                "slope": -1.840789093016363,
                "intercept": 125.25166926883198,
                "time_length": 53.70481852927001
            },
            "model_name": "Linear",
            "weight": 0.10287763911074638
        }
    ]
}