{
    "core_models": [
        {
            "parameters": {
                "c": -0.013174523882927947,
                "b": 536.3083233693233,
                "a": 65.5224680297417,
                "threshold": 5,
                "t1": 1
            },
            "model_name": "Alternating",
            "weight": 0.12371675292156414
        },
        {
            "parameters": {
                "F": 123.31576484045814,
                "t1": 29.61588362122862,
                "T": 11.088881926882138
            },
            "model_name": "ThermalTime",
            "weight": 0.3650345617118422
        },
        {
            "parameters": {
                "F": 8.621601361882654,
                "b": -6.616977744519026,
                "t1": 13.410476479791754,
                "c": 11.345423489236984
            },
            "model_name": "Uniforc",
            "weight": 0.2072471438619133
        },
        {
            "parameters": {
                "spring_start": 17.76539802461051,
                "slope": -2.5645122359440666,
                "spring_length": 15.707326058977323,
                "intercept": 94.08111002167135
            },
            "model_name": "Linear",
            "weight": 0.30400154150468045
        }
    ],
    "model_name": "WeightedEnsemble"
}