{
    "model_name": "WeightedEnsemble",
    "core_models": [
        {
            "weight": 0.5471218492747749,
            "model_name": "Alternating",
            "parameters": {
                "t1": 1,
                "threshold": 5,
                "c": -0.1868984587777205,
                "b": 4281.7114426330645,
                "a": 507.5751212969326
            }
        },
        {
            "weight": 0.21813840447573493,
            "model_name": "ThermalTime",
            "parameters": {
                "t1": 116.91050730828995,
                "T": 15.42344484203333,
                "F": 5.810808460915553
            }
        },
        {
            "weight": 0.09688963443634649,
            "model_name": "Uniforc",
            "parameters": {
                "t1": 11.576881136110188,
                "c": -10.46110238656222,
                "F": 113.57033741220005,
                "b": -18.094664639309023
            }
        },
        {
            "weight": 0.13785011181314302,
            "model_name": "Linear",
            "parameters": {
                "intercept": 21.81334936058234,
                "time_length": 107.4031228915691,
                "slope": 10.362443860561319,
                "time_start": 59.334248283358626
            }
        }
    ]
}