{
    "model_name": "WeightedEnsemble",
    "core_models": [
        {
            "parameters": {
                "threshold": 5,
                "a": 891.3371047224394,
                "t1": 1,
                "c": -0.0003845430586588705,
                "b": 478.40538474525397
            },
            "model_name": "Alternating",
            "weight": 0.08213309809267788
        },
        {
            "parameters": {
                "T": 19.71062449027613,
                "t1": 37.004719815822114,
                "F": 314.0732559240766
            },
            "model_name": "ThermalTime",
            "weight": 0.235858893974281
        },
        {
            "parameters": {
                "t1": 12.813449244440719,
                "F": 52.33385592469104,
                "b": -10.817906402655392,
                "c": 12.507575698559092
            },
            "model_name": "Uniforc",
            "weight": 0.17338467670838362
        },
        {
            "parameters": {
                "intercept": 253.09976502160288,
                "spring_start": 55.237402714963025,
                "slope": -10.237303266660389,
                "spring_length": 1.3194764179828624
            },
            "model_name": "Linear",
            "weight": 0.5086233312246575
        }
    ]
}