{
    "model_name": "Uniforc",
    "parameters": {
        "F": 29.473187774593114,
        "b": -18.67709075567775,
        "c": 12.835707449363243,
        "t1": 35.568465249393704
    }
}