{
    "core_models": [
        {
            "parameters": {
                "t1": 1,
                "b": 354.4909136345618,
                "a": 945.3641960841932,
                "c": -0.35675166792541235,
                "threshold": 5
            },
            "weight": 0.38318634386888817,
            "model_name": "Alternating"
        },
        {
            "parameters": {
                "t1": 10.848110929045546,
                "F": 980.0165488186396,
                "T": -12.009880169149062
            },
            "weight": 0.2011246272419641,
            "model_name": "ThermalTime"
        },
        {
            "parameters": {
                "t1": 2.542330348901743,
                "F": 66.58140064904367,
                "c": 8.830700661527901,
                "b": -19.945777112964052
            },
            "weight": 0.10269210036197592,
            "model_name": "Uniforc"
        },
        {
            "parameters": {
                "time_length": 1.3066685033453282,
                "intercept": 124.39324714307692,
                "time_start": 44.07874226356847,
                "slope": -3.471190053828766
            },
            "weight": 0.31299692852717176,
            "model_name": "Linear"
        }
    ],
    "model_name": "WeightedEnsemble"
}