{
    "model_name": "WeightedEnsemble",
    "core_models": [
        {
            "parameters": {
                "t1": 1,
                "threshold": 5,
                "b": 450.77031768071174,
                "a": 982.9554869345119,
                "c": -0.007540047998715771
            },
            "model_name": "Alternating",
            "weight": 0.23241790159240827
        },
        {
            "parameters": {
                "t1": 21.535188146030208,
                "F": 940.6753293205925,
                "T": 12.562287218389606
            },
            "model_name": "ThermalTime",
            "weight": 0.25475227184156757
        },
        {
            "parameters": {
                "t1": -37.69649439392347,
                "F": 115.89533281204368,
                "b": -11.455733856504061,
                "c": 7.578513377105023
            },
            "model_name": "Uniforc",
            "weight": 0.24080333412215865
        },
        {
            "parameters": {
                "time_length": 1.2967349292019463,
                "time_start": -23.763081256624467,
                "intercept": 175.35446984126168,
                "slope": -5.18237993680466
            },
            "model_name": "Linear",
            "weight": 0.2720264924438654
        }
    ]
}