{
    "core_models": [
        {
            "parameters": {
                "threshold": 5,
                "b": 353.94108688850383,
                "c": -0.0015892068249288016,
                "t1": 1,
                "a": 904.5936444757143
            },
            "weight": 0.2862808270992252,
            "model_name": "Alternating"
        },
        {
            "parameters": {
                "T": 12.155230053628625,
                "F": 935.1637472032369,
                "t1": 12.719188894955693
            },
            "weight": 0.3158044107154684,
            "model_name": "ThermalTime"
        },
        {
            "parameters": {
                "b": -8.605864678540074,
                "F": 68.55214815416504,
                "t1": -1.7070450872096359,
                "c": 8.400870400469795
            },
            "weight": 0.18836321342378692,
            "model_name": "Uniforc"
        },
        {
            "parameters": {
                "time_length": 7.055092951357878,
                "intercept": 195.4149903804083,
                "time_start": 42.463078763485754,
                "slope": -8.556077341974834
            },
            "weight": 0.20955154876151957,
            "model_name": "Linear"
        }
    ],
    "model_name": "WeightedEnsemble"
}