{
    "model_name": "WeightedEnsemble",
    "core_models": [
        {
            "model_name": "Alternating",
            "weight": 0.16097714223511264,
            "parameters": {
                "b": 4801.549633769966,
                "c": -0.07344651156636761,
                "a": 317.1949596045858,
                "threshold": 5,
                "t1": 1
            }
        },
        {
            "model_name": "ThermalTime",
            "weight": 0.08231541507622492,
            "parameters": {
                "T": 12.032700776802258,
                "F": 151.02216573872096,
                "t1": 50.656916927566456
            }
        },
        {
            "model_name": "Uniforc",
            "weight": 0.3063424296573317,
            "parameters": {
                "b": -18.882606847438048,
                "c": 1.4583176148872945,
                "F": 42.99427304127317,
                "t1": 36.42674171886746
            }
        },
        {
            "model_name": "Linear",
            "weight": 0.4503650130313307,
            "parameters": {
                "intercept": 100.40014112516182,
                "slope": -2.761909679756451,
                "spring_start": 15.947387476979081,
                "spring_length": 36.949955369857605
            }
        }
    ]
}