{
    "model_name": "Alternating",
    "parameters": {
        "a": -769.5664800394569,
        "b": 1739.3630957964954,
        "c": -0.004429345723834466,
        "t1": 1.0,
        "threshold": 5.0
    }
}