{
    "core_models": [
        {
            "weight": 0.33113896443601354,
            "parameters": {
                "c": -0.2523398545094899,
                "b": 1062.799384195432,
                "a": 137.3104326322707,
                "t1": 1,
                "threshold": 5
            },
            "model_name": "Alternating"
        },
        {
            "weight": 0.1901868659723493,
            "parameters": {
                "T": 12.71150806669803,
                "t1": 76.84174466922812,
                "F": 83.23664683089532
            },
            "model_name": "ThermalTime"
        },
        {
            "weight": 0.2250679774859109,
            "parameters": {
                "b": -8.845623773392381,
                "c": 10.491234417779982,
                "t1": 38.230839958871556,
                "F": 38.50032206069942
            },
            "model_name": "Uniforc"
        },
        {
            "weight": 0.2536061921057262,
            "parameters": {
                "time_start": 56.83858722580832,
                "slope": -3.7855222927952883,
                "time_length": 1.7400254946310483,
                "intercept": 134.12631789351053
            },
            "model_name": "Linear"
        }
    ],
    "model_name": "WeightedEnsemble"
}