{
    "core_models": [
        {
            "model_name": "Alternating",
            "weight": 0.2322567702279541,
            "parameters": {
                "threshold": 5,
                "c": -0.028256877360978372,
                "a": 294.5348328133397,
                "b": 690.5941057827595,
                "t1": 1
            }
        },
        {
            "model_name": "ThermalTime",
            "weight": 0.21218651448519188,
            "parameters": {
                "T": 12.075265875909125,
                "F": 645.0688085039046,
                "t1": 9.965014110674304
            }
        },
        {
            "model_name": "Uniforc",
            "weight": 0.2528234354701202,
            "parameters": {
                "c": 12.969385405219425,
                "b": -15.851025069357439,
                "F": 31.759628187179985,
                "t1": 14.73986402096918
            }
        },
        {
            "model_name": "Linear",
            "weight": 0.30273327981673387,
            "parameters": {
                "slope": -8.874586132184778,
                "time_start": 45.49598360507037,
                "intercept": 199.6873653129264,
                "time_length": 9.843558457511577
            }
        }
    ],
    "model_name": "WeightedEnsemble"
}