{
    "model_name": "WeightedEnsemble",
    "core_models": [
        {
            "model_name": "Alternating",
            "weight": 0.25149248528762436,
            "parameters": {
                "a": 978.6581537282934,
                "t1": 1,
                "b": 260.84149914501086,
                "threshold": 5,
                "c": -0.005041707308921506
            }
        },
        {
            "model_name": "ThermalTime",
            "weight": 0.32008523786431303,
            "parameters": {
                "t1": 55.187784539230805,
                "F": 415.21029638738554,
                "T": 12.439527325318462
            }
        },
        {
            "model_name": "Uniforc",
            "weight": 0.2761099676254416,
            "parameters": {
                "t1": 49.70156592074652,
                "b": -7.29924656301468,
                "F": 27.55628829866197,
                "c": 12.603852146377525
            }
        },
        {
            "model_name": "Linear",
            "weight": 0.15231230922262096,
            "parameters": {
                "intercept": 207.31842791115696,
                "time_start": 37.18708089366247,
                "slope": -7.792740903337893,
                "time_length": 60.53272970230606
            }
        }
    ]
}