{
    "core_models": [
        {
            "model_name": "Alternating",
            "weight": 0.327740048264064,
            "parameters": {
                "a": 753.2914772180819,
                "threshold": 5,
                "b": 215.94437988643267,
                "c": -0.1554397376734027,
                "t1": 1
            }
        },
        {
            "model_name": "ThermalTime",
            "weight": 0.16156839207533844,
            "parameters": {
                "t1": 36.12613989423862,
                "T": -0.6370291265111849,
                "F": 540.1985414401686
            }
        },
        {
            "model_name": "Uniforc",
            "weight": 0.18031968604153265,
            "parameters": {
                "t1": 25.588999477216163,
                "b": -12.519827015457974,
                "F": 45.46079315369863,
                "c": 8.277251575177969
            }
        },
        {
            "model_name": "Linear",
            "weight": 0.3303718736190647,
            "parameters": {
                "slope": -4.4738868353743335,
                "spring_start": 20.687308044659108,
                "spring_length": 43.73926649629753,
                "intercept": 131.32242607700067
            }
        }
    ],
    "model_name": "WeightedEnsemble"
}