{
    "core_models": [
        {
            "weight": 0.10116868806269196,
            "model_name": "Alternating",
            "parameters": {
                "c": -0.00043936351760809345,
                "b": 910.6963406977534,
                "t1": 1,
                "threshold": 5,
                "a": 913.7940033484002
            }
        },
        {
            "weight": 0.25217317307770576,
            "model_name": "ThermalTime",
            "parameters": {
                "F": 23.517546426866716,
                "T": 22.779041647915214,
                "t1": 184.4847496312375
            }
        },
        {
            "weight": 0.345031473721174,
            "model_name": "Uniforc",
            "parameters": {
                "F": 144.8422343162216,
                "b": -19.124367299695066,
                "t1": -66.33732737194785,
                "c": 4.584562515270263
            }
        },
        {
            "weight": 0.3016266651384283,
            "model_name": "Linear",
            "parameters": {
                "slope": -20.690241025554094,
                "time_length": 18.195434192986305,
                "intercept": 247.66816743179692,
                "time_start": 36.13976037478761
            }
        }
    ],
    "model_name": "WeightedEnsemble"
}