{
    "core_models": [
        {
            "weight": 0.2409664688538299,
            "parameters": {
                "b": 3323.5120477368955,
                "c": -0.011910145806059536,
                "t1": 1,
                "threshold": 5,
                "a": -602.7035310347386
            },
            "model_name": "Alternating"
        },
        {
            "weight": 0.2661117288602038,
            "parameters": {
                "T": 20.60689967028239,
                "t1": -62.33638647649104,
                "F": 21.766257583121444
            },
            "model_name": "ThermalTime"
        },
        {
            "weight": 0.22807641832341258,
            "parameters": {
                "b": -19.971880043597633,
                "F": 185.57480508368968,
                "c": -22.917687758371976,
                "t1": -49.29206205321401
            },
            "model_name": "Uniforc"
        },
        {
            "weight": 0.26484538396255375,
            "parameters": {
                "intercept": 191.77546652478298,
                "slope": 6.2376121967713445,
                "time_length": 1.849058446734361,
                "time_start": 13.69362298303606
            },
            "model_name": "Linear"
        }
    ],
    "model_name": "WeightedEnsemble"
}