{
    "core_models": [
        {
            "model_name": "Alternating",
            "parameters": {
                "t1": 1,
                "c": -0.2912213465984168,
                "a": 903.383753251999,
                "threshold": 5,
                "b": 76.91177950713882
            },
            "weight": 0.24988813133195087
        },
        {
            "model_name": "ThermalTime",
            "parameters": {
                "t1": 47.454712782988096,
                "F": 260.5799656246692,
                "T": 12.559378721489207
            },
            "weight": 0.2178874349063446
        },
        {
            "model_name": "Uniforc",
            "parameters": {
                "t1": 47.564962406990674,
                "F": 17.896077872231785,
                "c": 12.588304212578727,
                "b": -17.787043685133483
            },
            "weight": 0.2663898320415934
        },
        {
            "model_name": "Linear",
            "parameters": {
                "slope": -5.295068016884532,
                "time_start": 52.002238838987736,
                "intercept": 148.22092745771803,
                "time_length": 15.12453735210974
            },
            "weight": 0.2658346017201111
        }
    ],
    "model_name": "WeightedEnsemble"
}