{
    "model_name": "WeightedEnsemble",
    "core_models": [
        {
            "model_name": "Alternating",
            "weight": 0.08754444911262396,
            "parameters": {
                "a": 879.0477004251567,
                "c": -0.7474430300829804,
                "threshold": 5,
                "b": 96.13735540146763,
                "t1": 1
            }
        },
        {
            "model_name": "ThermalTime",
            "weight": 0.19269240608690325,
            "parameters": {
                "t1": -31.51812077191994,
                "T": 13.004453988737685,
                "F": 978.160158979171
            }
        },
        {
            "model_name": "Uniforc",
            "weight": 0.34273447604255985,
            "parameters": {
                "c": 13.021391592370257,
                "t1": -66.99882429504791,
                "b": -17.544782481476684,
                "F": 87.59456009696524
            }
        },
        {
            "model_name": "Linear",
            "weight": 0.3770286687579131,
            "parameters": {
                "intercept": 263.8363148040204,
                "spring_length": 18.88786517422797,
                "spring_start": -25.078378884792002,
                "slope": -14.62761688989049
            }
        }
    ]
}