{
    "model_name": "ThermalTime",
    "parameters": {
        "F": 119.29189531821804,
        "T": 11.05985384554834,
        "t1": 78.86171548678927
    }
}