{
    "core_models": [
        {
            "parameters": {
                "a": 318.51102178121613,
                "b": 3911.4001141977583,
                "t1": 1,
                "threshold": 5,
                "c": -0.05778278596151809
            },
            "model_name": "Alternating",
            "weight": 0.1890265998822879
        },
        {
            "parameters": {
                "t1": 68.31372920751201,
                "F": 325.19148277956276,
                "T": -8.19282649607112
            },
            "model_name": "ThermalTime",
            "weight": 0.23790099607989973
        },
        {
            "parameters": {
                "b": -7.44367192877726,
                "t1": 80.93763304797025,
                "c": 13.236644290713674,
                "F": 7.00077789071284
            },
            "model_name": "Uniforc",
            "weight": 0.34690405378821043
        },
        {
            "parameters": {
                "intercept": 130.9364567068577,
                "time_start": 58.84150006996065,
                "slope": -3.2659100778510686,
                "time_length": 50.45466211912973
            },
            "model_name": "Linear",
            "weight": 0.22616835024960225
        }
    ],
    "model_name": "WeightedEnsemble"
}