{
    "model_name": "WeightedEnsemble",
    "core_models": [
        {
            "model_name": "Alternating",
            "weight": 0.15838549782328307,
            "parameters": {
                "c": -0.033326974462996706,
                "t1": 1,
                "threshold": 5,
                "a": 179.4794236888333,
                "b": 1457.7068672317096
            }
        },
        {
            "model_name": "ThermalTime",
            "weight": 0.49017764513426654,
            "parameters": {
                "t1": 76.2808377657039,
                "T": -8.264673701037353,
                "F": 206.9868229929507
            }
        },
        {
            "model_name": "Uniforc",
            "weight": 0.13446386279057282,
            "parameters": {
                "c": 3.5840958753450503,
                "t1": 57.42904054539821,
                "F": 30.694651347754487,
                "b": -13.15102749276308
            }
        },
        {
            "model_name": "Linear",
            "weight": 0.21697299425187758,
            "parameters": {
                "time_length": 66.33284612295996,
                "time_start": 53.99440664785899,
                "slope": -2.707438163478466,
                "intercept": 125.40751940416091
            }
        }
    ]
}