{
    "core_models": [
        {
            "parameters": {
                "c": -1.006975358028524,
                "threshold": 5,
                "t1": 1,
                "b": 339.16524857610057,
                "a": 637.5517362836563
            },
            "weight": 0.14910104925619552,
            "model_name": "Alternating"
        },
        {
            "parameters": {
                "t1": 39.07067368672756,
                "F": 411.66178512271483,
                "T": 10.753952383413395
            },
            "weight": 0.1060805852704921,
            "model_name": "ThermalTime"
        },
        {
            "parameters": {
                "c": 12.266058195241325,
                "t1": 37.29044588518062,
                "b": -16.63875119122602,
                "F": 19.243201177774523
            },
            "weight": 0.315776628320954,
            "model_name": "Uniforc"
        },
        {
            "parameters": {
                "slope": -3.314480428446965,
                "time_length": 1.0937216250589685,
                "time_start": 39.03838313465228,
                "intercept": 119.07360906821852
            },
            "weight": 0.4290417371523582,
            "model_name": "Linear"
        }
    ],
    "model_name": "WeightedEnsemble"
}