{
    "model_name": "Alternating",
    "parameters": {
        "a": 316.33713681435347,
        "b": 4463.665774894356,
        "c": -0.0808731221752188,
        "t1": 1.0,
        "threshold": 5.0
    }
}