{
    "model_name": "Uniforc",
    "parameters": {
        "F": 144.79939925507037,
        "b": -18.040982318111674,
        "c": -2.246784999268969,
        "t1": -37.3159788124342
    }
}