{
    "model_name": "Uniforc",
    "parameters": {
        "F": 41.86982156109522,
        "b": -17.019515632367867,
        "c": 6.329498217637452,
        "t1": 36.28116165759892
    }
}