{
    "model_name": "ThermalTime",
    "parameters": {
        "F": 99.96567029092644,
        "T": 11.258906481030156,
        "t1": 50.20777190031322
    }
}