{
    "model_name": "WeightedEnsemble",
    "core_models": [
        {
            "model_name": "Alternating",
            "parameters": {
                "b": 426.4304398836048,
                "threshold": 5,
                "c": -4.315436934003679,
                "a": 634.9878890139587,
                "t1": 1
            },
            "weight": 0.18720810732221815
        },
        {
            "model_name": "ThermalTime",
            "parameters": {
                "T": 9.364064025555107,
                "F": 430.65371173999057,
                "t1": 38.57003801118685
            },
            "weight": 0.08035563992803085
        },
        {
            "model_name": "Uniforc",
            "parameters": {
                "b": -19.40288795701322,
                "F": 21.14884663504813,
                "c": 12.704590465359743,
                "t1": 37.51483778621794
            },
            "weight": 0.32816023190110255
        },
        {
            "model_name": "Linear",
            "parameters": {
                "slope": -2.318352006004847,
                "spring_start": 38.45328653159602,
                "intercept": 105.69286704574766,
                "spring_length": 1.1562474853224387
            },
            "weight": 0.4042760208486486
        }
    ]
}