{
    "core_models": [
        {
            "parameters": {
                "t1": 1,
                "a": 622.4829817484404,
                "c": -0.011501541841011154,
                "threshold": 5,
                "b": 208.24833557387456
            },
            "model_name": "Alternating",
            "weight": 0.1276180924668158
        },
        {
            "parameters": {
                "t1": 4.967960038695239,
                "F": 537.6368088752404,
                "T": 13.136190040809032
            },
            "model_name": "ThermalTime",
            "weight": 0.36647162138011574
        },
        {
            "parameters": {
                "t1": 9.346858858688634,
                "F": 30.175514741700226,
                "c": 13.084716572097644,
                "b": -19.606609760182188
            },
            "model_name": "Uniforc",
            "weight": 0.3213870748908281
        },
        {
            "parameters": {
                "spring_length": 74.4609061517255,
                "spring_start": 4.913186586593316,
                "intercept": 194.93702768377392,
                "slope": -8.980314605565646
            },
            "model_name": "Linear",
            "weight": 0.18452321126224053
        }
    ],
    "model_name": "WeightedEnsemble"
}