{
    "model_name": "WeightedEnsemble",
    "core_models": [
        {
            "model_name": "Alternating",
            "weight": 0.3437149049497269,
            "parameters": {
                "a": 329.9474203054809,
                "t1": 1,
                "b": 1254.12696787808,
                "c": -0.07615053776862046,
                "threshold": 5
            }
        },
        {
            "model_name": "ThermalTime",
            "weight": 0.17829727322712074,
            "parameters": {
                "t1": 50.10645209954271,
                "F": 190.03776892829256,
                "T": 10.357326230203896
            }
        },
        {
            "model_name": "Uniforc",
            "weight": 0.18238856594416372,
            "parameters": {
                "t1": 52.36437212673141,
                "b": -17.4197851694802,
                "F": 13.8363573668273,
                "c": 10.334272771552355
            }
        },
        {
            "model_name": "Linear",
            "weight": 0.29559925587898844,
            "parameters": {
                "time_start": 40.69467070526056,
                "slope": -3.2794371365445545,
                "intercept": 122.74499101250422,
                "time_length": 66.62612576221011
            }
        }
    ]
}