{
    "model_name": "WeightedEnsemble",
    "core_models": [
        {
            "model_name": "Alternating",
            "parameters": {
                "c": -3.3502519967631232,
                "t1": 1,
                "a": 700.576256226709,
                "b": 162.81272192345068,
                "threshold": 5
            },
            "weight": 0.15617760110890938
        },
        {
            "model_name": "ThermalTime",
            "parameters": {
                "t1": 29.927625244463755,
                "F": 100.85874342898273,
                "T": 14.401333173327291
            },
            "weight": 0.27513160916642737
        },
        {
            "model_name": "Uniforc",
            "parameters": {
                "t1": 29.8470330808925,
                "c": 14.326162397353837,
                "F": 6.7095664363581164,
                "b": -15.560986093507935
            },
            "weight": 0.2333622289951743
        },
        {
            "model_name": "Linear",
            "parameters": {
                "time_start": 47.78326638764877,
                "time_length": 1.961563819625944,
                "intercept": 216.17161436639773,
                "slope": -11.889438898499309
            },
            "weight": 0.33532856072948874
        }
    ]
}