{
    "model_name": "WeightedEnsemble",
    "core_models": [
        {
            "model_name": "Alternating",
            "weight": 0.23844297388537378,
            "parameters": {
                "threshold": 5,
                "a": 930.5131164179254,
                "c": -0.004403631519424245,
                "t1": 1,
                "b": 269.75147824674013
            }
        },
        {
            "model_name": "ThermalTime",
            "weight": 0.36735012098664016,
            "parameters": {
                "T": 18.051404553604023,
                "F": 925.8814217308657,
                "t1": -24.88670630310341
            }
        },
        {
            "model_name": "Uniforc",
            "weight": 0.2142889471223429,
            "parameters": {
                "c": 18.036229635387514,
                "F": 51.48263559543671,
                "t1": -33.68336011961384,
                "b": -19.228830102322902
            }
        },
        {
            "model_name": "Linear",
            "weight": 0.17991795800564336,
            "parameters": {
                "time_length": 8.16855870210032,
                "time_start": 9.218314846026546,
                "intercept": 161.38361803146478,
                "slope": -5.6001508892872
            }
        }
    ]
}