{
    "core_models": [
        {
            "parameters": {
                "time_start": 296.44864944125754,
                "time_length": 29.75763204387632,
                "intercept": 297.9999999993478,
                "slope": -6.84160584659074
            },
            "model_name": "Linear",
            "weight": 0.6005225281039354
        },
        {
            "parameters": {
                "F": 47.20773947516682,
                "t1": 245.94211526870893,
                "T": 24.426085542183174
            },
            "model_name": "FallCooling",
            "weight": 0.39947747189606436
        }
    ],
    "model_name": "WeightedEnsemble"
}