{
    "core_models": [
        {
            "weight": 0.12075171831089238,
            "parameters": {
                "c": -0.00831056888936832,
                "threshold": 5,
                "t1": 1,
                "a": -480.5054000616149,
                "b": 1625.8682025213766
            },
            "model_name": "Alternating"
        },
        {
            "weight": 0.1975452358002061,
            "parameters": {
                "T": 10.583677587122441,
                "F": 162.33108301264633,
                "t1": 78.14095555062829
            },
            "model_name": "ThermalTime"
        },
        {
            "weight": 0.24683447513181067,
            "parameters": {
                "c": 10.625923616768851,
                "F": 11.823738635912989,
                "t1": 79.3888212358411,
                "b": -17.17047920921928
            },
            "model_name": "Uniforc"
        },
        {
            "weight": 0.43486857075709084,
            "parameters": {
                "intercept": 105.62872181391273,
                "slope": -1.8734009977774793,
                "time_length": 8.824285260064997,
                "time_start": 17.07150107046563
            },
            "model_name": "Linear"
        }
    ],
    "model_name": "WeightedEnsemble"
}