{
    "model_name": "WeightedEnsemble",
    "core_models": [
        {
            "model_name": "Alternating",
            "parameters": {
                "t1": 1,
                "a": 429.0080191449319,
                "b": 1930.1627832635259,
                "threshold": 5,
                "c": -0.1462244291236594
            },
            "weight": 0.4270797056436633
        },
        {
            "model_name": "ThermalTime",
            "parameters": {
                "t1": 78.38593318747222,
                "F": 20.08977898762413,
                "T": 17.727856926162428
            },
            "weight": 0.21583115057213584
        },
        {
            "model_name": "Uniforc",
            "parameters": {
                "t1": 77.04093570370816,
                "b": -13.951389671573548,
                "F": 1.175968232330007,
                "c": 17.61057418023132
            },
            "weight": 0.16232104593210794
        },
        {
            "model_name": "Linear",
            "parameters": {
                "slope": -2.6927231979804565,
                "intercept": 100.87972155680474,
                "time_start": 5.547193567341102,
                "time_length": 21.376816905450355
            },
            "weight": 0.19476809785209276
        }
    ]
}