{
    "model_name": "ThermalTime",
    "parameters": {
        "F": 892.5586027871411,
        "T": 11.155157844465668,
        "t1": 35.290762462131696
    }
}