{
    "core_models": [
        {
            "model_name": "Alternating",
            "parameters": {
                "t1": 1,
                "threshold": 5,
                "a": 998.2820418249426,
                "c": -1.994512288270075,
                "b": 2972.261058527843
            },
            "weight": 0.1542908520526638
        },
        {
            "model_name": "ThermalTime",
            "parameters": {
                "t1": -58.16850458883604,
                "T": -13.030466834007665,
                "F": 955.0727382662647
            },
            "weight": 0.16744922877538415
        },
        {
            "model_name": "Uniforc",
            "parameters": {
                "t1": -37.27173290450776,
                "c": -2.269082999710037,
                "b": -18.558635701331344,
                "F": 144.86777216098645
            },
            "weight": 0.12205104367757758
        },
        {
            "model_name": "Linear",
            "parameters": {
                "intercept": 165.3540743739922,
                "spring_start": 55.332351565028084,
                "slope": -11.192595903258345,
                "spring_length": 22.532483398192014
            },
            "weight": 0.5562088754943746
        }
    ],
    "model_name": "WeightedEnsemble"
}