{
    "model_name": "Uniforc",
    "parameters": {
        "F": 160.96310137474015,
        "b": -19.515045204078945,
        "c": -3.0749136716455845,
        "t1": -63.94437765971954
    }
}