{
    "model_name": "Uniforc",
    "parameters": {
        "F": 74.65519735934419,
        "b": -4.960419285731628,
        "c": -4.156397425415603,
        "t1": 42.07101909080952
    }
}