{
    "model_name": "WeightedEnsemble",
    "core_models": [
        {
            "weight": 0.19303441853260392,
            "parameters": {
                "a": 303.4991645538121,
                "threshold": 5,
                "c": -0.07373871140830257,
                "b": 4943.651405442919,
                "t1": 1
            },
            "model_name": "Alternating"
        },
        {
            "weight": 0.25144565763050636,
            "parameters": {
                "F": 342.54649613330025,
                "t1": 37.06800403841778,
                "T": -2.201150481642175
            },
            "model_name": "ThermalTime"
        },
        {
            "weight": 0.18244739635564444,
            "parameters": {
                "F": 41.24409802664234,
                "c": 1.655407891951588,
                "t1": 37.631172287202006,
                "b": -17.92203026106782
            },
            "model_name": "Uniforc"
        },
        {
            "weight": 0.3730725274812455,
            "parameters": {
                "time_start": 16.527613759010087,
                "time_length": 36.85043901872827,
                "intercept": 100.38434516190499,
                "slope": -2.7544156091702825
            },
            "model_name": "Linear"
        }
    ]
}