{
    "model_name": "Uniforc",
    "parameters": {
        "F": 31.372923368538178,
        "b": -18.116095914469934,
        "c": 13.056743326444595,
        "t1": 4.690644581348877
    }
}