{
    "model_name": "WeightedEnsemble",
    "core_models": [
        {
            "parameters": {
                "t1": 1,
                "c": -1.969881280710228,
                "a": 763.4809614942624,
                "b": 33.10708147622654,
                "threshold": 5
            },
            "weight": 0.17848758398761952,
            "model_name": "Alternating"
        },
        {
            "parameters": {
                "t1": 39.522943915582516,
                "T": 14.45794663158228,
                "F": 100.59044637412688
            },
            "weight": 0.24042965417227374,
            "model_name": "ThermalTime"
        },
        {
            "parameters": {
                "t1": 39.568314447619656,
                "F": 6.796452598534842,
                "b": -18.705852254888164,
                "c": 14.380953356955551
            },
            "weight": 0.07658677833061908,
            "model_name": "Uniforc"
        },
        {
            "parameters": {
                "intercept": 229.4498759930971,
                "slope": -15.858848612834672,
                "time_start": 57.597900332904935,
                "time_length": 1.058257675732598
            },
            "weight": 0.5044959835094873,
            "model_name": "Linear"
        }
    ]
}