{
    "model_name": "WeightedEnsemble",
    "core_models": [
        {
            "model_name": "Alternating",
            "weight": 0.4146709500874882,
            "parameters": {
                "t1": 1,
                "a": 701.0023430548449,
                "b": 1106.1122323780937,
                "c": -4.967025566146486,
                "threshold": 5
            }
        },
        {
            "model_name": "ThermalTime",
            "weight": 0.08292432342850786,
            "parameters": {
                "t1": 19.143989919796624,
                "F": 69.45264316133961,
                "T": 16.05259002380977
            }
        },
        {
            "model_name": "Uniforc",
            "weight": 0.07201976897714388,
            "parameters": {
                "t1": 20.644454731630958,
                "F": 3.510153647675253,
                "b": -18.239440626979366,
                "c": 16.137183952780077
            }
        },
        {
            "model_name": "Linear",
            "weight": 0.4303849575068601,
            "parameters": {
                "spring_length": 2.1622872130570343,
                "intercept": 273.5560318065735,
                "slope": -15.615304067656954,
                "spring_start": 46.78111694179378
            }
        }
    ]
}