{
    "model_name": "Alternating",
    "parameters": {
        "a": 996.1910066347168,
        "b": 301.85711054797594,
        "c": -1.9048365152167064,
        "t1": 1.0,
        "threshold": 5.0
    }
}