{
    "model_name": "WeightedEnsemble",
    "core_models": [
        {
            "weight": 0.1833581352315183,
            "model_name": "Alternating",
            "parameters": {
                "c": -0.006303703949939621,
                "a": -370.08233162523743,
                "threshold": 5,
                "b": 1355.9582724327204,
                "t1": 1
            }
        },
        {
            "weight": 0.22766770979948042,
            "model_name": "ThermalTime",
            "parameters": {
                "T": 12.511115209451473,
                "F": 151.55040758194315,
                "t1": 77.87003138739973
            }
        },
        {
            "weight": 0.3148186462423899,
            "model_name": "Uniforc",
            "parameters": {
                "F": 9.433145502385969,
                "t1": 77.4577972313386,
                "b": -19.30040294366092,
                "c": 12.550826890779042
            }
        },
        {
            "weight": 0.2741555087266112,
            "model_name": "Linear",
            "parameters": {
                "intercept": 109.01110521587235,
                "slope": -2.5840590354542723,
                "time_start": 38.87477456059065,
                "time_length": 9.638384859686113
            }
        }
    ]
}