{
    "model_name": "WeightedEnsemble",
    "core_models": [
        {
            "model_name": "Alternating",
            "weight": 0.26634296675292346,
            "parameters": {
                "a": 995.8207270052766,
                "c": -1.3642536799731642,
                "threshold": 5,
                "b": 302.37330326354413,
                "t1": 1
            }
        },
        {
            "model_name": "ThermalTime",
            "weight": 0.07573959360716949,
            "parameters": {
                "t1": 9.640916411050796,
                "T": -11.344613711692428,
                "F": 997.728958531111
            }
        },
        {
            "model_name": "Uniforc",
            "weight": 0.10436238035262432,
            "parameters": {
                "c": 8.879576216620999,
                "t1": 1.5606625314479743,
                "b": -18.087628840122647,
                "F": 67.34025034830748
            }
        },
        {
            "model_name": "Linear",
            "weight": 0.5535550592872829,
            "parameters": {
                "intercept": 131.72982858933426,
                "spring_length": 2.0199877778856887,
                "spring_start": 43.105214894775386,
                "slope": -4.400961137804696
            }
        }
    ]
}