{
    "core_models": [
        {
            "parameters": {
                "a": 270.02742841924766,
                "b": 2810.482393967473,
                "threshold": 5,
                "c": -0.05800928466047406,
                "t1": 1
            },
            "weight": 0.3872733075928451,
            "model_name": "Alternating"
        },
        {
            "parameters": {
                "t1": 73.58589465037973,
                "F": 210.71780503845918,
                "T": 5.7362687880311904
            },
            "weight": 0.3333809744846475,
            "model_name": "ThermalTime"
        },
        {
            "parameters": {
                "b": -14.938596707329598,
                "c": -2.901742888318859,
                "t1": 11.256716620525097,
                "F": 75.35229631551671
            },
            "weight": 0.10137835877169392,
            "model_name": "Uniforc"
        },
        {
            "parameters": {
                "time_start": 9.654627815920525,
                "slope": -3.7885583156162834,
                "time_length": 97.25028962997185,
                "intercept": 116.43243594866217
            },
            "weight": 0.17796735915081327,
            "model_name": "Linear"
        }
    ],
    "model_name": "WeightedEnsemble"
}