{
    "model_name": "Uniforc",
    "parameters": {
        "F": 21.03390491114817,
        "b": -2.547536399089536,
        "c": 12.454020385300367,
        "t1": 37.90643990499362
    }
}