{
    "core_models": [
        {
            "parameters": {
                "b": 628.3627744724754,
                "threshold": 5,
                "c": -0.020450912863361204,
                "t1": 1,
                "a": 114.81778620163618
            },
            "model_name": "Alternating",
            "weight": 0.16128188911406668
        },
        {
            "parameters": {
                "F": 123.33199861573524,
                "t1": 30.28590391707536,
                "T": 11.081599008027371
            },
            "model_name": "ThermalTime",
            "weight": 0.3702436237061646
        },
        {
            "parameters": {
                "b": -12.250791270869986,
                "F": 8.231517197838244,
                "t1": 48.46011172637613,
                "c": 11.01162518534281
            },
            "model_name": "Uniforc",
            "weight": 0.19141094774469847
        },
        {
            "parameters": {
                "time_length": 119.61421885169841,
                "intercept": 119.09518165024251,
                "slope": -3.6066939385122216,
                "time_start": 19.891736004461492
            },
            "model_name": "Linear",
            "weight": 0.27706353943507017
        }
    ],
    "model_name": "WeightedEnsemble"
}