{
    "core_models": [
        {
            "parameters": {
                "t1": 1,
                "a": 959.770720575523,
                "b": 824.3353782746376,
                "c": -0.00018015143075356121,
                "threshold": 5
            },
            "model_name": "Alternating",
            "weight": 0.07692307692307696
        },
        {
            "parameters": {
                "t1": 184.5327157890311,
                "F": 23.552347431999294,
                "T": 22.89249177613445
            },
            "model_name": "ThermalTime",
            "weight": 0.07692307692307696
        },
        {
            "parameters": {
                "t1": -66.1032375710162,
                "c": 4.613899249106201,
                "b": -19.61889938597447,
                "F": 145.4935843013642
            },
            "model_name": "Uniforc",
            "weight": 0.07692307692307696
        },
        {
            "parameters": {
                "spring_start": -24.478944317618847,
                "intercept": 227.45749737009237,
                "slope": -11.96745645978946,
                "spring_length": 1.6421249073654423
            },
            "model_name": "Linear",
            "weight": 0.7692307692307698
        }
    ],
    "model_name": "WeightedEnsemble"
}