{
    "core_models": [
        {
            "weight": 0.060863515624514905,
            "parameters": {
                "b": 17.18783733864575,
                "c": -2.900454696935719,
                "a": 854.3140496433786,
                "threshold": 5,
                "t1": 1
            },
            "model_name": "Alternating"
        },
        {
            "weight": 0.2806123331775362,
            "parameters": {
                "t1": -64.27941977607847,
                "T": 20.590655979208744,
                "F": 21.728992874656853
            },
            "model_name": "ThermalTime"
        },
        {
            "weight": 0.2270447815603316,
            "parameters": {
                "t1": -61.49297089479725,
                "c": 20.443260774825777,
                "F": 1.804470745228997,
                "b": -9.07221422636157
            },
            "model_name": "Uniforc"
        },
        {
            "weight": 0.43147936963761746,
            "parameters": {
                "slope": 6.945473294174731,
                "spring_length": 1.923266632287742,
                "spring_start": 12.305845822535812,
                "intercept": 195.75744077212644
            },
            "model_name": "Linear"
        }
    ],
    "model_name": "WeightedEnsemble"
}