{
    "core_models": [
        {
            "parameters": {
                "a": 405.1675433890203,
                "c": -0.056091679166004216,
                "t1": 1,
                "b": 3163.391817769826,
                "threshold": 5
            },
            "weight": 0.31263415363592023,
            "model_name": "Alternating"
        },
        {
            "parameters": {
                "F": 148.51015431475946,
                "t1": 73.20194422150556,
                "T": 13.96771490975312
            },
            "weight": 0.31859621339855415,
            "model_name": "ThermalTime"
        },
        {
            "parameters": {
                "F": 10.672661608247154,
                "c": 13.084240475443366,
                "t1": 71.11503732862761,
                "b": -5.7127482398372775
            },
            "weight": 0.2596612708134808,
            "model_name": "Uniforc"
        },
        {
            "parameters": {
                "slope": -3.4964936957522053,
                "intercept": 117.81030821654639,
                "time_length": 1.3275422051633043,
                "time_start": 23.9644323407743
            },
            "weight": 0.10910836215204472,
            "model_name": "Linear"
        }
    ],
    "model_name": "WeightedEnsemble"
}