{
    "model_name": "WeightedEnsemble",
    "core_models": [
        {
            "weight": 0.3044091569277361,
            "model_name": "Alternating",
            "parameters": {
                "threshold": 5,
                "c": -0.21736159509193653,
                "b": 4671.07544193806,
                "t1": 1,
                "a": 479.96258503519806
            }
        },
        {
            "weight": 0.06355555086561479,
            "model_name": "ThermalTime",
            "parameters": {
                "t1": 119.59823463317272,
                "F": 15.226275069264318,
                "T": 15.212879388122252
            }
        },
        {
            "weight": 0.3350452436736757,
            "model_name": "Uniforc",
            "parameters": {
                "t1": 6.991040421731199,
                "F": 99.12923390198416,
                "b": -17.061911196157546,
                "c": -0.8377972909447917
            }
        },
        {
            "weight": 0.2969900485329734,
            "model_name": "Linear",
            "parameters": {
                "intercept": -26.704769945240397,
                "slope": 13.158922059875513,
                "spring_length": 119.60007554536867,
                "spring_start": 59.55246793809227
            }
        }
    ]
}