{
    "core_models": [
        {
            "parameters": {
                "intercept": 271.4146925498048,
                "slope": 1.8129692379865998,
                "time_start": 274.7073670340798,
                "time_length": 89.64964066122917
            },
            "weight": 0.6667801236169327,
            "model_name": "Linear"
        },
        {
            "parameters": {
                "F": 21.15046230445148,
                "t1": 267.96900390927203,
                "T": 12.097959725508472
            },
            "weight": 0.3332198763830668,
            "model_name": "FallCooling"
        }
    ],
    "model_name": "WeightedEnsemble"
}