{
    "core_models": [
        {
            "weight": 0.15571894740911096,
            "model_name": "Alternating",
            "parameters": {
                "b": 1819.5180573526682,
                "c": -0.037340020402378826,
                "a": 264.40743992785156,
                "t1": 1,
                "threshold": 5
            }
        },
        {
            "weight": 0.39974217538455226,
            "model_name": "ThermalTime",
            "parameters": {
                "F": 296.97119588287535,
                "t1": 69.50155354752982,
                "T": -23.379749368954748
            }
        },
        {
            "weight": 0.24152273833313842,
            "model_name": "Uniforc",
            "parameters": {
                "b": -17.308103429392965,
                "F": 27.82376277689464,
                "t1": 68.63095203493958,
                "c": 5.76257175636642
            }
        },
        {
            "weight": 0.20301613887319814,
            "model_name": "Linear",
            "parameters": {
                "time_start": 59.572620699093555,
                "slope": -5.026643593318524,
                "time_length": 101.63256742559955,
                "intercept": 166.9726000244476
            }
        }
    ],
    "model_name": "WeightedEnsemble"
}