{
    "core_models": [
        {
            "parameters": {
                "a": -660.449823469822,
                "c": -0.007143325579777038,
                "threshold": 5,
                "b": 1887.256978665197,
                "t1": 1
            },
            "weight": 0.16197763323124126,
            "model_name": "Alternating"
        },
        {
            "parameters": {
                "t1": 85.84917112713092,
                "T": 0.569721755224456,
                "F": 282.7464111006859
            },
            "weight": 0.2320259362574005,
            "model_name": "ThermalTime"
        },
        {
            "parameters": {
                "t1": 94.51895107898224,
                "c": 11.799360136714409,
                "b": -1.9579609146141728,
                "F": 6.990613379553579
            },
            "weight": 0.2025709210482768,
            "model_name": "Uniforc"
        },
        {
            "parameters": {
                "time_start": 17.325236276606635,
                "intercept": 112.9320817594137,
                "time_length": 1.7946400442651225,
                "slope": -1.7976736236323225
            },
            "weight": 0.40342550946308153,
            "model_name": "Linear"
        }
    ],
    "model_name": "WeightedEnsemble"
}