{
    "model_name": "ThermalTime",
    "parameters": {
        "F": 23.624262747947398,
        "T": 22.88754193651098,
        "t1": 183.3613761050861
    }
}