{
    "core_models": [
        {
            "parameters": {
                "c": -0.0082610204543494,
                "a": -462.9086348182575,
                "b": 1704.0775198253837,
                "t1": 1,
                "threshold": 5
            },
            "weight": 0.5443449677336322,
            "model_name": "Alternating"
        },
        {
            "parameters": {
                "T": -0.46278852078305566,
                "F": 357.12823970106257,
                "t1": 78.54116095743879
            },
            "weight": 0.15515781657328453,
            "model_name": "ThermalTime"
        },
        {
            "parameters": {
                "b": -0.09954528613419278,
                "c": 1.3598458983059114,
                "t1": 75.30246117074941,
                "F": 30.055956263449744
            },
            "weight": 0.13268713907950277,
            "model_name": "Uniforc"
        },
        {
            "parameters": {
                "time_start": 6.486721406524412,
                "slope": -0.953378749603196,
                "intercept": 119.73219667402167,
                "time_length": 5.381973857841636
            },
            "weight": 0.16781007661357997,
            "model_name": "Linear"
        }
    ],
    "model_name": "WeightedEnsemble"
}