{
    "model_name": "WeightedEnsemble",
    "core_models": [
        {
            "weight": 0.1961995110483588,
            "model_name": "Alternating",
            "parameters": {
                "a": -410.28812301703186,
                "c": -0.0056238131121122414,
                "b": 1357.327259880078,
                "threshold": 5,
                "t1": 1
            }
        },
        {
            "weight": 0.15427347962085924,
            "model_name": "ThermalTime",
            "parameters": {
                "T": 12.446963501817077,
                "F": 167.34314233188218,
                "t1": 75.81277952178384
            }
        },
        {
            "weight": 0.23903798075854063,
            "model_name": "Uniforc",
            "parameters": {
                "c": 12.690201583838235,
                "b": -7.019571497635009,
                "F": 9.777884257494563,
                "t1": 76.13659651652998
            }
        },
        {
            "weight": 0.4104890285722413,
            "model_name": "Linear",
            "parameters": {
                "intercept": 109.43834128887704,
                "slope": -2.6380761429893953,
                "spring_length": 11.109146279332236,
                "spring_start": 34.467759505138794
            }
        }
    ]
}