{
    "model_name": "WeightedEnsemble",
    "core_models": [
        {
            "model_name": "Alternating",
            "parameters": {
                "t1": 1,
                "b": 244.47372339001458,
                "threshold": 5,
                "c": -4.589788317385857,
                "a": 972.0760392898118
            },
            "weight": 0.10209599542172716
        },
        {
            "model_name": "ThermalTime",
            "parameters": {
                "T": 11.971774139094588,
                "t1": 35.3427631860542,
                "F": 596.3736599262882
            },
            "weight": 0.16691585728043892
        },
        {
            "model_name": "Uniforc",
            "parameters": {
                "t1": 36.88799869704421,
                "b": -17.652350375621793,
                "c": 12.86827097468819,
                "F": 29.047302043758492
            },
            "weight": 0.3961381925344265
        },
        {
            "model_name": "Linear",
            "parameters": {
                "slope": -4.852113689774741,
                "spring_length": 14.170666164977256,
                "intercept": 158.43496538143364,
                "spring_start": 33.10801151261674
            },
            "weight": 0.3348499547634075
        }
    ]
}