{
    "core_models": [
        {
            "parameters": {
                "time_start": 278.45671247403834,
                "time_length": 11.524866760274072,
                "intercept": 217.80602359024405,
                "slope": 4.8042201182118385
            },
            "weight": 0.3937295303381418,
            "model_name": "Linear"
        },
        {
            "parameters": {
                "T": 12.094209920418225,
                "t1": 277.3694727378503,
                "F": 21.163407340328604
            },
            "weight": 0.606270469661858,
            "model_name": "FallCooling"
        }
    ],
    "model_name": "WeightedEnsemble"
}