{
    "model_name": "Alternating",
    "parameters": {
        "a": 457.5201437426844,
        "b": 4496.196211965285,
        "c": -0.2364523028356693,
        "t1": 1.0,
        "threshold": 5.0
    }
}