{
    "core_models": [
        {
            "model_name": "Alternating",
            "parameters": {
                "c": -0.001179593430752135,
                "a": 950.233522606813,
                "t1": 1,
                "b": 422.4015631678658,
                "threshold": 5
            },
            "weight": 0.10565174826875032
        },
        {
            "model_name": "ThermalTime",
            "parameters": {
                "T": 12.86671555017222,
                "F": 811.4303777398022,
                "t1": 32.72957784648659
            },
            "weight": 0.20013126597075465
        },
        {
            "model_name": "Uniforc",
            "parameters": {
                "F": 129.6837000298011,
                "t1": -53.8863427513902,
                "b": -18.704440484726245,
                "c": 7.693205887360599
            },
            "weight": 0.16340850408346297
        },
        {
            "model_name": "Linear",
            "parameters": {
                "intercept": 175.3544252003427,
                "slope": -5.182350415200408,
                "spring_length": 1.7827454642028258,
                "spring_start": -24.84888194970314
            },
            "weight": 0.5308084816770323
        }
    ],
    "model_name": "WeightedEnsemble"
}