{
    "core_models": [
        {
            "parameters": {
                "b": 1448.2128540845213,
                "t1": 1,
                "c": -0.005100276162557815,
                "a": -489.3420886705966,
                "threshold": 5
            },
            "weight": 0.3483676029625828,
            "model_name": "Alternating"
        },
        {
            "parameters": {
                "t1": 77.72058898640921,
                "F": 201.70533914510025,
                "T": 11.544595781580913
            },
            "weight": 0.29982013872926117,
            "model_name": "ThermalTime"
        },
        {
            "parameters": {
                "b": -17.24129656653256,
                "t1": 75.01204349709195,
                "c": 13.247783661661883,
                "F": 9.002128280252535
            },
            "weight": 0.15674077980208997,
            "model_name": "Uniforc"
        },
        {
            "parameters": {
                "intercept": 135.10311585855362,
                "slope": -2.8468256702800083,
                "time_start": 57.454995939815056,
                "time_length": 47.799575990322836
            },
            "weight": 0.19507147850606596,
            "model_name": "Linear"
        }
    ],
    "model_name": "WeightedEnsemble"
}