{
    "core_models": [
        {
            "model_name": "Linear",
            "parameters": {
                "slope": -2.355291916849824,
                "intercept": 285.11018002331974,
                "time_start": 298.12386237918025,
                "time_length": 10.250807288722974
            },
            "weight": 0.5560059876349936
        },
        {
            "model_name": "FallCooling",
            "parameters": {
                "t1": 252.9133404555037,
                "T": 24.164564033392992,
                "F": 209.8284226228095
            },
            "weight": 0.44399401236500635
        }
    ],
    "model_name": "WeightedEnsemble"
}