{
    "model_name": "WeightedEnsemble",
    "core_models": [
        {
            "parameters": {
                "a": 451.9363238893155,
                "t1": 1,
                "b": 4993.20843731505,
                "threshold": 5,
                "c": -0.297580960467668
            },
            "model_name": "Alternating",
            "weight": 0.3423105252340795
        },
        {
            "parameters": {
                "t1": 120.85641684281606,
                "T": 15.233373389710964,
                "F": 6.700809369255239
            },
            "model_name": "ThermalTime",
            "weight": 0.07973434444062094
        },
        {
            "parameters": {
                "t1": 7.141766720765759,
                "F": 99.10322201054001,
                "b": -18.878596364619455,
                "c": -0.8420596945307057
            },
            "model_name": "Uniforc",
            "weight": 0.3136264405060444
        },
        {
            "parameters": {
                "time_length": 88.71046020681422,
                "slope": 12.615082264401476,
                "time_start": 59.18858871507013,
                "intercept": 17.818692222874862
            },
            "model_name": "Linear",
            "weight": 0.2643286898192553
        }
    ]
}