{
    "model_name": "ThermalTime",
    "parameters": {
        "F": 64.453183611898,
        "T": 16.111361092238052,
        "t1": 21.62886143088653
    }
}