{
    "core_models": [
        {
            "weight": 0.24678266530657708,
            "model_name": "Alternating",
            "parameters": {
                "a": 142.63501533723934,
                "b": 1151.7520229547065,
                "threshold": 5,
                "c": -0.026883865494953252,
                "t1": 1
            }
        },
        {
            "weight": 0.2682688062420128,
            "model_name": "ThermalTime",
            "parameters": {
                "t1": 55.53197698975811,
                "T": -1.8550365585602608,
                "F": 296.50682034376064
            }
        },
        {
            "weight": 0.1718592310128192,
            "model_name": "Uniforc",
            "parameters": {
                "b": -0.2566892016333373,
                "c": 6.155738435993441,
                "t1": 53.67602454429413,
                "F": 23.944516048761272
            }
        },
        {
            "weight": 0.3130892974385909,
            "model_name": "Linear",
            "parameters": {
                "time_length": 67.12001272409363,
                "time_start": 54.84922529918718,
                "slope": -3.1284722159875358,
                "intercept": 126.85266582856026
            }
        }
    ],
    "model_name": "WeightedEnsemble"
}