{
    "core_models": [
        {
            "model_name": "Alternating",
            "parameters": {
                "c": -0.00851099280298051,
                "a": -400.29864158467655,
                "t1": 1,
                "b": 1445.131154405091,
                "threshold": 5
            },
            "weight": 0.14335445701402685
        },
        {
            "model_name": "ThermalTime",
            "parameters": {
                "T": 3.959223628169417,
                "F": 231.22538422309452,
                "t1": 79.52099773314612
            },
            "weight": 0.16164354542681833
        },
        {
            "model_name": "Uniforc",
            "parameters": {
                "F": 0.8798522752060052,
                "t1": 83.50951772804667,
                "b": -3.0083218459138035,
                "c": 16.540543673615858
            },
            "weight": 0.33043846745053956
        },
        {
            "model_name": "Linear",
            "parameters": {
                "intercept": 105.53805757784147,
                "slope": -2.000203999362292,
                "spring_length": 9.070378251615963,
                "spring_start": 14.793799832532429
            },
            "weight": 0.3645635301086153
        }
    ],
    "model_name": "WeightedEnsemble"
}