{
    "core_models": [
        {
            "weight": 0.08283810605230932,
            "model_name": "Alternating",
            "parameters": {
                "t1": 1,
                "threshold": 5,
                "a": 661.8079387495102,
                "c": -4.725363994137615,
                "b": 250.18406490097004
            }
        },
        {
            "weight": 0.1103730710872743,
            "model_name": "ThermalTime",
            "parameters": {
                "t1": -5.71810467887498,
                "T": -16.103963769079638,
                "F": 526.0433673348391
            }
        },
        {
            "weight": 0.31714584551531333,
            "model_name": "Uniforc",
            "parameters": {
                "t1": -45.330943231034354,
                "c": -3.058660588780948,
                "F": 142.87823148909752,
                "b": -19.8386123834549
            }
        },
        {
            "weight": 0.48964297734510315,
            "model_name": "Linear",
            "parameters": {
                "intercept": 157.5933676031791,
                "spring_start": 9.470497137840857,
                "slope": -12.777084807141113,
                "spring_length": 96.05104473795907
            }
        }
    ],
    "model_name": "WeightedEnsemble"
}