{
    "model_name": "Alternating",
    "parameters": {
        "a": 917.5031189635516,
        "b": 450.8497087568103,
        "c": -6.7278151130167885e-06,
        "t1": 1.0,
        "threshold": 5.0
    }
}