{
    "core_models": [
        {
            "parameters": {
                "b": 56.53049049333458,
                "threshold": 5,
                "c": -0.1436775539015689,
                "t1": 1,
                "a": 845.6560410162821
            },
            "weight": 0.22775107777561351,
            "model_name": "Alternating"
        },
        {
            "parameters": {
                "F": 296.6790866601741,
                "t1": 34.67802615163441,
                "T": 14.002263793885412
            },
            "weight": 0.3495005346622447,
            "model_name": "ThermalTime"
        },
        {
            "parameters": {
                "b": -18.244783325367294,
                "c": 14.223716258596786,
                "t1": 39.90983192096404,
                "F": 14.403662056856732
            },
            "weight": 0.1958918434197909,
            "model_name": "Uniforc"
        },
        {
            "parameters": {
                "slope": -7.240869273219222,
                "time_start": 47.80110635933435,
                "intercept": 166.54408980605018,
                "time_length": 4.8050943507164305
            },
            "weight": 0.22685654414235074,
            "model_name": "Linear"
        }
    ],
    "model_name": "WeightedEnsemble"
}