{
    "model_name": "WeightedEnsemble",
    "core_models": [
        {
            "model_name": "Alternating",
            "weight": 0.0745386952909291,
            "parameters": {
                "a": 752.3714393628695,
                "c": -0.046069299869104796,
                "t1": 1,
                "threshold": 5,
                "b": 368.36410919330774
            }
        },
        {
            "model_name": "ThermalTime",
            "weight": 0.3009043192350488,
            "parameters": {
                "T": 12.91643606275185,
                "t1": 14.20060770386496,
                "F": 644.517966895778
            }
        },
        {
            "model_name": "Uniforc",
            "weight": 0.4640681691766872,
            "parameters": {
                "c": 13.033576317131711,
                "t1": 14.234376478211956,
                "F": 39.46305485231474,
                "b": -19.558850527649987
            }
        },
        {
            "model_name": "Linear",
            "weight": 0.16048881629733458,
            "parameters": {
                "time_length": 2.0485044095929297,
                "intercept": 152.76087539762457,
                "slope": -4.4765732210504865,
                "time_start": 44.07167264724815
            }
        }
    ]
}