{
    "model_name": "WeightedEnsemble",
    "core_models": [
        {
            "weight": 0.3817647175831761,
            "model_name": "Alternating",
            "parameters": {
                "a": 946.0426115238186,
                "b": 307.38909109196857,
                "c": -0.0003036955715924883,
                "threshold": 5,
                "t1": 1
            }
        },
        {
            "weight": 0.2722662339407312,
            "model_name": "ThermalTime",
            "parameters": {
                "T": 23.189814130667358,
                "t1": 3.55326596613304,
                "F": 31.0552924265387
            }
        },
        {
            "weight": 0.20699119486443848,
            "model_name": "Uniforc",
            "parameters": {
                "t1": 3.2909443982487545,
                "b": -18.362235977900156,
                "c": 23.23767705279546,
                "F": 1.2858849937166212
            }
        },
        {
            "weight": 0.13897785361165424,
            "model_name": "Linear",
            "parameters": {
                "slope": -6.6360424345335485,
                "intercept": 173.49868994595394,
                "time_length": 1.0909906896195167,
                "time_start": 43.547399380925455
            }
        }
    ]
}