{
    "model_name": "WeightedEnsemble",
    "core_models": [
        {
            "model_name": "Alternating",
            "parameters": {
                "a": 957.2766220597622,
                "c": -0.00021878796581020765,
                "t1": 1,
                "threshold": 5,
                "b": 565.9019509389339
            },
            "weight": 0.2771302236783931
        },
        {
            "model_name": "ThermalTime",
            "parameters": {
                "T": 17.55864418367435,
                "F": 997.1283940925316,
                "t1": -8.883727014052738
            },
            "weight": 0.24882508026583294
        },
        {
            "model_name": "Uniforc",
            "parameters": {
                "F": 149.51781663561465,
                "t1": -65.06606435315624,
                "c": 7.702519365864003,
                "b": -17.820936076810696
            },
            "weight": 0.1664623808154864
        },
        {
            "model_name": "Linear",
            "parameters": {
                "time_start": -2.887052474382898,
                "intercept": 222.5982165493714,
                "time_length": 1.3643765108413959,
                "slope": -7.452765721460186
            },
            "weight": 0.30758231524028756
        }
    ]
}