{
    "model_name": "ThermalTime",
    "parameters": {
        "F": 622.9191878407241,
        "T": 9.511424519668935,
        "t1": 83.55392887452093
    }
}