{
    "model_name": "WeightedEnsemble",
    "core_models": [
        {
            "parameters": {
                "b": 504.7274355873899,
                "a": 980.0239936016605,
                "t1": 1,
                "threshold": 5,
                "c": -4.573260588097978
            },
            "model_name": "Alternating",
            "weight": 0.09341135988800421
        },
        {
            "parameters": {
                "F": 429.1823591381014,
                "t1": 55.6478998549407,
                "T": 9.027897541928986
            },
            "model_name": "ThermalTime",
            "weight": 0.17529744482780502
        },
        {
            "parameters": {
                "F": 8.267753304250846,
                "c": 11.455524349883273,
                "t1": 94.4931499979347,
                "b": -17.829459483045788
            },
            "model_name": "Uniforc",
            "weight": 0.08642504047685394
        },
        {
            "parameters": {
                "intercept": 73.42923276982334,
                "time_length": 4.144369149877839,
                "slope": 7.052747355296255,
                "time_start": -24.863149548749774
            },
            "model_name": "Linear",
            "weight": 0.644866154807336
        }
    ]
}