{
    "core_models": [
        {
            "parameters": {
                "a": 956.2134215355544,
                "threshold": 5,
                "t1": 1,
                "c": -4.010890259111578,
                "b": 525.9197774839968
            },
            "weight": 0.08625734621952014,
            "model_name": "Alternating"
        },
        {
            "parameters": {
                "t1": 53.70467548374592,
                "T": 9.671168050794082,
                "F": 294.6955759490028
            },
            "weight": 0.11291130287208588,
            "model_name": "ThermalTime"
        },
        {
            "parameters": {
                "b": -19.34473747551352,
                "t1": 53.82594716018431,
                "c": 9.642029847400146,
                "F": 25.423122209333982
            },
            "weight": 0.17384305408677606,
            "model_name": "Uniforc"
        },
        {
            "parameters": {
                "time_start": -24.586502859507625,
                "time_length": 3.8964852731554984,
                "slope": 7.171023912071201,
                "intercept": 73.01094557014444
            },
            "weight": 0.6269882968216176,
            "model_name": "Linear"
        }
    ],
    "model_name": "WeightedEnsemble"
}