{
    "model_name": "WeightedEnsemble",
    "core_models": [
        {
            "model_name": "Alternating",
            "weight": 0.07894811834059837,
            "parameters": {
                "t1": 1,
                "a": -929.6803989911658,
                "threshold": 5,
                "b": 2752.1601403851973,
                "c": -0.007772180526532946
            }
        },
        {
            "model_name": "ThermalTime",
            "weight": 0.10164754658594896,
            "parameters": {
                "t1": 86.18545477970774,
                "T": 8.809584326508817,
                "F": 760.3373464966747
            }
        },
        {
            "model_name": "Uniforc",
            "weight": 0.2672360977538017,
            "parameters": {
                "t1": 85.32904937388167,
                "F": 62.030150598889676,
                "b": -18.474837259197294,
                "c": 8.950270700960916
            }
        },
        {
            "model_name": "Linear",
            "weight": 0.5521682373196506,
            "parameters": {
                "time_start": 13.099158376805132,
                "slope": 7.7767946687832605,
                "intercept": 90.74269104129023,
                "time_length": 1.2911897248176132
            }
        }
    ]
}