{
    "core_models": [
        {
            "model_name": "Alternating",
            "parameters": {
                "c": -0.024917687462277627,
                "b": 783.4929489753929,
                "a": 899.1917392352755,
                "threshold": 5,
                "t1": 1
            },
            "weight": 0.07320954297718456
        },
        {
            "model_name": "ThermalTime",
            "parameters": {
                "T": 9.538415294708036,
                "F": 622.9500591548077,
                "t1": 85.78314098712983
            },
            "weight": 0.14060148344399404
        },
        {
            "model_name": "Uniforc",
            "parameters": {
                "b": -18.301782071170663,
                "c": 9.584570811630321,
                "F": 49.427241404580435,
                "t1": 84.15974482196131
            },
            "weight": 0.3542479272808092
        },
        {
            "model_name": "Linear",
            "parameters": {
                "slope": 5.9172853783195976,
                "time_start": 13.393678465982994,
                "time_length": 1.5249745795019933,
                "intercept": 105.05070919945959
            },
            "weight": 0.4319410462980119
        }
    ],
    "model_name": "WeightedEnsemble"
}