{
    "model_name": "ThermalTime",
    "parameters": {
        "F": 308.640220274713,
        "T": 9.678486841533074,
        "t1": 51.79095650442022
    }
}