{
    "core_models": [
        {
            "parameters": {
                "slope": -7.698707710046499,
                "time_length": 10.152094873148151,
                "time_start": 276.4028374039576,
                "intercept": 233.48578337286978
            },
            "weight": 0.8688897075717149,
            "model_name": "Linear"
        },
        {
            "parameters": {
                "t1": 182.31273274179838,
                "F": 8.425849169819344,
                "T": 24.95410998304452
            },
            "weight": 0.13111029242828426,
            "model_name": "FallCooling"
        }
    ],
    "model_name": "WeightedEnsemble"
}