{
    "core_models": [
        {
            "model_name": "Alternating",
            "parameters": {
                "c": -0.007164543441213755,
                "b": 2532.94521828867,
                "a": -805.6642355840783,
                "threshold": 5,
                "t1": 1
            },
            "weight": 0.07669275360914522
        },
        {
            "model_name": "ThermalTime",
            "parameters": {
                "T": 9.61366599159038,
                "F": 621.3872272356393,
                "t1": 83.91553317116943
            },
            "weight": 0.1091696994687474
        },
        {
            "model_name": "Uniforc",
            "parameters": {
                "c": 9.582658690292456,
                "b": -19.468260347856855,
                "F": 49.486177477674985,
                "t1": 83.92583361821663
            },
            "weight": 0.2758018313986133
        },
        {
            "model_name": "Linear",
            "parameters": {
                "spring_length": 2.068557872180534,
                "slope": 5.021007386167536,
                "intercept": 116.93532923213036,
                "spring_start": 11.913700187396403
            },
            "weight": 0.5383357155234941
        }
    ],
    "model_name": "WeightedEnsemble"
}