{
    "core_models": [
        {
            "model_name": "Alternating",
            "weight": 0.08126661544682462,
            "parameters": {
                "b": 518.955965093222,
                "a": 958.7250208257026,
                "c": -4.582595619841751,
                "t1": 1,
                "threshold": 5
            }
        },
        {
            "model_name": "ThermalTime",
            "weight": 0.08010516792069754,
            "parameters": {
                "F": 417.65797889479023,
                "t1": 53.3897058350601,
                "T": 9.020479343166897
            }
        },
        {
            "model_name": "Uniforc",
            "weight": 0.15769685224772756,
            "parameters": {
                "F": 25.348683274830222,
                "t1": 52.345554660813065,
                "c": 9.648375025008459,
                "b": -19.890307225040104
            }
        },
        {
            "model_name": "Linear",
            "weight": 0.6809313643847507,
            "parameters": {
                "spring_length": 4.118385937216679,
                "spring_start": -25.163816880066605,
                "slope": 7.171142132232433,
                "intercept": 73.01031941984047
            }
        }
    ],
    "model_name": "WeightedEnsemble"
}