{
    "core_models": [
        {
            "parameters": {
                "threshold": 5,
                "c": -4.0018833473584,
                "b": 2171.3733570832774,
                "a": 830.4133450708406,
                "t1": 1
            },
            "weight": 0.12320878865037194,
            "model_name": "Alternating"
        },
        {
            "parameters": {
                "F": 725.2660710348746,
                "T": 7.435542314658411,
                "t1": 33.38002683748515
            },
            "weight": 0.4144994919028057,
            "model_name": "ThermalTime"
        },
        {
            "parameters": {
                "F": 55.95715990676046,
                "c": 7.796423669606545,
                "b": -8.209066225232027,
                "t1": 31.99722236585002
            },
            "weight": 0.15376695127719225,
            "model_name": "Uniforc"
        },
        {
            "parameters": {
                "intercept": 140.35015749296068,
                "time_start": 26.522550544205888,
                "slope": -4.542483451657317,
                "time_length": 1.7318271541956918
            },
            "weight": 0.30852476816963015,
            "model_name": "Linear"
        }
    ],
    "model_name": "WeightedEnsemble"
}