{
    "model_name": "WeightedEnsemble",
    "core_models": [
        {
            "parameters": {
                "a": 183.48143943120942,
                "c": -0.026572481257642888,
                "b": 833.6819378621849,
                "t1": 1,
                "threshold": 5
            },
            "model_name": "Alternating",
            "weight": 0.43616045419484306
        },
        {
            "parameters": {
                "T": 0.6197610189029534,
                "t1": 63.94801420897403,
                "F": 278.79628389555376
            },
            "model_name": "ThermalTime",
            "weight": 0.17999778673063396
        },
        {
            "parameters": {
                "F": 9.95566059325732,
                "c": 9.421234999436845,
                "b": -19.048436122314502,
                "t1": 78.75087799042832
            },
            "model_name": "Uniforc",
            "weight": 0.16129969190723412
        },
        {
            "parameters": {
                "slope": -3.7619909972476133,
                "time_start": 30.453343231378255,
                "intercept": 131.44774514538065,
                "time_length": 116.31749939792812
            },
            "model_name": "Linear",
            "weight": 0.22254206716728855
        }
    ]
}