{
    "model_name": "ThermalTime",
    "parameters": {
        "F": 759.0690780374198,
        "T": 7.364465794274539,
        "t1": 30.54406927617633
    }
}