{
    "core_models": [
        {
            "parameters": {
                "intercept": 104.4633220189526,
                "slope": 8.073674096043295,
                "time_start": 272.33732080659723,
                "time_length": 10.376647655818381
            },
            "weight": 0.4117316058487991,
            "model_name": "Linear"
        },
        {
            "parameters": {
                "t1": 213.35170897368397,
                "F": 22.552155528581693,
                "T": 23.022973376429018
            },
            "weight": 0.5882683941512011,
            "model_name": "FallCooling"
        }
    ],
    "model_name": "WeightedEnsemble"
}