{
    "core_models": [
        {
            "model_name": "Linear",
            "parameters": {
                "slope": 15.248275601091432,
                "time_start": 243.5250528011775,
                "time_length": 13.851015508261398,
                "intercept": -66.99999999999997
            },
            "weight": 0.43462370754527846
        },
        {
            "model_name": "FallCooling",
            "parameters": {
                "t1": 235.8385856691188,
                "T": 19.820984396805418,
                "F": 38.84143418838801
            },
            "weight": 0.5653762924547217
        }
    ],
    "model_name": "WeightedEnsemble"
}