{
    "model_name": "WeightedEnsemble",
    "core_models": [
        {
            "parameters": {
                "threshold": 5,
                "a": 850.7037768599022,
                "t1": 1,
                "c": -3.090641668722829,
                "b": 3959.6767194227887
            },
            "model_name": "Alternating",
            "weight": 0.1547246125007363
        },
        {
            "parameters": {
                "T": 7.559411402232979,
                "t1": 32.724381722029506,
                "F": 751.5636500911704
            },
            "model_name": "ThermalTime",
            "weight": 0.20295643017305665
        },
        {
            "parameters": {
                "t1": 30.62721757916313,
                "F": 54.93389937407357,
                "b": -5.978724391493313,
                "c": 7.818988529044713
            },
            "model_name": "Uniforc",
            "weight": 0.12406634628232027
        },
        {
            "parameters": {
                "intercept": 173.41557533335467,
                "spring_start": 59.15131968978274,
                "slope": -5.282540839531269,
                "spring_length": 35.12921656333404
            },
            "model_name": "Linear",
            "weight": 0.518252611043887
        }
    ]
}