{
    "core_models": [
        {
            "weight": 0.1825801487418545,
            "parameters": {
                "c": -0.016174302687729458,
                "t1": 1,
                "a": 26.83805089804747,
                "b": 903.8810949117787,
                "threshold": 5
            },
            "model_name": "Alternating"
        },
        {
            "weight": 0.23840118124754323,
            "parameters": {
                "F": 112.97707515936474,
                "t1": 80.39704375236803,
                "T": 9.547839412988301
            },
            "model_name": "ThermalTime"
        },
        {
            "weight": 0.2691433666200802,
            "parameters": {
                "F": 7.989136413441059,
                "c": 10.301986639177796,
                "t1": 79.3695619374235,
                "b": -17.1147759843907
            },
            "model_name": "Uniforc"
        },
        {
            "weight": 0.3098753033905222,
            "parameters": {
                "slope": -3.81563767737719,
                "time_length": 78.16095993299001,
                "intercept": 140.31758929698987,
                "time_start": 59.94324037717014
            },
            "model_name": "Linear"
        }
    ],
    "model_name": "WeightedEnsemble"
}