{
    "model_name": "ThermalTime",
    "parameters": {
        "F": 118.89697827753858,
        "T": 9.542496487244312,
        "t1": 79.69686361354783
    }
}