{
    "model_name": "WeightedEnsemble",
    "core_models": [
        {
            "model_name": "Alternating",
            "weight": 0.1454780223732997,
            "parameters": {
                "c": -1.0639746277975148,
                "t1": 1,
                "a": 851.6052247132322,
                "threshold": 5,
                "b": 3654.666100318149
            }
        },
        {
            "model_name": "ThermalTime",
            "weight": 0.529957672234216,
            "parameters": {
                "F": 755.4376132112416,
                "t1": 36.171679163270255,
                "T": 7.372683271699926
            }
        },
        {
            "model_name": "Uniforc",
            "weight": 0.19496657061505793,
            "parameters": {
                "F": 55.383162406368506,
                "t1": 33.156696309438274,
                "b": -16.535313131261894,
                "c": 7.5561230810599955
            }
        },
        {
            "model_name": "Linear",
            "weight": 0.12959773477742548,
            "parameters": {
                "time_length": 38.460338300127646,
                "slope": -4.67589699451221,
                "time_start": 59.0989709563047,
                "intercept": 167.10784487709276
            }
        }
    ]
}