{
    "model_name": "WeightedEnsemble",
    "core_models": [
        {
            "model_name": "Alternating",
            "parameters": {
                "b": 860.1905380052494,
                "t1": 1,
                "a": 62.42480336424849,
                "threshold": 5,
                "c": -0.015967570171707912
            },
            "weight": 0.07900031342941291
        },
        {
            "model_name": "ThermalTime",
            "parameters": {
                "t1": 79.01932857254818,
                "T": 9.54562218167952,
                "F": 118.896472759929
            },
            "weight": 0.3479770492282117
        },
        {
            "model_name": "Uniforc",
            "parameters": {
                "b": -16.258836557814597,
                "t1": 79.77744163060729,
                "c": 9.43976285328888,
                "F": 9.836950461003141
            },
            "weight": 0.4046404994806682
        },
        {
            "model_name": "Linear",
            "parameters": {
                "intercept": 142.19806835475563,
                "spring_start": 59.19105869855897,
                "spring_length": 86.17695586897082,
                "slope": -3.6648611401700406
            },
            "weight": 0.16838213786170722
        }
    ]
}