{
    "core_models": [
        {
            "weight": 0.14923959593510824,
            "model_name": "Alternating",
            "parameters": {
                "a": 255.28885604995222,
                "c": -0.8890228076534656,
                "threshold": 5,
                "t1": 1,
                "b": 2117.9213636247496
            }
        },
        {
            "weight": 0.0860252964061484,
            "model_name": "ThermalTime",
            "parameters": {
                "F": 6.455030750054846,
                "T": 19.68147077430042,
                "t1": 27.05259347112394
            }
        },
        {
            "weight": 0.08715630591345862,
            "model_name": "Uniforc",
            "parameters": {
                "F": 0.13261072863637935,
                "b": -18.74241167293924,
                "c": 19.918490216805928,
                "t1": 41.086964461547396
            }
        },
        {
            "weight": 0.6775788017452851,
            "model_name": "Linear",
            "parameters": {
                "slope": -16.052881859677612,
                "spring_start": -28.267270951796853,
                "spring_length": 2.2678792639418006,
                "intercept": 289.74534155500265
            }
        }
    ],
    "model_name": "WeightedEnsemble"
}