{
    "model_name": "Alternating",
    "parameters": {
        "a": 719.4691626863379,
        "b": 2509.794136959027,
        "c": -0.043321334449948345,
        "t1": 1.0,
        "threshold": 5.0
    }
}