{
    "model_name": "WeightedEnsemble",
    "core_models": [
        {
            "model_name": "Alternating",
            "parameters": {
                "b": 749.0802545815448,
                "threshold": 5,
                "c": -3.2534357183272524,
                "a": 427.2507305926616,
                "t1": 1
            },
            "weight": 0.12107155642224307
        },
        {
            "model_name": "ThermalTime",
            "parameters": {
                "T": 14.701822379317314,
                "F": 99.99258777007435,
                "t1": 27.02638658270422
            },
            "weight": 0.2094135034812031
        },
        {
            "model_name": "Uniforc",
            "parameters": {
                "b": -19.424220655099255,
                "F": 6.727675739512122,
                "c": 14.729018451662812,
                "t1": 27.814075713264756
            },
            "weight": 0.18604311268415696
        },
        {
            "model_name": "Linear",
            "parameters": {
                "slope": -20.842478579454056,
                "spring_start": -25.589560490673634,
                "intercept": 268.5676721210121,
                "spring_length": 11.253344218059183
            },
            "weight": 0.48347182741239714
        }
    ]
}