{
    "model_name": "Alternating",
    "parameters": {
        "a": 436.0314938812433,
        "b": 740.3011497420322,
        "c": -3.510175674171784,
        "t1": 1.0,
        "threshold": 5.0
    }
}