{
    "core_models": [
        {
            "weight": 0.10247329373065403,
            "parameters": {
                "t1": 1,
                "b": 1139.6882443990341,
                "a": -108.48639918363223,
                "threshold": 5,
                "c": -0.016454823835405197
            },
            "model_name": "Alternating"
        },
        {
            "weight": 0.2172659846984419,
            "parameters": {
                "t1": 80.95611186769065,
                "F": 83.32257226470767,
                "T": 6.87649815721203
            },
            "model_name": "ThermalTime"
        },
        {
            "weight": 0.4735166482446333,
            "parameters": {
                "t1": 78.2749552646052,
                "F": 7.935688996703675,
                "b": -14.856643088033724,
                "c": 7.366098121614195
            },
            "model_name": "Uniforc"
        },
        {
            "weight": 0.20674407332627037,
            "parameters": {
                "intercept": 99.93541968788841,
                "time_length": 1.1580714059123096,
                "time_start": 40.156687609948754,
                "slope": -1.764530463375194
            },
            "model_name": "Linear"
        }
    ],
    "model_name": "WeightedEnsemble"
}