{
    "model_name": "WeightedEnsemble",
    "core_models": [
        {
            "model_name": "Alternating",
            "weight": 0.059376415588416206,
            "parameters": {
                "a": -28.414037685145498,
                "c": -0.017398851722946862,
                "threshold": 5,
                "b": 869.10015583217,
                "t1": 1
            }
        },
        {
            "model_name": "ThermalTime",
            "weight": 0.3346002802068078,
            "parameters": {
                "t1": 78.41423331182281,
                "T": 6.824358299245715,
                "F": 94.93995470321283
            }
        },
        {
            "model_name": "Uniforc",
            "weight": 0.4662592840657491,
            "parameters": {
                "c": 6.98499424186746,
                "t1": 77.07477184000341,
                "b": -8.343298215661445,
                "F": 7.159664511747465
            }
        },
        {
            "model_name": "Linear",
            "weight": 0.13976402013902683,
            "parameters": {
                "intercept": 95.83215515606614,
                "spring_length": 1.6586507642653174,
                "spring_start": 39.3106805795733,
                "slope": -2.3265307207186616
            }
        }
    ]
}