{
    "core_models": [
        {
            "weight": 0.14143075309562872,
            "parameters": {
                "c": -9.215329727130239e-05,
                "a": 715.1738088386537,
                "b": 877.6143166786205,
                "t1": 1,
                "threshold": 5
            },
            "model_name": "Alternating"
        },
        {
            "weight": 0.2907420856047543,
            "parameters": {
                "T": 14.31033175703494,
                "F": 658.4410541327571,
                "t1": 29.452881614741543
            },
            "model_name": "ThermalTime"
        },
        {
            "weight": 0.18342376399683613,
            "parameters": {
                "c": 14.2539096717352,
                "b": -18.975568986202713,
                "F": 41.815271452987226,
                "t1": 29.02600041563784
            },
            "model_name": "Uniforc"
        },
        {
            "weight": 0.3844033973027808,
            "parameters": {
                "intercept": 277.76840394813394,
                "time_start": 36.25163586562782,
                "time_length": 1.6584860196732052,
                "slope": -14.291228764979964
            },
            "model_name": "Linear"
        }
    ],
    "model_name": "WeightedEnsemble"
}