{
    "core_models": [
        {
            "parameters": {
                "t1": 1,
                "b": 2414.673552376947,
                "threshold": 5,
                "c": -0.038404615992815305,
                "a": 664.3929248126436
            },
            "weight": 0.31120411273418097,
            "model_name": "Alternating"
        },
        {
            "parameters": {
                "T": 13.497091411655488,
                "t1": -22.648442355439784,
                "F": 354.74462312285334
            },
            "weight": 0.3137083169927294,
            "model_name": "ThermalTime"
        },
        {
            "parameters": {
                "t1": -19.93369646545372,
                "F": 23.166397062325004,
                "c": 13.291417515499814,
                "b": -2.1075941101105027
            },
            "weight": 0.22010253415658312,
            "model_name": "Uniforc"
        },
        {
            "parameters": {
                "intercept": 169.47262072766785,
                "slope": -2.7173781748024677,
                "spring_length": 2.097308927237343,
                "spring_start": -27.336928135387524
            },
            "weight": 0.15498503611650646,
            "model_name": "Linear"
        }
    ],
    "model_name": "WeightedEnsemble"
}