{
    "model_name": "WeightedEnsemble",
    "core_models": [
        {
            "parameters": {
                "c": -0.020125107262231268,
                "b": 1552.6364907333414,
                "t1": 1,
                "threshold": 5,
                "a": -84.91827068682201
            },
            "model_name": "Alternating",
            "weight": 0.10332185575924595
        },
        {
            "parameters": {
                "F": 59.746259783529524,
                "t1": 86.12136825492928,
                "T": 7.599200238491371
            },
            "model_name": "ThermalTime",
            "weight": 0.27012325608509474
        },
        {
            "parameters": {
                "c": 7.3532008807374645,
                "F": 8.944889739304458,
                "t1": 79.5229338774898,
                "b": -13.790140090847288
            },
            "model_name": "Uniforc",
            "weight": 0.42310766381372167
        },
        {
            "parameters": {
                "time_length": 6.041508995181694,
                "intercept": 99.2133010906571,
                "slope": -1.7302017085353258,
                "time_start": 40.63628167855896
            },
            "model_name": "Linear",
            "weight": 0.20344722434193735
        }
    ]
}