{
    "core_models": [
        {
            "parameters": {
                "b": 2978.925059555252,
                "c": -0.04928404273353326,
                "t1": 1,
                "a": 698.3489021601206,
                "threshold": 5
            },
            "weight": 0.4376092077933507,
            "model_name": "Alternating"
        },
        {
            "parameters": {
                "F": 351.4694431870116,
                "t1": -48.77067694172047,
                "T": 13.362761806909202
            },
            "weight": 0.25419643919139023,
            "model_name": "ThermalTime"
        },
        {
            "parameters": {
                "F": 21.908330259943185,
                "c": 13.377020882535595,
                "t1": -34.27958594527783,
                "b": -19.483818137141824
            },
            "weight": 0.18879417686472086,
            "model_name": "Uniforc"
        },
        {
            "parameters": {
                "slope": -4.4203285461748845,
                "time_start": 59.54003197301897,
                "time_length": 118.82326322053365,
                "intercept": 198.46519615175194
            },
            "weight": 0.11940017615053794,
            "model_name": "Linear"
        }
    ],
    "model_name": "WeightedEnsemble"
}