{
    "core_models": [
        {
            "weight": 0.2410475289854817,
            "parameters": {
                "threshold": 5,
                "c": -0.0452585123114746,
                "t1": 1,
                "b": 4929.447572601332,
                "a": 653.8133532150605
            },
            "model_name": "Alternating"
        },
        {
            "weight": 0.20843501831036165,
            "parameters": {
                "F": 400.3723314288748,
                "t1": -37.258009395488756,
                "T": 12.544156125528305
            },
            "model_name": "ThermalTime"
        },
        {
            "weight": 0.3624039785394311,
            "parameters": {
                "F": 26.87362835535977,
                "c": 12.431257002413453,
                "t1": -39.77831058606907,
                "b": -14.015813843418181
            },
            "model_name": "Uniforc"
        },
        {
            "weight": 0.18811347416472543,
            "parameters": {
                "slope": -2.026228768155774,
                "time_length": 1.6024961254074483,
                "time_start": -25.98154949750287,
                "intercept": 167.87457053300992
            },
            "model_name": "Linear"
        }
    ],
    "model_name": "WeightedEnsemble"
}