{
    "model_name": "ThermalTime",
    "parameters": {
        "F": 73.20646423880208,
        "T": 7.5556486496356055,
        "t1": 78.37473486562104
    }
}