{
    "model_name": "WeightedEnsemble",
    "core_models": [
        {
            "model_name": "Alternating",
            "parameters": {
                "a": -618.9209154060354,
                "b": 2055.0347682816537,
                "threshold": 5,
                "t1": 1,
                "c": -0.001192792954307187
            },
            "weight": 0.1661213774169028
        },
        {
            "model_name": "ThermalTime",
            "parameters": {
                "F": 662.3897991467653,
                "T": 14.853570243767688,
                "t1": -56.570870579859445
            },
            "weight": 0.28998448925996956
        },
        {
            "model_name": "Uniforc",
            "parameters": {
                "b": -18.838873100534236,
                "F": 26.19047534045015,
                "t1": -63.07530760129714,
                "c": 15.884931251673407
            },
            "weight": 0.3356743986133843
        },
        {
            "model_name": "Linear",
            "parameters": {
                "intercept": 298.0,
                "slope": -19.300714037858754,
                "time_start": -25.69515167427243,
                "time_length": 28.656096270612892
            },
            "weight": 0.20821973470974306
        }
    ]
}