{
    "model_name": "WeightedEnsemble",
    "core_models": [
        {
            "model_name": "Alternating",
            "parameters": {
                "a": -357.87357469962666,
                "threshold": 5,
                "t1": 1,
                "b": 626.4531198658801,
                "c": -4.68303132164464
            },
            "weight": 0.2680791685859359
        },
        {
            "model_name": "ThermalTime",
            "parameters": {
                "t1": -31.297932844239227,
                "F": 580.5200230252726,
                "T": -24.445912754914584
            },
            "weight": 0.2414858353397364
        },
        {
            "model_name": "Uniforc",
            "parameters": {
                "b": -3.2073573270961075,
                "t1": -7.973884552376745,
                "F": 29.341954276977503,
                "c": -16.38535298467902
            },
            "weight": 0.23930110046312641
        },
        {
            "model_name": "Linear",
            "parameters": {
                "time_length": 64.79481971176217,
                "intercept": 50.426049791164864,
                "time_start": 21.468525450616703,
                "slope": -2.1177970773886257
            },
            "weight": 0.25113389561120114
        }
    ]
}