{
    "core_models": [
        {
            "weight": 0.20549777007626815,
            "model_name": "Linear",
            "parameters": {
                "time_start": 299.58769712029704,
                "intercept": 275.7920979352838,
                "slope": 7.723769903572498,
                "time_length": 65.52268421914417
            }
        },
        {
            "weight": 0.7945022299237308,
            "model_name": "FallCooling",
            "parameters": {
                "F": 564.2413417019893,
                "t1": 182.1909850410987,
                "T": 17.41574102887083
            }
        }
    ],
    "model_name": "WeightedEnsemble"
}