{
    "core_models": [
        {
            "weight": 0.32123119898569513,
            "model_name": "Alternating",
            "parameters": {
                "b": 292.2143969288695,
                "c": -2.0043421495481817,
                "t1": 1,
                "threshold": 5,
                "a": 302.0659259310081
            }
        },
        {
            "weight": 0.17117315707655759,
            "model_name": "ThermalTime",
            "parameters": {
                "F": 16.40821803684048,
                "t1": 29.13554247179819,
                "T": 13.767718728095502
            }
        },
        {
            "weight": 0.136676200574764,
            "model_name": "Uniforc",
            "parameters": {
                "F": 23.3048085021408,
                "t1": 6.469833407920774,
                "b": -5.3381788393400225,
                "c": 9.511348900061922
            }
        },
        {
            "weight": 0.3709194433629832,
            "model_name": "Linear",
            "parameters": {
                "slope": -21.00697727720427,
                "intercept": 274.36996977744195,
                "time_start": 29.777404359595963,
                "time_length": 12.04881621691608
            }
        }
    ],
    "model_name": "WeightedEnsemble"
}