{
    "model_name": "Alternating",
    "parameters": {
        "a": 439.9995935776089,
        "b": 1812.850528792856,
        "c": -1.2343245834340248,
        "t1": 1.0,
        "threshold": 5.0
    }
}