{
    "model_name": "Alternating",
    "parameters": {
        "a": 360.5368808717682,
        "b": 785.1632138126853,
        "c": -0.8356469331457539,
        "t1": 1.0,
        "threshold": 5.0
    }
}