{
    "model_name": "WeightedEnsemble",
    "core_models": [
        {
            "parameters": {
                "t1": 1,
                "a": 315.97286458445683,
                "c": -1.1475719613657398,
                "threshold": 5,
                "b": 830.0315308255679
            },
            "model_name": "Alternating",
            "weight": 0.33581189381461657
        },
        {
            "parameters": {
                "t1": 67.88353778683103,
                "T": 14.773900903651127,
                "F": 4.971752958185334
            },
            "model_name": "ThermalTime",
            "weight": 0.21235750933937034
        },
        {
            "parameters": {
                "t1": 67.13607619924088,
                "c": 14.867935535165856,
                "b": -7.905208941593582,
                "F": 0.7210135126186685
            },
            "model_name": "Uniforc",
            "weight": 0.15579285220844816
        },
        {
            "parameters": {
                "time_length": 40.15563050530448,
                "slope": -16.254175137244946,
                "intercept": 298.0,
                "time_start": 58.33729992395944
            },
            "model_name": "Linear",
            "weight": 0.2960377446375648
        }
    ]
}