{
    "core_models": [
        {
            "weight": 0.5489510489510486,
            "model_name": "Alternating",
            "parameters": {
                "a": 235.79307371908186,
                "c": -4.235156473725551,
                "b": 2279.4009559741544,
                "t1": 1,
                "threshold": 5
            }
        },
        {
            "weight": 0.18989510489510475,
            "model_name": "ThermalTime",
            "parameters": {
                "T": 16.551032670843057,
                "t1": 111.03951933925461,
                "F": 173.26095924596012
            }
        },
        {
            "weight": 0.19398601398601387,
            "model_name": "Uniforc",
            "parameters": {
                "b": -14.533651898340512,
                "c": 16.43104475576521,
                "t1": 111.18640566303641,
                "F": 9.88108926062506
            }
        },
        {
            "weight": 0.06716783216783215,
            "model_name": "Linear",
            "parameters": {
                "time_start": 14.117334319898521,
                "time_length": 1.4295242521023965,
                "intercept": -37.75090750611707,
                "slope": 25.0
            }
        }
    ],
    "model_name": "WeightedEnsemble"
}