{
    "model_name": "WeightedEnsemble",
    "core_models": [
        {
            "parameters": {
                "a": 767.8554604451069,
                "b": 0.343635070840719,
                "c": -3.8351106635285674,
                "threshold": 5,
                "t1": 1
            },
            "model_name": "Alternating",
            "weight": 0.16174613558552522
        },
        {
            "parameters": {
                "T": 6.818061541003701,
                "F": 931.2174532492551,
                "t1": -26.654740717088174
            },
            "model_name": "ThermalTime",
            "weight": 0.24774175643733226
        },
        {
            "parameters": {
                "b": -11.033239645577796,
                "F": 104.37353264354368,
                "c": 6.794205181880297,
                "t1": -42.03221620431577
            },
            "model_name": "Uniforc",
            "weight": 0.10990135105090246
        },
        {
            "parameters": {
                "slope": -24.595670027468643,
                "intercept": 297.99999999999915,
                "spring_length": 1.0697657814194912,
                "spring_start": -11.128892202805837
            },
            "model_name": "Linear",
            "weight": 0.48061075692624017
        }
    ]
}