{
    "core_models": [
        {
            "weight": 0.1482673843699539,
            "model_name": "Alternating",
            "parameters": {
                "threshold": 5,
                "a": 497.3558154348696,
                "b": 1249.1927255332732,
                "c": -0.7908903869435924,
                "t1": 1
            }
        },
        {
            "weight": 0.10664991374584751,
            "model_name": "ThermalTime",
            "parameters": {
                "F": 715.3433172436528,
                "T": 13.603428039987387,
                "t1": -57.41222772140006
            }
        },
        {
            "weight": 0.11383653899856382,
            "model_name": "Uniforc",
            "parameters": {
                "F": 45.4451587295438,
                "b": -19.880392996710007,
                "c": 13.647498432764282,
                "t1": -57.377955853979245
            }
        },
        {
            "weight": 0.631246162885634,
            "model_name": "Linear",
            "parameters": {
                "intercept": -66.99999999869786,
                "slope": 24.999999999942624,
                "time_length": 1.787229034076212,
                "time_start": 1.0942836924022608
            }
        }
    ],
    "model_name": "WeightedEnsemble"
}