{
    "core_models": [
        {
            "weight": 0.4689892901716977,
            "model_name": "Alternating",
            "parameters": {
                "a": 801.7149652334958,
                "b": 2.2740932675378644,
                "c": -0.14966211363619486,
                "t1": 1,
                "threshold": 5
            }
        },
        {
            "weight": 0.2389138348171703,
            "model_name": "ThermalTime",
            "parameters": {
                "F": 15.04330712264499,
                "t1": 66.14309461582675,
                "T": 12.74738945532728
            }
        },
        {
            "weight": 0.1592614818052899,
            "model_name": "Uniforc",
            "parameters": {
                "b": -17.72262166002939,
                "c": 6.745990341790731,
                "t1": -40.69957763831661,
                "F": 101.3355507770723
            }
        },
        {
            "weight": 0.1328353932058421,
            "model_name": "Linear",
            "parameters": {
                "time_length": 1.2741381688277258,
                "slope": -15.71110313496386,
                "time_start": 34.33219174621202,
                "intercept": 224.79284432757822
            }
        }
    ],
    "model_name": "WeightedEnsemble"
}