{
    "model_name": "Alternating",
    "parameters": {
        "a": 761.2147538611317,
        "b": 6.428370540505058,
        "c": -2.184770705793292,
        "t1": 1.0,
        "threshold": 5.0
    }
}