{
    "model_name": "Alternating",
    "parameters": {
        "a": 246.0123103724849,
        "b": 880.115138448079,
        "c": -0.09947123384426336,
        "t1": 1.0,
        "threshold": 5.0
    }
}