{
    "core_models": [
        {
            "parameters": {
                "threshold": 5,
                "c": -4.578571450039899,
                "b": 624.5646320237399,
                "a": 65.31448146690377,
                "t1": 1
            },
            "weight": 0.23425564455109985,
            "model_name": "Alternating"
        },
        {
            "parameters": {
                "F": 24.926313987067374,
                "T": 5.721859046789879,
                "t1": 59.035468569744765
            },
            "weight": 0.22465994504573245,
            "model_name": "ThermalTime"
        },
        {
            "parameters": {
                "F": 41.96980185646832,
                "c": -17.820216388090195,
                "b": -3.0362982152376805,
                "t1": 20.734812495450257
            },
            "weight": 0.23103953046103387,
            "model_name": "Uniforc"
        },
        {
            "parameters": {
                "intercept": 80.85378563458016,
                "time_start": 12.090970227760064,
                "slope": -1.6295717237698326,
                "time_length": 19.319541117430738
            },
            "weight": 0.31004487994213403,
            "model_name": "Linear"
        }
    ],
    "model_name": "WeightedEnsemble"
}