{
    "model_name": "ThermalTime",
    "parameters": {
        "F": 567.7079071435763,
        "T": -24.027654975517574,
        "t1": 15.41228887451038
    }
}