{
    "core_models": [
        {
            "parameters": {
                "b": 923.9093542607291,
                "c": -0.14865998192307783,
                "t1": 1,
                "a": 347.38889819856377,
                "threshold": 5
            },
            "weight": 0.3394361267140598,
            "model_name": "Alternating"
        },
        {
            "parameters": {
                "T": -10.118223892902407,
                "t1": 81.27905655550488,
                "F": 11.473114792389651
            },
            "weight": 0.25791836621029063,
            "model_name": "ThermalTime"
        },
        {
            "parameters": {
                "c": -40.501710943148794,
                "t1": 52.77285359074334,
                "F": 31.629837178344772,
                "b": -13.177068815490953
            },
            "weight": 0.26345034835988324,
            "model_name": "Uniforc"
        },
        {
            "parameters": {
                "intercept": -35.083659782130866,
                "time_start": 41.0458378418066,
                "time_length": 3.0756828516563743,
                "slope": 9.870928592529868
            },
            "weight": 0.13919515871576604,
            "model_name": "Linear"
        }
    ],
    "model_name": "WeightedEnsemble"
}