{
    "model_name": "WeightedEnsemble",
    "core_models": [
        {
            "model_name": "Alternating",
            "weight": 0.16333780471419412,
            "parameters": {
                "t1": 1,
                "a": 122.68366852971879,
                "b": 572.7320907048645,
                "c": -0.955579829558203,
                "threshold": 5
            }
        },
        {
            "model_name": "ThermalTime",
            "weight": 0.16404968652312832,
            "parameters": {
                "t1": -12.137968882392997,
                "F": 825.7259096836392,
                "T": -5.5599055168469
            }
        },
        {
            "model_name": "Uniforc",
            "weight": 0.16370842264594473,
            "parameters": {
                "t1": -39.475987569051654,
                "b": -14.773515253054702,
                "c": 3.976817960638035,
                "F": 102.22240917113155
            }
        },
        {
            "model_name": "Linear",
            "weight": 0.5089040861167318,
            "parameters": {
                "time_length": 101.24151320900216,
                "intercept": 57.96006309388349,
                "slope": 0.4097155870245278,
                "time_start": -12.832032265966188
            }
        }
    ]
}