{
    "model_name": "Alternating",
    "parameters": {
        "a": -322.83690232623934,
        "b": 1098.1883879973966,
        "c": -0.009508490749810415,
        "t1": 1.0,
        "threshold": 5.0
    }
}