{
    "model_name": "WeightedEnsemble",
    "core_models": [
        {
            "model_name": "Alternating",
            "weight": 0.1842275047955789,
            "parameters": {
                "threshold": 5,
                "t1": 1,
                "b": 1073.643832207703,
                "a": -340.06893734160536,
                "c": -4.152184623768757
            }
        },
        {
            "model_name": "ThermalTime",
            "weight": 0.18496427189898615,
            "parameters": {
                "t1": 62.233381626418556,
                "F": 31.498155747854753,
                "T": 1.1361187701534325
            }
        },
        {
            "model_name": "Uniforc",
            "weight": 0.18485034268636436,
            "parameters": {
                "t1": -45.10090968324931,
                "b": -4.288514355734099,
                "F": 111.18657495789795,
                "c": -20.42648168630152
            }
        },
        {
            "model_name": "Linear",
            "weight": 0.44595788061907077,
            "parameters": {
                "slope": 5.052025185245206,
                "spring_length": 17.5365204476738,
                "intercept": 9.181090198469526,
                "spring_start": 17.179752792156037
            }
        }
    ]
}