{
    "core_models": [
        {
            "model_name": "Alternating",
            "parameters": {
                "c": -0.027813811706844938,
                "b": 740.074934754527,
                "a": 117.5400972049292,
                "threshold": 5,
                "t1": 1
            },
            "weight": 0.10333826827091082
        },
        {
            "model_name": "ThermalTime",
            "parameters": {
                "T": 13.188130791396574,
                "F": 96.28335418732934,
                "t1": 22.560170501271685
            },
            "weight": 0.25411303661373774
        },
        {
            "model_name": "Uniforc",
            "parameters": {
                "c": 13.245303947594211,
                "b": -13.959374036063412,
                "F": 6.356952545800681,
                "t1": 22.751494595963337
            },
            "weight": 0.20599133715518825
        },
        {
            "model_name": "Linear",
            "parameters": {
                "spring_length": 31.566667194750902,
                "slope": -9.696929511328094,
                "intercept": 180.19463808124854,
                "spring_start": 56.36697223559123
            },
            "weight": 0.43655735796016326
        }
    ],
    "model_name": "WeightedEnsemble"
}