{
    "core_models": [
        {
            "model_name": "Alternating",
            "parameters": {
                "a": 253.3189220976735,
                "t1": 1,
                "b": 1649.7916508378098,
                "c": -0.1769132081894167,
                "threshold": 5
            },
            "weight": 0.3268866309977323
        },
        {
            "model_name": "ThermalTime",
            "parameters": {
                "t1": -26.26634089468621,
                "T": 13.532665499985729,
                "F": 529.0174870739778
            },
            "weight": 0.16546243530092739
        },
        {
            "model_name": "Uniforc",
            "parameters": {
                "t1": -27.796613004275827,
                "b": -18.606600672656597,
                "c": 13.299471159480358,
                "F": 32.892525028714886
            },
            "weight": 0.17171114742162158
        },
        {
            "model_name": "Linear",
            "parameters": {
                "time_length": 1.0086456360305647,
                "intercept": -67.0,
                "slope": 23.985106238401606,
                "time_start": -25.746215904798625
            },
            "weight": 0.3359397862797189
        }
    ],
    "model_name": "WeightedEnsemble"
}