{
    "model_name": "WeightedEnsemble",
    "core_models": [
        {
            "model_name": "Alternating",
            "weight": 0.39564315609159983,
            "parameters": {
                "c": -0.6289978628463777,
                "threshold": 5,
                "b": 349.6190710745527,
                "a": 410.96756101691744,
                "t1": 1
            }
        },
        {
            "model_name": "ThermalTime",
            "weight": 0.1556315687119933,
            "parameters": {
                "F": 96.0544981101728,
                "T": 13.174801012657566,
                "t1": 23.248358807704122
            }
        },
        {
            "model_name": "Uniforc",
            "weight": 0.1456799676482909,
            "parameters": {
                "c": 13.235708541893853,
                "b": -17.868766190582974,
                "F": 6.273609737006396,
                "t1": 23.937791135309027
            }
        },
        {
            "model_name": "Linear",
            "weight": 0.3030453075481159,
            "parameters": {
                "slope": -12.07549411890761,
                "intercept": 208.85415964868693,
                "time_start": 57.74850831416767,
                "time_length": 41.563599559832
            }
        }
    ]
}