{
    "core_models": [
        {
            "parameters": {
                "t1": 1,
                "b": 567.5157476796176,
                "threshold": 5,
                "c": -3.1519208024907854,
                "a": 130.63951271039764
            },
            "weight": 0.21547862432705256,
            "model_name": "Alternating"
        },
        {
            "parameters": {
                "T": -0.7787567533800138,
                "t1": -5.521932432567411,
                "F": 738.4218255186738
            },
            "weight": 0.20194099364281898,
            "model_name": "ThermalTime"
        },
        {
            "parameters": {
                "t1": -22.119191495921683,
                "F": 84.01086845738833,
                "c": -15.26954523742603,
                "b": -15.826389973860257
            },
            "weight": 0.20270443857751652,
            "model_name": "Uniforc"
        },
        {
            "parameters": {
                "intercept": 222.34286675072522,
                "slope": -13.251944509184264,
                "spring_length": 28.481670338909353,
                "spring_start": 28.182946982846957
            },
            "weight": 0.3798759434526119,
            "model_name": "Linear"
        }
    ],
    "model_name": "WeightedEnsemble"
}