{
    "model_name": "ThermalTime",
    "parameters": {
        "F": 990.438948008226,
        "T": -8.206533767723265,
        "t1": -26.283139007534288
    }
}