{
    "model_name": "WeightedEnsemble",
    "core_models": [
        {
            "model_name": "Alternating",
            "weight": 0.17131287093732378,
            "parameters": {
                "b": 1082.1826053189232,
                "c": -3.230243130943251,
                "threshold": 5,
                "a": -361.0241670687723,
                "t1": 1
            }
        },
        {
            "model_name": "ThermalTime",
            "weight": 0.17244745673660003,
            "parameters": {
                "t1": 8.797708521852087,
                "T": -16.73904207975363,
                "F": 653.5519380224987
            }
        },
        {
            "model_name": "Uniforc",
            "weight": 0.17174192799463292,
            "parameters": {
                "t1": 0.2273124708677443,
                "b": -6.731717038086778,
                "c": -48.53611585095882,
                "F": 65.01481786251513
            }
        },
        {
            "model_name": "Linear",
            "weight": 0.48449774433144227,
            "parameters": {
                "slope": 0.9591466987241929,
                "time_length": 48.15470010507664,
                "intercept": 54.749514883669754,
                "time_start": -29.55371100762845
            }
        }
    ]
}