{
    "model_name": "WeightedEnsemble",
    "core_models": [
        {
            "model_name": "Alternating",
            "parameters": {
                "threshold": 5,
                "b": 874.5251527556447,
                "a": 184.96305324951012,
                "c": -0.08370635890102385,
                "t1": 1
            },
            "weight": 0.2396794481620746
        },
        {
            "model_name": "ThermalTime",
            "parameters": {
                "T": 10.28531818822091,
                "t1": 75.0317214345637,
                "F": 27.234230116542847
            },
            "weight": 0.12485404303413675
        },
        {
            "model_name": "Uniforc",
            "parameters": {
                "b": -17.92103921353448,
                "c": -35.79676410135175,
                "t1": -9.09990894192049,
                "F": 83.681028084779
            },
            "weight": 0.21170089735396846
        },
        {
            "model_name": "Linear",
            "parameters": {
                "spring_length": 116.02393727068915,
                "slope": 10.535786601178698,
                "spring_start": 52.497142162766025,
                "intercept": -66.99999999993497
            },
            "weight": 0.42376561144982017
        }
    ]
}