{
    "core_models": [
        {
            "model_name": "Linear",
            "parameters": {
                "slope": 11.59229461244842,
                "time_start": 216.51183957554437,
                "intercept": 161.93885626110054,
                "time_length": 53.135029018989606
            },
            "weight": 0.5210075538730878
        },
        {
            "model_name": "FallCooling",
            "parameters": {
                "F": 117.82555828799894,
                "t1": 330.72448160180545,
                "T": 24.177127193177224
            },
            "weight": 0.4789924461269121
        }
    ],
    "model_name": "WeightedEnsemble"
}