{
    "core_models": [
        {
            "model_name": "Alternating",
            "parameters": {
                "a": 249.73552153658264,
                "b": 474.29256094276707,
                "threshold": 5,
                "c": -2.56257341100359,
                "t1": 1
            },
            "weight": 0.21677950846224092
        },
        {
            "model_name": "ThermalTime",
            "parameters": {
                "T": 3.414834222501806,
                "F": 249.65625179551841,
                "t1": 41.687085230362584
            },
            "weight": 0.21158364869381882
        },
        {
            "model_name": "Uniforc",
            "parameters": {
                "b": -2.1477862797637144,
                "c": -22.100809198844708,
                "F": 76.26668868467677,
                "t1": -10.029708795348228
            },
            "weight": 0.21342134864676743
        },
        {
            "model_name": "Linear",
            "parameters": {
                "slope": 1.3927331980629312,
                "intercept": 49.81837425002788,
                "time_start": 23.692507767179514,
                "time_length": 50.578118424722255
            },
            "weight": 0.3582154941971727
        }
    ],
    "model_name": "WeightedEnsemble"
}