{
    "model_name": "WeightedEnsemble",
    "core_models": [
        {
            "weight": 0.256995502203665,
            "model_name": "Alternating",
            "parameters": {
                "b": 901.3408346399738,
                "c": -0.07001505902790939,
                "t1": 1,
                "a": 132.36555523581052,
                "threshold": 5
            }
        },
        {
            "weight": 0.3915111020000061,
            "model_name": "ThermalTime",
            "parameters": {
                "F": 20.582913778432044,
                "t1": 66.98889158955998,
                "T": 13.608258778007743
            }
        },
        {
            "weight": 0.19867029071545048,
            "model_name": "Uniforc",
            "parameters": {
                "F": 1.6874417858663122,
                "c": 13.560012133265154,
                "t1": 66.43624702530305,
                "b": -18.861868554899985
            }
        },
        {
            "weight": 0.15282310508087846,
            "model_name": "Linear",
            "parameters": {
                "slope": 10.244284934478888,
                "time_start": 52.52228992469198,
                "intercept": -67.0,
                "time_length": 117.42538887317511
            }
        }
    ]
}