{
    "model_name": "WeightedEnsemble",
    "core_models": [
        {
            "weight": 0.08139942329767069,
            "model_name": "Alternating",
            "parameters": {
                "b": 1864.5306213934564,
                "a": -960.0483549455158,
                "t1": 1,
                "threshold": 5,
                "c": -0.006501966013471083
            }
        },
        {
            "weight": 0.40264248548946063,
            "model_name": "ThermalTime",
            "parameters": {
                "F": 28.061024639020104,
                "T": 12.29118553569416,
                "t1": 69.07041742433833
            }
        },
        {
            "weight": 0.350156292666463,
            "model_name": "Uniforc",
            "parameters": {
                "F": 1.1282772252781683,
                "b": -6.07984737866107,
                "t1": 68.78807567891513,
                "c": 13.060197969120225
            }
        },
        {
            "weight": 0.16580179854640584,
            "model_name": "Linear",
            "parameters": {
                "spring_length": 1.629611888117168,
                "spring_start": -28.928069059823812,
                "slope": -4.467524606810788,
                "intercept": 127.23115601315325
            }
        }
    ]
}