{
    "model_name": "Uniforc",
    "parameters": {
        "F": 1.926541349068529,
        "b": -2.9263294978355114,
        "c": 19.059782715942475,
        "t1": 74.3756701026238
    }
}