{
    "core_models": [
        {
            "parameters": {
                "b": 4023.537500662812,
                "c": -3.177623618516635,
                "a": 342.3580078211725,
                "threshold": 5,
                "t1": 1
            },
            "weight": 0.18162348835229364,
            "model_name": "Alternating"
        },
        {
            "parameters": {
                "T": 17.35033243598561,
                "F": 525.074490227279,
                "t1": 126.9270311689215
            },
            "weight": 0.09559361635729348,
            "model_name": "ThermalTime"
        },
        {
            "parameters": {
                "b": -12.611807286998822,
                "c": -11.319415482960599,
                "F": 111.43414445750976,
                "t1": 90.72252025947094
            },
            "weight": 0.07822143949910713,
            "model_name": "Uniforc"
        },
        {
            "parameters": {
                "time_start": -18.989070309436798,
                "slope": 8.860365767385202,
                "intercept": 89.3666515089835,
                "time_length": 1.309455957512263
            },
            "weight": 0.644561455791305,
            "model_name": "Linear"
        }
    ],
    "model_name": "WeightedEnsemble"
}