{
    "core_models": [
        {
            "model_name": "Linear",
            "weight": 0.2545454545454545,
            "parameters": {
                "intercept": -67.0,
                "time_start": 193.96457112084977,
                "time_length": 12.939289402755868,
                "slope": 12.23147643899819
            }
        },
        {
            "model_name": "FallCooling",
            "weight": 0.7454545454545446,
            "parameters": {
                "F": 45.75676188274491,
                "t1": 182.48533308852166,
                "T": 22.376507370937514
            }
        }
    ],
    "model_name": "WeightedEnsemble"
}