{
    "model_name": "WeightedEnsemble",
    "core_models": [
        {
            "model_name": "Alternating",
            "parameters": {
                "c": -0.512787046089983,
                "threshold": 5,
                "b": 569.4684819098081,
                "a": 957.519932152359,
                "t1": 1
            },
            "weight": 0.18363017025057327
        },
        {
            "model_name": "ThermalTime",
            "parameters": {
                "t1": 34.23947087049041,
                "T": 0.6849433080768186,
                "F": 998.1156362942716
            },
            "weight": 0.24347387090556682
        },
        {
            "model_name": "Uniforc",
            "parameters": {
                "t1": 32.077840153390014,
                "F": 34.93225298547445,
                "b": -0.15524052956460466,
                "c": 14.620560409064742
            },
            "weight": 0.1876781679866878
        },
        {
            "model_name": "Linear",
            "parameters": {
                "time_start": 33.96991472520388,
                "time_length": 62.444278119361556,
                "slope": -4.916232164862658,
                "intercept": 174.53982899170703
            },
            "weight": 0.3852177908571721
        }
    ]
}