{
    "model_name": "Alternating",
    "parameters": {
        "a": 290.4853257600095,
        "b": 3788.932566159981,
        "c": -1.5504285596824399,
        "t1": 1.0,
        "threshold": 5.0
    }
}