{
    "model_name": "ThermalTime",
    "parameters": {
        "F": 274.0274802574877,
        "T": 18.209916285832485,
        "t1": 18.28075645482727
    }
}