{
    "model_name": "Alternating",
    "parameters": {
        "a": 709.8089916104491,
        "b": 143.68776446858647,
        "c": -1.679242248435201,
        "t1": 1.0,
        "threshold": 5.0
    }
}