{
    "model_name": "Alternating",
    "parameters": {
        "a": 417.7852139841892,
        "b": 950.1043175381584,
        "c": -1.094623781989132,
        "t1": 1.0,
        "threshold": 5.0
    }
}