{
    "core_models": [
        {
            "parameters": {
                "threshold": 5,
                "c": -1.2916828111438239,
                "b": 1068.5558834498677,
                "t1": 1,
                "a": 365.99428769052025
            },
            "model_name": "Alternating",
            "weight": 0.058597323153913375
        },
        {
            "parameters": {
                "T": 18.207047288490564,
                "t1": 18.613302322481275,
                "F": 274.1896729954926
            },
            "model_name": "ThermalTime",
            "weight": 0.18270582828392234
        },
        {
            "parameters": {
                "F": 13.084078630571625,
                "b": -16.465379105697483,
                "t1": 18.425873939453396,
                "c": 18.315752273659804
            },
            "model_name": "Uniforc",
            "weight": 0.25447052895896005
        },
        {
            "parameters": {
                "spring_length": 1.309193020479384,
                "slope": -11.032212375849296,
                "spring_start": 56.18880111535474,
                "intercept": 236.64406866628752
            },
            "model_name": "Linear",
            "weight": 0.5042263196032042
        }
    ],
    "model_name": "WeightedEnsemble"
}