{
    "core_models": [
        {
            "weight": 0.24706463119446118,
            "model_name": "Alternating",
            "parameters": {
                "c": -4.8714203133102405,
                "a": 998.3858080667695,
                "t1": 1,
                "threshold": 5,
                "b": 297.6986841120365
            }
        },
        {
            "weight": 0.23446924908822253,
            "model_name": "ThermalTime",
            "parameters": {
                "t1": 66.23907828281267,
                "T": 12.322008901105026,
                "F": 381.67340387157356
            }
        },
        {
            "weight": 0.2430170996673916,
            "model_name": "Uniforc",
            "parameters": {
                "t1": 65.05053994669517,
                "c": 12.294209337428619,
                "F": 24.486070306519665,
                "b": -10.913004184996037
            }
        },
        {
            "weight": 0.2754490200499245,
            "model_name": "Linear",
            "parameters": {
                "intercept": 196.25616244098964,
                "slope": -10.027662249344484,
                "time_length": 7.546981921507424,
                "time_start": -20.289927755228184
            }
        }
    ],
    "model_name": "WeightedEnsemble"
}