{
    "model_name": "WeightedEnsemble",
    "core_models": [
        {
            "model_name": "Alternating",
            "weight": 0.5507107652513832,
            "parameters": {
                "b": 4057.655190769815,
                "c": -0.19492169604300535,
                "threshold": 5,
                "a": 17.895415534937786,
                "t1": 1
            }
        },
        {
            "model_name": "ThermalTime",
            "weight": 0.11917479717642847,
            "parameters": {
                "t1": 123.26390469482592,
                "T": 22.03621095127457,
                "F": 15.387535772732463
            }
        },
        {
            "model_name": "Uniforc",
            "weight": 0.10571028689177836,
            "parameters": {
                "t1": -12.525688791253657,
                "b": -1.28396745532015,
                "c": -18.423314984095917,
                "F": 155.28494594936052
            }
        },
        {
            "model_name": "Linear",
            "weight": 0.22440415068040942,
            "parameters": {
                "slope": 20.56331560904385,
                "time_length": 1.0136480899983553,
                "intercept": -33.76327633377197,
                "time_start": 53.853672847172554
            }
        }
    ]
}