{
    "core_models": [
        {
            "parameters": {
                "a": 687.613981376231,
                "c": -0.8332265838662456,
                "b": 238.22436611210514,
                "t1": 1,
                "threshold": 5
            },
            "model_name": "Alternating",
            "weight": 0.3325959420428498
        },
        {
            "parameters": {
                "F": 476.41064742129987,
                "t1": 37.36631227707589,
                "T": 4.142910939833583
            },
            "model_name": "ThermalTime",
            "weight": 0.24116202148549248
        },
        {
            "parameters": {
                "c": 6.997167498714896,
                "F": 30.992396534312263,
                "t1": 47.22835516125549,
                "b": -16.187458090824883
            },
            "model_name": "Uniforc",
            "weight": 0.10925305402192667
        },
        {
            "parameters": {
                "time_start": 56.236114723174275,
                "intercept": 123.928782760406,
                "time_length": 3.2062194641334756,
                "slope": -4.624450879570816
            },
            "model_name": "Linear",
            "weight": 0.3169889824497309
        }
    ],
    "model_name": "WeightedEnsemble"
}