{
    "model_name": "WeightedEnsemble",
    "core_models": [
        {
            "model_name": "Alternating",
            "weight": 0.08401420177950036,
            "parameters": {
                "a": 938.4939993682304,
                "c": -0.3761879346223198,
                "t1": 1,
                "threshold": 5,
                "b": 533.9517699645457
            }
        },
        {
            "model_name": "ThermalTime",
            "weight": 0.1690498839274954,
            "parameters": {
                "t1": 32.45424414893533,
                "F": 982.7620922377891,
                "T": 0.9241102522646205
            }
        },
        {
            "model_name": "Uniforc",
            "weight": 0.15146411593445547,
            "parameters": {
                "c": 15.433757750981503,
                "t1": 28.96775442536223,
                "F": 33.900407938864134,
                "b": -0.15088829482039223
            }
        },
        {
            "model_name": "Linear",
            "weight": 0.5954717983585478,
            "parameters": {
                "intercept": 174.60911716581646,
                "time_start": 29.210231035942776,
                "time_length": 67.37576003879384,
                "slope": -5.116381781530294
            }
        }
    ]
}