{
    "core_models": [
        {
            "parameters": {
                "threshold": 5,
                "a": 709.5221198769168,
                "c": -1.2658272867566867,
                "b": 219.7284341518034,
                "t1": 1
            },
            "model_name": "Alternating",
            "weight": 0.18926582588975174
        },
        {
            "parameters": {
                "F": 485.57419991104103,
                "T": 4.090265691376166,
                "t1": 36.46989724103109
            },
            "model_name": "ThermalTime",
            "weight": 0.14601590863863087
        },
        {
            "parameters": {
                "F": 2.1609930020492243,
                "c": 12.891555313825709,
                "b": -3.387099898561157,
                "t1": 56.22896451152332
            },
            "model_name": "Uniforc",
            "weight": 0.16453364567866285
        },
        {
            "parameters": {
                "spring_length": 2.5997388667767325,
                "slope": -4.547156364966723,
                "spring_start": 55.676519337874936,
                "intercept": 123.61892015174023
            },
            "model_name": "Linear",
            "weight": 0.5001846197929545
        }
    ],
    "model_name": "WeightedEnsemble"
}