{
    "model_name": "WeightedEnsemble",
    "core_models": [
        {
            "weight": 0.15885547924805282,
            "parameters": {
                "b": 283.05888882680165,
                "a": 517.9091043869753,
                "c": -0.029962750599252352,
                "t1": 1,
                "threshold": 5
            },
            "model_name": "Alternating"
        },
        {
            "weight": 0.4329332941228736,
            "parameters": {
                "T": 12.315036135813651,
                "t1": 70.41143351323673,
                "F": 28.381192080731353
            },
            "model_name": "ThermalTime"
        },
        {
            "weight": 0.2668808830954306,
            "parameters": {
                "b": -0.114960517292797,
                "c": -29.69005268135454,
                "t1": 30.314678541704552,
                "F": 62.26722111189316
            },
            "model_name": "Uniforc"
        },
        {
            "weight": 0.14133034353364232,
            "parameters": {
                "time_start": -27.547722705478982,
                "slope": -4.467955175852692,
                "time_length": 1.2251861740084848,
                "intercept": 127.23890985831352
            },
            "model_name": "Linear"
        }
    ]
}