{
    "model_name": "WeightedEnsemble",
    "core_models": [
        {
            "model_name": "Alternating",
            "parameters": {
                "t1": 1,
                "b": 3558.1182493070464,
                "threshold": 5,
                "c": -3.76863089672492,
                "a": 459.41112282671924
            },
            "weight": 0.5065055971910551
        },
        {
            "model_name": "ThermalTime",
            "parameters": {
                "T": 13.06941376585814,
                "t1": 27.001476049197578,
                "F": 242.2535943228076
            },
            "weight": 0.16611636216196332
        },
        {
            "model_name": "Uniforc",
            "parameters": {
                "t1": 28.76660454742388,
                "b": -19.672316389368422,
                "c": 14.45616577242963,
                "F": 8.206015402741798
            },
            "weight": 0.18866634698875512
        },
        {
            "model_name": "Linear",
            "parameters": {
                "slope": -13.249582553568054,
                "spring_length": 119.62702277019147,
                "intercept": 297.9999999993154,
                "spring_start": 59.663365485708276
            },
            "weight": 0.1387116936582263
        }
    ]
}