{
    "core_models": [
        {
            "parameters": {
                "a": 417.61331319624094,
                "t1": 1,
                "b": 968.5543029044777,
                "c": -1.1071034748410296,
                "threshold": 5
            },
            "weight": 0.5132329132315544,
            "model_name": "Alternating"
        },
        {
            "parameters": {
                "t1": 17.7622626289145,
                "F": 256.15114010218974,
                "T": 13.049161658392643
            },
            "weight": 0.10148614800088376,
            "model_name": "ThermalTime"
        },
        {
            "parameters": {
                "t1": 18.26060980468695,
                "F": 15.131596255492752,
                "c": 13.038248333004631,
                "b": -12.867496174792045
            },
            "weight": 0.09454889062950954,
            "model_name": "Uniforc"
        },
        {
            "parameters": {
                "slope": -13.597783035594034,
                "intercept": 275.7431693173477,
                "spring_length": 91.1539292460639,
                "spring_start": 59.541193913668295
            },
            "weight": 0.29073204813805253,
            "model_name": "Linear"
        }
    ],
    "model_name": "WeightedEnsemble"
}