{
    "core_models": [
        {
            "parameters": {
                "a": 210.65709143371868,
                "threshold": 5,
                "b": 639.3706530571922,
                "c": -0.023620751695083264,
                "t1": 1
            },
            "weight": 0.26769537659915565,
            "model_name": "Alternating"
        },
        {
            "parameters": {
                "t1": 48.797872203362616,
                "F": 358.6552850863353,
                "T": 0.5949271612929963
            },
            "weight": 0.19415020285292559,
            "model_name": "ThermalTime"
        },
        {
            "parameters": {
                "t1": 47.733671354605605,
                "F": 27.701027329377197,
                "b": -0.34359444135630035,
                "c": 6.4225519083203615
            },
            "weight": 0.13493735310750382,
            "model_name": "Uniforc"
        },
        {
            "parameters": {
                "time_start": 57.32993791383946,
                "time_length": 1.173741973753394,
                "intercept": 108.67378501940259,
                "slope": -2.6232893209664625
            },
            "weight": 0.40321706744041497,
            "model_name": "Linear"
        }
    ],
    "model_name": "WeightedEnsemble"
}