{
    "core_models": [
        {
            "model_name": "Alternating",
            "weight": 0.434970961996753,
            "parameters": {
                "threshold": 5,
                "a": 50.38864641792462,
                "t1": 1,
                "b": 3988.7582665997325,
                "c": -0.20360972959989354
            }
        },
        {
            "model_name": "ThermalTime",
            "weight": 0.16622795143510014,
            "parameters": {
                "t1": 123.88986272163248,
                "F": 68.34534001790536,
                "T": 21.687300356123107
            }
        },
        {
            "model_name": "Uniforc",
            "weight": 0.13739044328682537,
            "parameters": {
                "t1": 92.15023492938018,
                "c": -49.46749611112258,
                "F": 72.64570995961988,
                "b": -5.911224520049647
            }
        },
        {
            "model_name": "Linear",
            "weight": 0.26141064328132113,
            "parameters": {
                "intercept": -27.0174658369273,
                "slope": 19.057474783377643,
                "time_start": 56.00431653351739,
                "time_length": 1.9250274011825752
            }
        }
    ],
    "model_name": "WeightedEnsemble"
}