{
    "core_models": [
        {
            "parameters": {
                "b": 6.440032391840305,
                "c": -2.5381528390280996,
                "threshold": 5,
                "a": 852.8552218152374,
                "t1": 1
            },
            "weight": 0.1756572624786361,
            "model_name": "Alternating"
        },
        {
            "parameters": {
                "T": 12.29741753653985,
                "F": 27.951555082767356,
                "t1": 70.2530554161003
            },
            "weight": 0.36801284894771563,
            "model_name": "ThermalTime"
        },
        {
            "parameters": {
                "b": -5.9501767213108625,
                "F": 1.9661296214544706,
                "c": 12.636782536267665,
                "t1": 70.4260963042517
            },
            "weight": 0.3092245472281323,
            "model_name": "Uniforc"
        },
        {
            "parameters": {
                "intercept": 217.51501943142682,
                "time_start": 48.35419724096437,
                "time_length": 1.1540971594452927,
                "slope": -13.426263207348097
            },
            "weight": 0.1471053413455156,
            "model_name": "Linear"
        }
    ],
    "model_name": "WeightedEnsemble"
}