{
    "model_name": "WeightedEnsemble",
    "core_models": [
        {
            "model_name": "Alternating",
            "weight": 0.16819581208081513,
            "parameters": {
                "t1": 1,
                "b": 2081.1779994287263,
                "a": 297.61994849657026,
                "c": -3.660197316485064,
                "threshold": 5
            }
        },
        {
            "model_name": "ThermalTime",
            "weight": 0.28852335357720826,
            "parameters": {
                "T": 18.137019307457557,
                "t1": 27.611984950350603,
                "F": 252.79732417101718
            }
        },
        {
            "model_name": "Uniforc",
            "weight": 0.3091277473767831,
            "parameters": {
                "F": 13.369779743177332,
                "t1": 19.450806121472198,
                "b": -19.183216027407724,
                "c": 18.204788642774304
            }
        },
        {
            "model_name": "Linear",
            "weight": 0.23415308696519355,
            "parameters": {
                "time_length": 1.1946402385284074,
                "slope": -8.128069710020617,
                "intercept": 209.23323139688023,
                "time_start": 57.42487850690945
            }
        }
    ]
}