{
    "core_models": [
        {
            "model_name": "Alternating",
            "parameters": {
                "t1": 1,
                "a": 821.1704993892832,
                "c": -0.024629761881975742,
                "threshold": 5,
                "b": 466.68681324876866
            },
            "weight": 0.08201731392885993
        },
        {
            "model_name": "ThermalTime",
            "parameters": {
                "t1": 23.692966290731277,
                "T": 13.028787503252426,
                "F": 717.573757298269
            },
            "weight": 0.09096546953877012
        },
        {
            "model_name": "Uniforc",
            "parameters": {
                "t1": 23.90005436730803,
                "b": -19.192620312625074,
                "F": 42.188854899887,
                "c": 13.084299468374416
            },
            "weight": 0.10601479751763983
        },
        {
            "model_name": "Linear",
            "parameters": {
                "slope": -5.505789774481305,
                "spring_start": 33.398217057483144,
                "spring_length": 11.13376585987971,
                "intercept": 169.93349988613144
            },
            "weight": 0.7210024190147306
        }
    ],
    "model_name": "WeightedEnsemble"
}