{
    "model_name": "WeightedEnsemble",
    "core_models": [
        {
            "weight": 0.40934663950260075,
            "model_name": "Alternating",
            "parameters": {
                "t1": 1,
                "threshold": 5,
                "c": -0.00795562175222253,
                "b": 400.29469792624195,
                "a": 945.1875332015849
            }
        },
        {
            "weight": 0.27572772668857437,
            "model_name": "ThermalTime",
            "parameters": {
                "t1": 63.02657027982015,
                "T": 14.811041160791227,
                "F": 325.5279616357313
            }
        },
        {
            "weight": 0.19328090996252734,
            "model_name": "Uniforc",
            "parameters": {
                "t1": 50.62784867015715,
                "c": 10.95657035148414,
                "F": 44.06609225182827,
                "b": -17.07747687466155
            }
        },
        {
            "weight": 0.12164472384629749,
            "model_name": "Linear",
            "parameters": {
                "intercept": 195.41934806818216,
                "time_length": 8.386527465711794,
                "slope": -9.091860093761083,
                "time_start": -16.79172565684303
            }
        }
    ]
}