{
    "model_name": "ThermalTime",
    "parameters": {
        "F": 28.2208209088015,
        "T": 12.306974719808743,
        "t1": 69.09844181813531
    }
}