{
    "model_name": "WeightedEnsemble",
    "core_models": [
        {
            "weight": 0.2813394418038255,
            "model_name": "Alternating",
            "parameters": {
                "b": 1083.3680038940051,
                "a": 35.48002643409842,
                "c": -0.02166739812158358,
                "t1": 1,
                "threshold": 5
            }
        },
        {
            "weight": 0.2162942567760551,
            "model_name": "ThermalTime",
            "parameters": {
                "F": 191.9566587193873,
                "t1": 70.51601765723791,
                "T": -13.967215283249585
            }
        },
        {
            "weight": 0.3240152775659501,
            "model_name": "Uniforc",
            "parameters": {
                "b": -16.442365489686452,
                "F": 34.286771203375864,
                "t1": 49.937383538138334,
                "c": 1.9023052266036289
            }
        },
        {
            "weight": 0.17835102385416934,
            "model_name": "Linear",
            "parameters": {
                "time_length": 19.145908249929455,
                "time_start": 54.285532400937385,
                "slope": -2.147582508015421,
                "intercept": 105.73218902278926
            }
        }
    ]
}