{
    "model_name": "Uniforc",
    "parameters": {
        "F": 26.97630412440055,
        "b": -10.11884457853099,
        "c": 4.960959441588288,
        "t1": 54.874298995416154
    }
}