{
    "core_models": [
        {
            "weight": 0.6142308003384689,
            "model_name": "Linear",
            "parameters": {
                "time_length": 11.486766218041573,
                "intercept": 209.35202011679436,
                "slope": 4.577281033354455,
                "time_start": 273.81776994809945
            }
        },
        {
            "weight": 0.385769199661531,
            "model_name": "FallCooling",
            "parameters": {
                "F": 42.69776719624633,
                "t1": 263.38922922912946,
                "T": 15.559019864131757
            }
        }
    ],
    "model_name": "WeightedEnsemble"
}