{
    "model_name": "WeightedEnsemble",
    "core_models": [
        {
            "model_name": "Alternating",
            "parameters": {
                "a": -438.71007428806905,
                "c": -0.010710915617760275,
                "t1": 1,
                "threshold": 5,
                "b": 1539.1427652347838
            },
            "weight": 0.3412810116605931
        },
        {
            "model_name": "ThermalTime",
            "parameters": {
                "T": -9.705743991038302,
                "F": 156.454163642653,
                "t1": 74.21639748147862
            },
            "weight": 0.21266109783678577
        },
        {
            "model_name": "Uniforc",
            "parameters": {
                "F": 82.0552623459089,
                "t1": 11.45871372119278,
                "c": -9.180570585663371,
                "b": -2.759214604145262
            },
            "weight": 0.18659701794049777
        },
        {
            "model_name": "Linear",
            "parameters": {
                "time_start": -2.9339010618458694,
                "intercept": 105.72145825099022,
                "time_length": 6.5114982298300745,
                "slope": -2.218771334155565
            },
            "weight": 0.2594608725621233
        }
    ]
}