{
    "model_name": "WeightedEnsemble",
    "core_models": [
        {
            "weight": 0.17714234867979267,
            "model_name": "Alternating",
            "parameters": {
                "b": 647.9220029562011,
                "a": 304.594302835258,
                "threshold": 5,
                "t1": 1,
                "c": -0.02833967482099098
            }
        },
        {
            "weight": 0.2753770965358817,
            "model_name": "ThermalTime",
            "parameters": {
                "F": 397.88567408688635,
                "t1": 43.10470939137785,
                "T": 1.853693030337139
            }
        },
        {
            "weight": 0.18192358227869293,
            "model_name": "Uniforc",
            "parameters": {
                "F": 49.883172350683694,
                "t1": 29.947057966671807,
                "c": 1.7258803437955161,
                "b": -18.08757939561712
            }
        },
        {
            "weight": 0.3655569725056327,
            "model_name": "Linear",
            "parameters": {
                "time_start": 54.538537616491865,
                "intercept": 129.81569337073668,
                "slope": -3.813119646550464,
                "time_length": 47.7966747809832
            }
        }
    ]
}