{
    "core_models": [
        {
            "parameters": {
                "c": -0.01972742803129446,
                "a": 230.5632770999355,
                "threshold": 5,
                "b": 621.0880906913035,
                "t1": 1
            },
            "model_name": "Alternating",
            "weight": 0.18176562025994972
        },
        {
            "parameters": {
                "t1": 43.9493437546343,
                "F": 397.83158646062986,
                "T": 1.826186676807734
            },
            "model_name": "ThermalTime",
            "weight": 0.3080740288586399
        },
        {
            "parameters": {
                "c": 4.227689082484187,
                "t1": 39.54989995564189,
                "F": 37.65634713985343,
                "b": -6.807742561344659
            },
            "model_name": "Uniforc",
            "weight": 0.20416987084945265
        },
        {
            "parameters": {
                "time_start": 55.4934906980673,
                "intercept": 142.8901932360753,
                "time_length": 71.0405840618154,
                "slope": -4.303141927871956
            },
            "model_name": "Linear",
            "weight": 0.3059904800319577
        }
    ],
    "model_name": "WeightedEnsemble"
}