{
    "model_name": "WeightedEnsemble",
    "core_models": [
        {
            "weight": 0.24324012065531148,
            "model_name": "Alternating",
            "parameters": {
                "b": 719.7629131094059,
                "a": 176.4779092724562,
                "t1": 1,
                "threshold": 5,
                "c": -0.023946430742005642
            }
        },
        {
            "weight": 0.2074809322480086,
            "model_name": "ThermalTime",
            "parameters": {
                "F": 294.63463740268344,
                "T": 0.23397471430788852,
                "t1": 54.21668264734207
            }
        },
        {
            "weight": 0.30473766715509953,
            "model_name": "Uniforc",
            "parameters": {
                "F": 26.978811109410557,
                "b": -7.573204353749274,
                "t1": 54.153368654696365,
                "c": 4.746716363642289
            }
        },
        {
            "weight": 0.24454127994158026,
            "model_name": "Linear",
            "parameters": {
                "spring_length": 38.30002515688621,
                "spring_start": 54.59751419216652,
                "slope": -2.536042818881723,
                "intercept": 112.35801135313957
            }
        }
    ]
}