{
    "model_name": "Uniforc",
    "parameters": {
        "F": 5.558534475615829,
        "b": -2.680018322681881,
        "c": 13.981974893900272,
        "t1": 68.23376186536282
    }
}