{
    "model_name": "WeightedEnsemble",
    "core_models": [
        {
            "model_name": "Alternating",
            "parameters": {
                "threshold": 5,
                "b": 665.6484746922713,
                "a": 137.8196846047788,
                "c": -0.012350732790358698,
                "t1": 1
            },
            "weight": 0.08388321946282046
        },
        {
            "model_name": "ThermalTime",
            "parameters": {
                "T": -8.180856872208611,
                "t1": 55.43563175158447,
                "F": 365.59008313220284
            },
            "weight": 0.2973648347079728
        },
        {
            "model_name": "Uniforc",
            "parameters": {
                "b": -2.2885897865603315,
                "c": 14.042205652327223,
                "t1": 68.63818753734338,
                "F": 5.465404004189594
            },
            "weight": 0.43484136014003416
        },
        {
            "model_name": "Linear",
            "parameters": {
                "spring_length": 5.785472594136415,
                "slope": -2.3720473539782128,
                "spring_start": 59.639990267021794,
                "intercept": 110.86909210227859
            },
            "weight": 0.18391058568917265
        }
    ]
}