{
    "model_name": "ThermalTime",
    "parameters": {
        "F": 574.7883845044157,
        "T": 23.101420053913127,
        "t1": -66.7404249948153
    }
}