{
    "model_name": "WeightedEnsemble",
    "core_models": [
        {
            "parameters": {
                "a": 688.2371458325209,
                "c": -0.015438305058827595,
                "b": 2005.7663940102943,
                "t1": 1,
                "threshold": 5
            },
            "model_name": "Alternating",
            "weight": 0.0792355895946813
        },
        {
            "parameters": {
                "T": 21.558896431232387,
                "F": 305.68467749598153,
                "t1": 137.06329999183592
            },
            "model_name": "ThermalTime",
            "weight": 0.08791706958724588
        },
        {
            "parameters": {
                "c": 12.292307252464473,
                "b": -13.135237333910736,
                "F": 101.57651589019787,
                "t1": 30.459418150689245
            },
            "model_name": "Uniforc",
            "weight": 0.1327946053246027
        },
        {
            "parameters": {
                "time_length": 1.5274305497674803,
                "intercept": -67.0,
                "slope": 20.441993140481802,
                "time_start": -16.71130404282955
            },
            "model_name": "Linear",
            "weight": 0.7000527354934696
        }
    ]
}