{
    "core_models": [
        {
            "weight": 0.1911658665821351,
            "parameters": {
                "b": 818.8237290752932,
                "threshold": 5,
                "t1": 1,
                "a": 924.0382508655007,
                "c": -0.0015674725212191376
            },
            "model_name": "Alternating"
        },
        {
            "weight": 0.2523918324671952,
            "parameters": {
                "T": 17.75485771675055,
                "F": 831.3806550921887,
                "t1": 26.286925513685517
            },
            "model_name": "ThermalTime"
        },
        {
            "weight": 0.2713973372193747,
            "parameters": {
                "b": -3.007907929824933,
                "c": 26.37088925207447,
                "F": 0.3319184986416275,
                "t1": 62.546601384255965
            },
            "model_name": "Uniforc"
        },
        {
            "weight": 0.28504496373129506,
            "parameters": {
                "intercept": -66.99999999999977,
                "time_start": -17.06379881417854,
                "time_length": 2.0496001062563707,
                "slope": 16.66187189006377
            },
            "model_name": "Linear"
        }
    ],
    "model_name": "WeightedEnsemble"
}