{
    "model_name": "WeightedEnsemble",
    "core_models": [
        {
            "weight": 0.15342078786570876,
            "model_name": "Alternating",
            "parameters": {
                "a": 898.5702638813999,
                "b": 1456.8343429877891,
                "threshold": 5,
                "t1": 1,
                "c": -0.007170342813667574
            }
        },
        {
            "weight": 0.23141493002021143,
            "model_name": "ThermalTime",
            "parameters": {
                "T": 13.007767010158828,
                "t1": 138.338754339133,
                "F": 52.531197109586344
            }
        },
        {
            "weight": 0.35902732672178267,
            "model_name": "Uniforc",
            "parameters": {
                "b": -6.781385912070503,
                "F": 125.37129063750979,
                "t1": 0.7573566354146806,
                "c": 9.053787466383689
            }
        },
        {
            "weight": 0.25613695539229697,
            "model_name": "Linear",
            "parameters": {
                "time_length": 2.214707512457622,
                "time_start": -24.594265931836034,
                "intercept": 14.381304302672953,
                "slope": 11.323665494360645
            }
        }
    ]
}