{
    "core_models": [
        {
            "parameters": {
                "c": -0.0024200335627648784,
                "threshold": 5,
                "b": 752.0722449289058,
                "t1": 1,
                "a": 760.7910689899733
            },
            "model_name": "Alternating",
            "weight": 0.12754285301193405
        },
        {
            "parameters": {
                "T": 23.770277013055136,
                "t1": -66.43892534109312,
                "F": 177.6484152087432
            },
            "model_name": "ThermalTime",
            "weight": 0.36985034808512246
        },
        {
            "parameters": {
                "c": 23.418157715764032,
                "b": -15.214662400251537,
                "t1": -66.59464095509597,
                "F": 7.565847527387604
            },
            "model_name": "Uniforc",
            "weight": 0.2160660348861233
        },
        {
            "parameters": {
                "time_length": 6.8551194675531875,
                "time_start": -16.306708684217178,
                "intercept": 293.2538091890606,
                "slope": -18.11922154398981
            },
            "model_name": "Linear",
            "weight": 0.2865407640168202
        }
    ],
    "model_name": "WeightedEnsemble"
}