{
    "core_models": [
        {
            "weight": 0.07649954121052463,
            "model_name": "Alternating",
            "parameters": {
                "b": 2752.5916460962694,
                "threshold": 5,
                "c": -0.03122746317934011,
                "a": 125.58769053759922,
                "t1": 1
            }
        },
        {
            "weight": 0.08081970392564655,
            "model_name": "ThermalTime",
            "parameters": {
                "T": 23.13978068170442,
                "F": 728.4404460889917,
                "t1": -66.92073031270189
            }
        },
        {
            "weight": 0.07768534275858288,
            "model_name": "Uniforc",
            "parameters": {
                "b": -19.391325382875635,
                "F": 29.293221082048674,
                "c": 23.1978013820177,
                "t1": -66.7565681090382
            }
        },
        {
            "weight": 0.7649954121052465,
            "model_name": "Linear",
            "parameters": {
                "slope": -15.034000563597615,
                "spring_start": -15.825508905799737,
                "intercept": 298.0,
                "spring_length": 1.3417893409490844
            }
        }
    ],
    "model_name": "WeightedEnsemble"
}