{
    "model_name": "ThermalTime",
    "parameters": {
        "F": 7.906876828821452,
        "T": 19.914348759591796,
        "t1": 20.718698674066133
    }
}