{
    "core_models": [
        {
            "weight": 0.5233975730918035,
            "model_name": "Linear",
            "parameters": {
                "time_start": 184.49266529673764,
                "time_length": 18.11451452219382,
                "intercept": 298.0,
                "slope": -1.4763926438231667
            }
        },
        {
            "weight": 0.47660242690819665,
            "model_name": "FallCooling",
            "parameters": {
                "t1": 255.66702671201804,
                "T": 24.98221891107094,
                "F": 155.4018866857287
            }
        }
    ],
    "model_name": "WeightedEnsemble"
}