{
    "model_name": "Alternating",
    "parameters": {
        "a": 988.2793939595407,
        "b": 4977.049880120414,
        "c": -0.011143303867842123,
        "t1": 1.0,
        "threshold": 5.0
    }
}