{
    "core_models": [
        {
            "model_name": "Alternating",
            "parameters": {
                "t1": 1,
                "a": 991.6497797967265,
                "c": -0.010668746367464177,
                "threshold": 5,
                "b": 4950.790693802169
            },
            "weight": 0.49941995403475625
        },
        {
            "model_name": "ThermalTime",
            "parameters": {
                "t1": 252.0868390195036,
                "T": 14.264942063847712,
                "F": 122.48739333237268
            },
            "weight": 0.1726341811404639
        },
        {
            "model_name": "Uniforc",
            "parameters": {
                "t1": 126.16564390220151,
                "b": -1.261860334737337,
                "F": 127.0513120014761,
                "c": 12.160983178498963
            },
            "weight": 0.2431427795760739
        },
        {
            "model_name": "Linear",
            "parameters": {
                "slope": -0.8808337309723123,
                "spring_start": 42.077953016002695,
                "spring_length": 1.7336144708203776,
                "intercept": 260.6896107348691
            },
            "weight": 0.08480308524870603
        }
    ],
    "model_name": "WeightedEnsemble"
}