{
    "core_models": [
        {
            "model_name": "Alternating",
            "weight": 0.6212917252017622,
            "parameters": {
                "threshold": 5,
                "b": 4934.528995111723,
                "a": 994.6886005974483,
                "c": -0.01051260334129367,
                "t1": 1
            }
        },
        {
            "model_name": "ThermalTime",
            "weight": 0.14827122606480675,
            "parameters": {
                "F": 103.86150134995398,
                "T": 14.375840776262244,
                "t1": 254.7680363652644
            }
        },
        {
            "model_name": "Uniforc",
            "weight": 0.09102308297828168,
            "parameters": {
                "b": -10.677769920046487,
                "F": 136.07985527027466,
                "c": 10.404468908771513,
                "t1": 118.92955491339906
            }
        },
        {
            "model_name": "Linear",
            "weight": 0.1394139657551485,
            "parameters": {
                "intercept": 264.58652339879416,
                "time_start": 19.339837071719458,
                "slope": -1.0652940662771013,
                "time_length": 1.291922489365497
            }
        }
    ],
    "model_name": "WeightedEnsemble"
}