{
    "model_name": "WeightedEnsemble",
    "core_models": [
        {
            "model_name": "Alternating",
            "parameters": {
                "a": 983.2266296687264,
                "threshold": 5,
                "t1": 1,
                "c": -0.010299547493137773,
                "b": 4964.031581146199
            },
            "weight": 0.5250436918821678
        },
        {
            "model_name": "ThermalTime",
            "parameters": {
                "F": 155.5936213559006,
                "T": 12.420631873354532,
                "t1": 259.3119403949028
            },
            "weight": 0.13920307976221138
        },
        {
            "model_name": "Uniforc",
            "parameters": {
                "F": 142.12149280561363,
                "t1": 119.64423449471178,
                "c": 10.25991263017042,
                "b": -18.496620438749936
            },
            "weight": 0.16229773400747355
        },
        {
            "model_name": "Linear",
            "parameters": {
                "intercept": 269.13197991563095,
                "time_start": 43.840974752449206,
                "time_length": 6.202707732943431,
                "slope": -0.7878617846173641
            },
            "weight": 0.17345549434814683
        }
    ]
}