{
    "model_name": "WeightedEnsemble",
    "core_models": [
        {
            "parameters": {
                "threshold": 5,
                "b": 1050.9073552965299,
                "a": 562.0033450449478,
                "c": -0.016655621049657565,
                "t1": 1
            },
            "model_name": "Alternating",
            "weight": 0.4236878710852944
        },
        {
            "parameters": {
                "t1": 69.05297622089319,
                "F": 782.95669215272,
                "T": -4.423422211215911
            },
            "model_name": "ThermalTime",
            "weight": 0.1629522796933642
        },
        {
            "parameters": {
                "b": -14.51422420805395,
                "c": 13.303239243294573,
                "t1": 137.86856148552368,
                "F": 15.775131080601284
            },
            "model_name": "Uniforc",
            "weight": 0.14584073486518265
        },
        {
            "parameters": {
                "intercept": 192.4461742380521,
                "time_length": 119.43049525820557,
                "time_start": 59.65559095442377,
                "slope": -3.1496412902494737
            },
            "model_name": "Linear",
            "weight": 0.2675191143561588
        }
    ]
}