{
    "model_name": "Uniforc",
    "parameters": {
        "F": 23.000773682233547,
        "b": -0.17598639583437325,
        "c": 16.611282219408285,
        "t1": 24.804295720751853
    }
}