{
    "core_models": [
        {
            "weight": 0.33728821569232664,
            "model_name": "Linear",
            "parameters": {
                "time_start": 282.19700649757254,
                "slope": 5.747294271284025,
                "time_length": 10.112236785269126,
                "intercept": 195.28281923057622
            }
        },
        {
            "weight": 0.662711784307673,
            "model_name": "FallCooling",
            "parameters": {
                "F": 336.8011127682764,
                "t1": 232.28323524988076,
                "T": 18.636098841051098
            }
        }
    ],
    "model_name": "WeightedEnsemble"
}