{
    "model_name": "WeightedEnsemble",
    "core_models": [
        {
            "parameters": {
                "a": 204.76145050139039,
                "t1": 1,
                "threshold": 5,
                "b": 4529.7719415836045,
                "c": -0.0401715882303586
            },
            "model_name": "Alternating",
            "weight": 0.126858448801538
        },
        {
            "parameters": {
                "F": 303.7825066419472,
                "T": -10.756164291396688,
                "t1": 86.7414374937068
            },
            "model_name": "ThermalTime",
            "weight": 0.2109956431713163
        },
        {
            "parameters": {
                "F": 10.531179124012283,
                "t1": 103.27896265986,
                "b": -18.022825945332187,
                "c": 8.846689355992755
            },
            "model_name": "Uniforc",
            "weight": 0.14302580780428242
        },
        {
            "parameters": {
                "slope": 2.840377578101677,
                "spring_length": 1.706971818531727,
                "spring_start": 22.382856553930665,
                "intercept": 152.6602319747265
            },
            "model_name": "Linear",
            "weight": 0.5191201002228633
        }
    ]
}