{
    "core_models": [
        {
            "weight": 0.29611876881856297,
            "parameters": {
                "a": -568.5826571024453,
                "b": 2785.622084895817,
                "c": -0.013051882181343455,
                "t1": 1,
                "threshold": 5
            },
            "model_name": "Alternating"
        },
        {
            "weight": 0.349245986127632,
            "parameters": {
                "T": 7.986894351617135,
                "t1": 110.64726972448685,
                "F": 35.00332651790484
            },
            "model_name": "ThermalTime"
        },
        {
            "weight": 0.22306594204297706,
            "parameters": {
                "b": -17.948752568341607,
                "c": 7.838739488874891,
                "t1": 110.64464508302112,
                "F": 4.930992941307693
            },
            "model_name": "Uniforc"
        },
        {
            "weight": 0.1315693030108278,
            "parameters": {
                "slope": 1.605554899445176,
                "time_start": -21.83435968814723,
                "time_length": 1.824217730294876,
                "intercept": 126.71416651216657
            },
            "model_name": "Linear"
        }
    ],
    "model_name": "WeightedEnsemble"
}