{
    "model_name": "Alternating",
    "parameters": {
        "a": 207.7452748962121,
        "b": 4814.376162723578,
        "c": -0.041190968997804056,
        "t1": 1.0,
        "threshold": 5.0
    }
}