{
    "model_name": "WeightedEnsemble",
    "core_models": [
        {
            "model_name": "Alternating",
            "parameters": {
                "a": -304.7713638063864,
                "c": -0.014800393724615724,
                "b": 2234.55208627306,
                "threshold": 5,
                "t1": 1
            },
            "weight": 0.16099904663461653
        },
        {
            "model_name": "ThermalTime",
            "parameters": {
                "F": 45.42879096793621,
                "T": 8.000810853561418,
                "t1": 109.54990946876131
            },
            "weight": 0.39814050312161015
        },
        {
            "model_name": "Uniforc",
            "parameters": {
                "F": 5.4152193172350565,
                "c": 8.006143736831127,
                "b": -14.87954290978669,
                "t1": 109.82604988926991
            },
            "weight": 0.23482354454874776
        },
        {
            "model_name": "Linear",
            "parameters": {
                "slope": 1.34469856345662,
                "time_start": -20.888422173450202,
                "intercept": 126.93346168432139,
                "time_length": 1.7718206154886786
            },
            "weight": 0.20603690569502575
        }
    ]
}