{
    "core_models": [
        {
            "model_name": "Alternating",
            "weight": 0.2433287089883422,
            "parameters": {
                "a": 782.4593566277554,
                "c": -0.06484401446524046,
                "b": 4122.666300020827,
                "t1": 1,
                "threshold": 5
            }
        },
        {
            "model_name": "ThermalTime",
            "weight": 0.3032999125565402,
            "parameters": {
                "F": 792.9698488728109,
                "t1": 63.479448011128554,
                "T": -4.386010777998573
            }
        },
        {
            "model_name": "Uniforc",
            "weight": 0.2973716528150668,
            "parameters": {
                "F": 28.510820962818144,
                "c": 14.040037664513093,
                "b": -0.20948180112965353,
                "t1": 33.63676241671
            }
        },
        {
            "model_name": "Linear",
            "weight": 0.15599972564005077,
            "parameters": {
                "intercept": 208.04930973180166,
                "slope": -5.142186639071736,
                "spring_length": 119.69272881314318,
                "spring_start": 59.79564865274745
            }
        }
    ],
    "model_name": "WeightedEnsemble"
}