{
    "model_name": "WeightedEnsemble",
    "core_models": [
        {
            "model_name": "Alternating",
            "parameters": {
                "b": 3813.998730542012,
                "a": 709.2012885277379,
                "t1": 1,
                "c": -0.04883456474780834,
                "threshold": 5
            },
            "weight": 0.3419417105352904
        },
        {
            "model_name": "ThermalTime",
            "parameters": {
                "t1": 70.77530897692344,
                "F": 763.3105907080858,
                "T": -4.405476424772331
            },
            "weight": 0.26206292065514036
        },
        {
            "model_name": "Uniforc",
            "parameters": {
                "b": -0.1899027361054877,
                "c": 13.149670957827064,
                "t1": 54.34483339617401,
                "F": 30.590329010197365
            },
            "weight": 0.0953486751310914
        },
        {
            "model_name": "Linear",
            "parameters": {
                "time_length": 118.70262777581121,
                "intercept": 198.5689114064321,
                "slope": -4.366822157831401,
                "time_start": 59.91324889460272
            },
            "weight": 0.30064669367847807
        }
    ]
}