{
    "core_models": [
        {
            "weight": 0.27502718093971845,
            "model_name": "Alternating",
            "parameters": {
                "b": 689.6220727574384,
                "c": -0.015851057451941486,
                "a": 750.5581278270972,
                "t1": 1,
                "threshold": 5
            }
        },
        {
            "weight": 0.2171933145899715,
            "model_name": "ThermalTime",
            "parameters": {
                "F": 394.2683088157113,
                "t1": 63.83426146843226,
                "T": 13.150088088595819
            }
        },
        {
            "weight": 0.2404290605164222,
            "model_name": "Uniforc",
            "parameters": {
                "b": -19.640614263258236,
                "F": 7.645654994351531,
                "t1": -45.44592722119242,
                "c": 17.148687820372487
            }
        },
        {
            "weight": 0.26735044395388785,
            "model_name": "Linear",
            "parameters": {
                "time_start": 59.594296931200056,
                "slope": -6.990588686784881,
                "time_length": 93.70967501291379,
                "intercept": 221.9747709767106
            }
        }
    ],
    "model_name": "WeightedEnsemble"
}