{
    "core_models": [
        {
            "parameters": {
                "time_start": 283.25346792476074,
                "time_length": 10.255044885379611,
                "intercept": 298.0,
                "slope": -6.414780036611648
            },
            "weight": 0.635492030594839,
            "model_name": "Linear"
        },
        {
            "parameters": {
                "t1": 182.65679163524277,
                "F": 615.3728742720489,
                "T": 22.42242839501819
            },
            "weight": 0.36450796940516034,
            "model_name": "FallCooling"
        }
    ],
    "model_name": "WeightedEnsemble"
}