{
    "model_name": "WeightedEnsemble",
    "core_models": [
        {
            "parameters": {
                "threshold": 5,
                "t1": 1,
                "b": 60.65218343657534,
                "c": -3.5053429710541053,
                "a": 276.3773832897818
            },
            "model_name": "Alternating",
            "weight": 0.2795842544339233
        },
        {
            "parameters": {
                "F": 279.6947265817988,
                "t1": 14.804965901925058,
                "T": -0.17307276279361627
            },
            "model_name": "ThermalTime",
            "weight": 0.10385711784556863
        },
        {
            "parameters": {
                "F": 13.274934598280055,
                "t1": 6.073234929617939,
                "c": 13.32370124390544,
                "b": -0.17197195654864927
            },
            "model_name": "Uniforc",
            "weight": 0.16125682455197032
        },
        {
            "parameters": {
                "slope": -6.870458714967484,
                "time_length": 11.710107958066729,
                "time_start": 59.41854940129591,
                "intercept": 116.12364105992712
            },
            "model_name": "Linear",
            "weight": 0.45530180316853774
        }
    ]
}