{
    "model_name": "WeightedEnsemble",
    "core_models": [
        {
            "model_name": "Alternating",
            "parameters": {
                "a": 713.888274163292,
                "b": 719.3970495963792,
                "threshold": 5,
                "t1": 1,
                "c": -0.01270278218396026
            },
            "weight": 0.2086244521602363
        },
        {
            "model_name": "ThermalTime",
            "parameters": {
                "T": 16.73950753119056,
                "F": 166.85472026439174,
                "t1": -5.0921193455316285
            },
            "weight": 0.09773435355518557
        },
        {
            "model_name": "Uniforc",
            "parameters": {
                "b": -5.625485014860447,
                "F": 7.399759322784149,
                "t1": -45.22853208658262,
                "c": 17.274223765059528
            },
            "weight": 0.40366962149743524
        },
        {
            "model_name": "Linear",
            "parameters": {
                "time_length": 118.7236129104919,
                "time_start": 15.813776172095906,
                "slope": -5.589419461731508,
                "intercept": 194.56842432956424
            },
            "weight": 0.2899715727871429
        }
    ]
}