{
    "model_name": "ThermalTime",
    "parameters": {
        "F": 980.3182844456512,
        "T": -8.2827682825934,
        "t1": 211.3285823267072
    }
}