{
    "core_models": [
        {
            "model_name": "Alternating",
            "weight": 0.11751384683515467,
            "parameters": {
                "threshold": 5,
                "b": 1.9832471161575995,
                "t1": 1,
                "c": -1.0939121449667084,
                "a": 635.5641506815992
            }
        },
        {
            "model_name": "ThermalTime",
            "weight": 0.187704292560666,
            "parameters": {
                "t1": 5.740060816532591,
                "T": 9.512590218533285,
                "F": 178.1409561053274
            }
        },
        {
            "model_name": "Uniforc",
            "weight": 0.266082563280613,
            "parameters": {
                "b": -19.88339100653467,
                "t1": 3.6235225314641326,
                "c": 9.64859592826709,
                "F": 16.695689499900354
            }
        },
        {
            "model_name": "Linear",
            "weight": 0.4286992973235663,
            "parameters": {
                "spring_start": 59.90902172537786,
                "intercept": 141.76480782246645,
                "slope": -7.334074137965013,
                "spring_length": 1.7323380415348808
            }
        }
    ],
    "model_name": "WeightedEnsemble"
}