{
    "core_models": [
        {
            "parameters": {
                "threshold": 5,
                "c": -0.0006222742748214216,
                "b": 2339.3913369717375,
                "t1": 1,
                "a": 887.1390555136138
            },
            "model_name": "Alternating",
            "weight": 0.10126576637834914
        },
        {
            "parameters": {
                "T": -16.105361841004022,
                "t1": 211.01599207076828,
                "F": 979.9319594457168
            },
            "model_name": "ThermalTime",
            "weight": 0.21155646199661762
        },
        {
            "parameters": {
                "F": 131.97664645197028,
                "b": -17.2963075993189,
                "t1": -29.208017306126493,
                "c": 12.933706502937836
            },
            "model_name": "Uniforc",
            "weight": 0.19675054782833973
        },
        {
            "parameters": {
                "spring_length": 2.795437853575052,
                "slope": -3.322205125234351,
                "spring_start": 43.96289533559672,
                "intercept": 214.5991979654389
            },
            "model_name": "Linear",
            "weight": 0.4904272237966937
        }
    ],
    "model_name": "WeightedEnsemble"
}