{
    "model_name": "WeightedEnsemble",
    "core_models": [
        {
            "parameters": {
                "a": 884.8685120516027,
                "b": 620.0634152323585,
                "c": -0.15613617912190048,
                "threshold": 5,
                "t1": 1
            },
            "model_name": "Alternating",
            "weight": 0.4102802446937487
        },
        {
            "parameters": {
                "T": 15.75071254154803,
                "F": 120.25689077047338,
                "t1": 88.61846520429681
            },
            "model_name": "ThermalTime",
            "weight": 0.15938465699864124
        },
        {
            "parameters": {
                "b": -11.901916818427331,
                "F": 6.524784173711566,
                "c": 15.907864622345503,
                "t1": 88.82171288327217
            },
            "model_name": "Uniforc",
            "weight": 0.31028560487541473
        },
        {
            "parameters": {
                "slope": -4.544280567755848,
                "intercept": 168.40849672102576,
                "spring_length": 1.1842921660707333,
                "spring_start": 37.4378656052219
            },
            "model_name": "Linear",
            "weight": 0.12004949343219525
        }
    ]
}