{
    "core_models": [
        {
            "weight": 0.42442147663404867,
            "model_name": "Linear",
            "parameters": {
                "time_start": 180.36125694710626,
                "slope": -2.376652750792799,
                "time_length": 10.21078334734193,
                "intercept": 297.99999993502723
            }
        },
        {
            "weight": 0.5755785233659511,
            "model_name": "FallCooling",
            "parameters": {
                "F": 21.99588657166538,
                "t1": 245.88018858345575,
                "T": 23.837950953148496
            }
        }
    ],
    "model_name": "WeightedEnsemble"
}