{
    "model_name": "ThermalTime",
    "parameters": {
        "F": 110.62581049964173,
        "T": 15.914965427556254,
        "t1": 88.72347693254585
    }
}