{
    "model_name": "ThermalTime",
    "parameters": {
        "F": 178.29239036274768,
        "T": 9.52972511899262,
        "t1": 6.3778979670721565
    }
}