{
    "core_models": [
        {
            "weight": 0.4473548995012011,
            "model_name": "Linear",
            "parameters": {
                "time_start": 297.1459257522578,
                "intercept": 212.5769427946206,
                "slope": 6.924824193627771,
                "time_length": 10.621138125914797
            }
        },
        {
            "weight": 0.5526451004987989,
            "model_name": "FallCooling",
            "parameters": {
                "F": 469.7539856580837,
                "t1": 182.30965195173425,
                "T": 17.957669387992688
            }
        }
    ],
    "model_name": "WeightedEnsemble"
}