{
    "core_models": [
        {
            "weight": 0.24127963972794894,
            "parameters": {
                "b": 3032.1666967443707,
                "threshold": 5,
                "a": 471.4029152091499,
                "t1": 1,
                "c": -0.002615067780000313
            },
            "model_name": "Alternating"
        },
        {
            "weight": 0.23835277316673373,
            "parameters": {
                "F": 993.1034539618224,
                "T": 18.35909584727095,
                "t1": 201.60531643941226
            },
            "model_name": "ThermalTime"
        },
        {
            "weight": 0.13927532961260078,
            "parameters": {
                "F": 121.65936607044421,
                "b": -19.308004543632247,
                "t1": 21.64537042274297,
                "c": 13.057344396376102
            },
            "model_name": "Uniforc"
        },
        {
            "weight": 0.38109225749271675,
            "parameters": {
                "time_length": 2.4867801455808447,
                "time_start": 43.28630784248552,
                "slope": -3.5582384511420573,
                "intercept": 210.05899390642696
            },
            "model_name": "Linear"
        }
    ],
    "model_name": "WeightedEnsemble"
}