{
    "core_models": [
        {
            "weight": 0.21530625745186213,
            "parameters": {
                "a": -306.44907281313414,
                "t1": 1,
                "threshold": 5,
                "c": -0.006064712967348562,
                "b": 756.1049497947054
            },
            "model_name": "Alternating"
        },
        {
            "weight": 0.1732605395429894,
            "parameters": {
                "t1": 43.17146527301034,
                "T": 6.100431353137825,
                "F": 122.23478683504845
            },
            "model_name": "ThermalTime"
        },
        {
            "weight": 0.2619373482533649,
            "parameters": {
                "t1": 43.180507482938765,
                "c": 6.062837175048196,
                "F": 12.237369874802283,
                "b": -19.596140145494658
            },
            "model_name": "Uniforc"
        },
        {
            "weight": 0.3494958547517837,
            "parameters": {
                "time_start": 57.89208348999024,
                "time_length": 53.57538911275665,
                "slope": -6.702984999394937,
                "intercept": 126.83684382786278
            },
            "model_name": "Linear"
        }
    ],
    "model_name": "WeightedEnsemble"
}