{
    "model_name": "WeightedEnsemble",
    "core_models": [
        {
            "model_name": "Alternating",
            "weight": 0.18837453255507536,
            "parameters": {
                "threshold": 5,
                "a": 943.4492074192622,
                "c": -6.442310210630353e-05,
                "t1": 1,
                "b": 1947.1604990988303
            }
        },
        {
            "model_name": "ThermalTime",
            "weight": 0.12139568045495552,
            "parameters": {
                "T": -21.900669039476522,
                "F": 992.9089280250571,
                "t1": 196.52246188932497
            }
        },
        {
            "model_name": "Uniforc",
            "weight": 0.23966861517492155,
            "parameters": {
                "c": 2.1761222986268702,
                "F": 181.11082002372288,
                "t1": -3.866755969218829,
                "b": -16.087260466940716
            }
        },
        {
            "model_name": "Linear",
            "weight": 0.4505611718150475,
            "parameters": {
                "time_length": 8.614135839718493,
                "time_start": 12.589845075413749,
                "intercept": 227.98359047610313,
                "slope": -6.112384160357842
            }
        }
    ]
}