{
    "core_models": [
        {
            "weight": 0.25352404965788616,
            "parameters": {
                "c": -0.04961195881538938,
                "a": 279.67255926289766,
                "threshold": 5,
                "t1": 1,
                "b": 863.7236961705719
            },
            "model_name": "Alternating"
        },
        {
            "weight": 0.3118126492290855,
            "parameters": {
                "t1": 57.06296157723759,
                "F": 318.0866379245109,
                "T": 2.544140743540324
            },
            "model_name": "ThermalTime"
        },
        {
            "weight": 0.14999171592677019,
            "parameters": {
                "t1": 52.39032319701179,
                "F": 32.53792152816703,
                "b": -18.74058359078391,
                "c": 3.9885678018773185
            },
            "model_name": "Uniforc"
        },
        {
            "weight": 0.28467158518625835,
            "parameters": {
                "time_start": 39.67237875248066,
                "slope": -4.5240033096800465,
                "intercept": 144.60562275544095,
                "time_length": 112.10775238033776
            },
            "model_name": "Linear"
        }
    ],
    "model_name": "WeightedEnsemble"
}