{
    "model_name": "WeightedEnsemble",
    "core_models": [
        {
            "model_name": "Alternating",
            "parameters": {
                "c": -0.037184570821226615,
                "b": 829.1641457453879,
                "a": 258.85284177070054,
                "threshold": 5,
                "t1": 1
            },
            "weight": 0.20970206393583216
        },
        {
            "model_name": "ThermalTime",
            "parameters": {
                "F": 315.0616862885432,
                "T": 3.490378227270763,
                "t1": 58.081820336053454
            },
            "weight": 0.1427636565085649
        },
        {
            "model_name": "Uniforc",
            "parameters": {
                "F": 33.95620473223293,
                "c": 3.968671196367446,
                "b": -10.963033217868757,
                "t1": 51.89609088286939
            },
            "weight": 0.35444388867117826
        },
        {
            "model_name": "Linear",
            "parameters": {
                "spring_start": 30.233537373581406,
                "intercept": 140.04197575223495,
                "slope": -4.285576496383356,
                "spring_length": 119.89181391101766
            },
            "weight": 0.2930903908844247
        }
    ]
}