{
    "model_name": "ThermalTime",
    "parameters": {
        "F": 323.30199704505765,
        "T": 3.552925103444826,
        "t1": 56.33291173043562
    }
}