{
    "core_models": [
        {
            "model_name": "Linear",
            "weight": 0.8997111078564893,
            "parameters": {
                "intercept": 134.79247479089528,
                "time_start": 288.52276944732546,
                "time_length": 68.18327429077442,
                "slope": -3.9293895396352183
            }
        },
        {
            "model_name": "FallCooling",
            "weight": 0.10028889214350918,
            "parameters": {
                "F": 2.586255647158339,
                "t1": 182.06888836889766,
                "T": 24.959617395194012
            }
        }
    ],
    "model_name": "WeightedEnsemble"
}