{
    "model_name": "WeightedEnsemble",
    "core_models": [
        {
            "model_name": "Alternating",
            "parameters": {
                "a": 246.01395695634065,
                "c": -0.02378615141881868,
                "threshold": 5,
                "t1": 1,
                "b": 574.9349721059721
            },
            "weight": 0.27394570907312654
        },
        {
            "model_name": "ThermalTime",
            "parameters": {
                "F": 308.10199480146036,
                "t1": 54.60368586469883,
                "T": 3.952550903929841
            },
            "weight": 0.23908331299375882
        },
        {
            "model_name": "Uniforc",
            "parameters": {
                "c": 8.149714661169472,
                "F": 17.74244794646394,
                "t1": 46.99392404886197,
                "b": -15.910099383623916
            },
            "weight": 0.3114682232560971
        },
        {
            "model_name": "Linear",
            "parameters": {
                "slope": -3.5902916629017416,
                "time_start": -5.341528948172048,
                "time_length": 111.20824929148769,
                "intercept": 115.80300311850836
            },
            "weight": 0.17550275467701748
        }
    ]
}