{
    "model_name": "Alternating",
    "parameters": {
        "a": -56.45375751842552,
        "b": 712.5053457500449,
        "c": -0.007210276005906291,
        "t1": 1.0,
        "threshold": 5.0
    }
}