{
    "core_models": [
        {
            "weight": 0.2805628893096046,
            "model_name": "Alternating",
            "parameters": {
                "b": 4119.7174302656285,
                "c": -0.26168576534041144,
                "t1": 1,
                "threshold": 5,
                "a": 458.19287587127565
            }
        },
        {
            "weight": 0.20389334756637445,
            "model_name": "ThermalTime",
            "parameters": {
                "F": 332.89618107460115,
                "t1": 35.99287139599353,
                "T": -23.06133916040627
            }
        },
        {
            "weight": 0.4141037910919287,
            "model_name": "Uniforc",
            "parameters": {
                "F": 74.60236113106279,
                "t1": -16.17540457786356,
                "b": -19.11859759337534,
                "c": 0.7936103024476004
            }
        },
        {
            "weight": 0.1014399720320921,
            "model_name": "Linear",
            "parameters": {
                "slope": -4.910353201887031,
                "intercept": 110.11647911517778,
                "time_start": 4.995068677152219,
                "time_length": 78.11044541147625
            }
        }
    ],
    "model_name": "WeightedEnsemble"
}