{
    "model_name": "WeightedEnsemble",
    "core_models": [
        {
            "model_name": "Alternating",
            "parameters": {
                "b": 2585.3566409117475,
                "a": 458.8491768886105,
                "c": -0.2347266974759279,
                "t1": 1,
                "threshold": 5
            },
            "weight": 0.31668569010010195
        },
        {
            "model_name": "ThermalTime",
            "parameters": {
                "F": 345.1913537639215,
                "T": -18.51901743172862,
                "t1": 35.73173366027925
            },
            "weight": 0.1741573205716184
        },
        {
            "model_name": "Uniforc",
            "parameters": {
                "F": 75.40575653186824,
                "b": -19.373905577134636,
                "c": 0.8078696903333626,
                "t1": -16.959818172833735
            },
            "weight": 0.4193798764851403
        },
        {
            "model_name": "Linear",
            "parameters": {
                "time_length": 15.382094575255245,
                "intercept": 103.20684875858313,
                "slope": -4.562591335950494,
                "time_start": 32.698907166699186
            },
            "weight": 0.08977711284313919
        }
    ]
}