{
    "core_models": [
        {
            "parameters": {
                "c": -0.11712663816428037,
                "b": 379.37090979163986,
                "threshold": 5,
                "a": 457.38287999545844,
                "t1": 1
            },
            "weight": 0.07777873807574841,
            "model_name": "Alternating"
        },
        {
            "parameters": {
                "T": -22.333039743344283,
                "F": 345.65505710778916,
                "t1": 34.28199195990187
            },
            "weight": 0.12048734744916809,
            "model_name": "ThermalTime"
        },
        {
            "parameters": {
                "c": 0.7695133626606676,
                "b": -18.55095487027163,
                "F": 75.68461320436477,
                "t1": -17.96807056420002
            },
            "weight": 0.5809375572994788,
            "model_name": "Uniforc"
        },
        {
            "parameters": {
                "spring_length": 100.82984727070985,
                "slope": -5.381776327841869,
                "intercept": 121.97419953692474,
                "spring_start": 3.871598545105577
            },
            "weight": 0.22079635717560478,
            "model_name": "Linear"
        }
    ],
    "model_name": "WeightedEnsemble"
}