{
    "model_name": "WeightedEnsemble",
    "core_models": [
        {
            "parameters": {
                "a": 807.6808190918327,
                "threshold": 5,
                "b": 2630.6514607039194,
                "c": -0.5107526819389134,
                "t1": 1
            },
            "model_name": "Alternating",
            "weight": 0.21737756583616671
        },
        {
            "parameters": {
                "F": 16.591497028454796,
                "T": -19.114072513395083,
                "t1": 159.27772509626521
            },
            "model_name": "ThermalTime",
            "weight": 0.09408732222313587
        },
        {
            "parameters": {
                "F": 126.40958452973422,
                "b": -15.271093120412624,
                "c": -5.5308517998590485,
                "t1": -0.7908644568056218
            },
            "model_name": "Uniforc",
            "weight": 0.4092373242507053
        },
        {
            "parameters": {
                "intercept": 141.57591551208114,
                "time_length": 41.57442173721262,
                "slope": -3.851523153453515,
                "time_start": 15.886033717573902
            },
            "model_name": "Linear",
            "weight": 0.27929778768999186
        }
    ]
}