{
    "model_name": "WeightedEnsemble",
    "core_models": [
        {
            "model_name": "Alternating",
            "parameters": {
                "threshold": 5,
                "b": 1602.7395250650022,
                "a": -433.6408837575038,
                "c": -0.009160459792392217,
                "t1": 1
            },
            "weight": 0.19537918582014974
        },
        {
            "model_name": "ThermalTime",
            "parameters": {
                "T": -0.018930930183161387,
                "t1": 63.45425686886731,
                "F": 358.98568844104983
            },
            "weight": 0.17304382025224213
        },
        {
            "model_name": "Uniforc",
            "parameters": {
                "b": -0.05644473362048785,
                "c": 14.626844194973632,
                "t1": 25.785878735366083,
                "F": 30.96130009790599
            },
            "weight": 0.10548802784061365
        },
        {
            "model_name": "Linear",
            "parameters": {
                "spring_length": 2.254903430661095,
                "slope": -1.6912942432581457,
                "spring_start": 50.250070252696204,
                "intercept": 115.29215156883403
            },
            "weight": 0.5260889660869946
        }
    ]
}