{
    "model_name": "Uniforc",
    "parameters": {
        "F": 30.7056052512377,
        "b": -0.053257192861636334,
        "c": 14.838506167343091,
        "t1": 25.136737334019276
    }
}