{
    "model_name": "ThermalTime",
    "parameters": {
        "F": 673.7875049381744,
        "T": 1.0149209753825883,
        "t1": 91.27263174373401
    }
}