{
    "core_models": [
        {
            "weight": 0.271400469262394,
            "parameters": {
                "a": 895.2815210544594,
                "b": 3862.2384946743823,
                "c": -0.9860523676032529,
                "threshold": 5,
                "t1": 1
            },
            "model_name": "Alternating"
        },
        {
            "weight": 0.18704859666477078,
            "parameters": {
                "F": 3.3063443020283216,
                "T": -14.446686782300084,
                "t1": 163.2651204593152
            },
            "model_name": "ThermalTime"
        },
        {
            "weight": 0.2812743270393436,
            "parameters": {
                "b": -19.122338105582543,
                "F": 114.74972502205452,
                "c": -3.231320103095492,
                "t1": 18.749107520038578
            },
            "model_name": "Uniforc"
        },
        {
            "weight": 0.2602766070334916,
            "parameters": {
                "intercept": 151.19951585498666,
                "time_length": 7.668736755907005,
                "slope": -2.5713044341719637,
                "time_start": 13.448453812238848
            },
            "model_name": "Linear"
        }
    ],
    "model_name": "WeightedEnsemble"
}