{
    "model_name": "WeightedEnsemble",
    "core_models": [
        {
            "model_name": "Alternating",
            "weight": 0.13238540262081594,
            "parameters": {
                "b": 2226.0873499217228,
                "threshold": 5,
                "c": -0.41321843844360195,
                "a": 779.0766654952106,
                "t1": 1
            }
        },
        {
            "model_name": "ThermalTime",
            "weight": 0.08910011513878809,
            "parameters": {
                "F": 640.3257872463719,
                "T": 1.1249102061487493,
                "t1": 96.70400461922517
            }
        },
        {
            "model_name": "Uniforc",
            "weight": 0.20347096011461407,
            "parameters": {
                "F": 121.44872564217859,
                "b": -18.0214985327322,
                "c": -5.376127161318522,
                "t1": 9.155417241000862
            }
        },
        {
            "model_name": "Linear",
            "weight": 0.5750435221257822,
            "parameters": {
                "spring_start": 53.78442584574511,
                "intercept": 156.93323996703054,
                "slope": -2.3043694869996796,
                "spring_length": 1.7240107617138989
            }
        }
    ]
}