{
    "core_models": [
        {
            "parameters": {
                "threshold": 5,
                "c": -0.005837540611983272,
                "b": 2068.238444192769,
                "t1": 1,
                "a": -945.5218315762468
            },
            "weight": 0.5255160096188329,
            "model_name": "Alternating"
        },
        {
            "parameters": {
                "t1": 83.03354364418826,
                "F": 134.47994323330312,
                "T": 9.273253351524707
            },
            "weight": 0.2034538701756453,
            "model_name": "ThermalTime"
        },
        {
            "parameters": {
                "b": -4.834138252874418,
                "t1": 81.22199195758955,
                "F": 11.889256354541885,
                "c": 9.17736151147256
            },
            "weight": 0.14997818330693727,
            "model_name": "Uniforc"
        },
        {
            "parameters": {
                "time_length": 31.758737562736975,
                "slope": -1.838618619524018,
                "time_start": -27.37181935287586,
                "intercept": 112.74972037297314
            },
            "weight": 0.12105193689858401,
            "model_name": "Linear"
        }
    ],
    "model_name": "WeightedEnsemble"
}