{
    "model_name": "WeightedEnsemble",
    "core_models": [
        {
            "parameters": {
                "b": 1856.6222710290015,
                "c": -0.005973154013784843,
                "t1": 1,
                "threshold": 5,
                "a": -784.426819785284
            },
            "model_name": "Alternating",
            "weight": 0.39097109711112416
        },
        {
            "parameters": {
                "T": -1.7334356589829347,
                "F": 256.0383494857089,
                "t1": 81.68811025984519
            },
            "model_name": "ThermalTime",
            "weight": 0.10759349928795013
        },
        {
            "parameters": {
                "F": 28.914745708392076,
                "c": 9.976680536449734,
                "t1": 42.23439571795065,
                "b": -0.08148960201020472
            },
            "model_name": "Uniforc",
            "weight": 0.14526999111567063
        },
        {
            "parameters": {
                "intercept": 127.35449755539247,
                "slope": -2.3469972338741587,
                "time_length": 76.61299441003247,
                "time_start": 45.391269246033424
            },
            "model_name": "Linear",
            "weight": 0.35616541248525474
        }
    ]
}