{
    "model_name": "Alternating",
    "parameters": {
        "a": 846.5710956162544,
        "b": 393.1894103244285,
        "c": -4.4175088150039885,
        "t1": 1.0,
        "threshold": 5.0
    }
}