{
    "model_name": "Alternating",
    "parameters": {
        "a": 251.461314945149,
        "b": 521.9483972744799,
        "c": -1.0598095294125986,
        "t1": 1.0,
        "threshold": 5.0
    }
}