{
    "model_name": "WeightedEnsemble",
    "core_models": [
        {
            "model_name": "Alternating",
            "weight": 0.5606433289297795,
            "parameters": {
                "c": -2.15386872985793,
                "threshold": 5,
                "b": 494.93148560307964,
                "t1": 1,
                "a": 285.26868522820206
            }
        },
        {
            "model_name": "ThermalTime",
            "weight": 0.13917746820884722,
            "parameters": {
                "T": 12.483005094901213,
                "F": 16.659767992046795,
                "t1": 56.935356732540704
            }
        },
        {
            "model_name": "Uniforc",
            "weight": 0.09151187668339997,
            "parameters": {
                "c": 12.50330352539022,
                "F": 5.853046381296366,
                "b": -13.412195279508701,
                "t1": 42.548692781377866
            }
        },
        {
            "model_name": "Linear",
            "weight": 0.20866732617797268,
            "parameters": {
                "slope": -8.86877400090398,
                "intercept": 145.61418769434374,
                "time_start": -21.22133188131695,
                "time_length": 6.832605590528658
            }
        }
    ]
}