{
    "core_models": [
        {
            "weight": 0.39522564918912273,
            "model_name": "Alternating",
            "parameters": {
                "b": 278.998807082995,
                "t1": 1,
                "threshold": 5,
                "a": 924.3204567858531,
                "c": -3.5900456256231132
            }
        },
        {
            "weight": 0.22348021277247043,
            "model_name": "ThermalTime",
            "parameters": {
                "t1": 32.10604607952676,
                "T": -24.231212370287984,
                "F": 779.9809745543205
            }
        },
        {
            "weight": 0.22708769075946264,
            "model_name": "Uniforc",
            "parameters": {
                "b": -9.510700032148128,
                "t1": 78.17861334625991,
                "c": 12.596520917978394,
                "F": 9.841397130086364
            }
        },
        {
            "weight": 0.1542064472789437,
            "model_name": "Linear",
            "parameters": {
                "time_start": -22.766495692463764,
                "time_length": 1.3631450997609704,
                "intercept": 128.0366249135895,
                "slope": -3.120837669931939
            }
        }
    ],
    "model_name": "WeightedEnsemble"
}