{
    "core_models": [
        {
            "parameters": {
                "t1": 1,
                "a": 324.86012694578983,
                "b": 418.4022040010732,
                "c": -1.7457183288461793,
                "threshold": 5
            },
            "model_name": "Alternating",
            "weight": 0.33121632014023417
        },
        {
            "parameters": {
                "t1": 39.87135820655618,
                "F": 117.19415676628694,
                "T": 12.567246061608028
            },
            "model_name": "ThermalTime",
            "weight": 0.26479128501926874
        },
        {
            "parameters": {
                "t1": 44.34158946595555,
                "c": 12.714103456017845,
                "b": -17.833797062408507,
                "F": 6.0369289316377035
            },
            "model_name": "Uniforc",
            "weight": 0.11838861592737662
        },
        {
            "parameters": {
                "spring_start": -22.039696169246803,
                "intercept": 145.63158477820443,
                "slope": -8.870287250686815,
                "spring_length": 6.693638862527308
            },
            "model_name": "Linear",
            "weight": 0.2856037789131205
        }
    ],
    "model_name": "WeightedEnsemble"
}