{
    "model_name": "WeightedEnsemble",
    "core_models": [
        {
            "model_name": "Alternating",
            "weight": 0.6276699877183112,
            "parameters": {
                "threshold": 5,
                "b": 1262.5740185405145,
                "c": -4.775006471766617,
                "t1": 1,
                "a": 454.670072910057
            }
        },
        {
            "model_name": "ThermalTime",
            "weight": 0.0954249921711915,
            "parameters": {
                "t1": -51.59277268917805,
                "F": 234.79863155364689,
                "T": 15.13057742305936
            }
        },
        {
            "model_name": "Uniforc",
            "weight": 0.10564006833276213,
            "parameters": {
                "b": -10.48870655030129,
                "t1": -41.11506518798018,
                "c": 13.384294936669027,
                "F": 37.51390511910897
            }
        },
        {
            "model_name": "Linear",
            "weight": 0.1712649517777342,
            "parameters": {
                "time_length": 1.4103419545541058,
                "slope": 23.265418251594966,
                "intercept": -42.57173493147587,
                "time_start": 1.1975491322004324
            }
        }
    ]
}