{
    "core_models": [
        {
            "weight": 0.21859032382781024,
            "parameters": {
                "t1": 1,
                "a": 930.5637717203103,
                "b": 272.0587997477637,
                "c": -1.7467773047810153,
                "threshold": 5
            },
            "model_name": "Alternating"
        },
        {
            "weight": 0.13416679034428378,
            "parameters": {
                "t1": 27.37123992756034,
                "T": -17.315862818345764,
                "F": 840.1100751943814
            },
            "model_name": "ThermalTime"
        },
        {
            "weight": 0.3878915767071001,
            "parameters": {
                "t1": 77.09333678301533,
                "F": 2.87058750970057,
                "b": -0.7067070399335549,
                "c": 15.979002123653851
            },
            "model_name": "Uniforc"
        },
        {
            "weight": 0.2593513091208057,
            "parameters": {
                "time_length": 99.40796279252685,
                "time_start": 31.844072171337213,
                "slope": -15.830506844894275,
                "intercept": 293.35460266878397
            },
            "model_name": "Linear"
        }
    ],
    "model_name": "WeightedEnsemble"
}