{
    "core_models": [
        {
            "parameters": {
                "threshold": 5,
                "a": 939.9709324905073,
                "c": -4.968187406824,
                "b": 284.5353245399897,
                "t1": 1
            },
            "model_name": "Alternating",
            "weight": 0.25416191018603196
        },
        {
            "parameters": {
                "F": 119.33385954563977,
                "T": 15.560058808945337,
                "t1": 37.79024229947302
            },
            "model_name": "ThermalTime",
            "weight": 0.13504603513265362
        },
        {
            "parameters": {
                "F": 4.1021912122876785,
                "c": 16.18365897979812,
                "b": -4.317308291721911,
                "t1": 38.72997272726819
            },
            "model_name": "Uniforc",
            "weight": 0.2175185874925642
        },
        {
            "parameters": {
                "spring_length": 3.7905047253739212,
                "slope": -6.015730591031566,
                "spring_start": 34.25976540920093,
                "intercept": 163.0798771273567
            },
            "model_name": "Linear",
            "weight": 0.39327346718875017
        }
    ],
    "model_name": "WeightedEnsemble"
}