{
    "model_name": "Alternating",
    "parameters": {
        "a": 843.2845906214633,
        "b": 2778.3517125364565,
        "c": -0.33315671552486226,
        "t1": 1.0,
        "threshold": 5.0
    }
}