{
    "model_name": "WeightedEnsemble",
    "core_models": [
        {
            "model_name": "Alternating",
            "weight": 0.047027972027972,
            "parameters": {
                "b": 4406.806895348476,
                "c": -0.049548020038420404,
                "a": 604.9635353541145,
                "threshold": 5,
                "t1": 1
            }
        },
        {
            "model_name": "ThermalTime",
            "weight": 0.047027972027972,
            "parameters": {
                "T": -18.696079381137515,
                "F": 588.0278671894741,
                "t1": 45.185774577518046
            }
        },
        {
            "model_name": "Uniforc",
            "weight": 0.4702797202797203,
            "parameters": {
                "b": -16.219121798874525,
                "c": -9.108329755089217,
                "F": 123.98330446152144,
                "t1": 4.590705208933713
            }
        },
        {
            "model_name": "Linear",
            "weight": 0.43566433566433566,
            "parameters": {
                "intercept": 131.05442324994738,
                "slope": -2.831973285898168,
                "spring_start": 49.310263670748206,
                "spring_length": 6.398946496371956
            }
        }
    ]
}