{
    "model_name": "WeightedEnsemble",
    "core_models": [
        {
            "parameters": {
                "c": -0.047956740126103625,
                "a": 581.654373015861,
                "t1": 1,
                "threshold": 5,
                "b": 4468.436516011877
            },
            "model_name": "Alternating",
            "weight": 0.1961888111888111
        },
        {
            "parameters": {
                "F": 567.4065284159527,
                "T": -15.279875527669514,
                "t1": 45.078126648484755
            },
            "model_name": "ThermalTime",
            "weight": 0.07849650349650343
        },
        {
            "parameters": {
                "F": 122.47649517012212,
                "c": -8.927847860614142,
                "t1": 6.646521518394508,
                "b": -14.061189514203416
            },
            "model_name": "Uniforc",
            "weight": 0.32741258741258766
        },
        {
            "parameters": {
                "intercept": 133.3463767122866,
                "slope": -3.171233409034821,
                "time_length": 11.054835965399924,
                "time_start": 46.00721552640201
            },
            "model_name": "Linear",
            "weight": 0.3979020979020978
        }
    ]
}