{
    "model_name": "Alternating",
    "parameters": {
        "a": -527.226217695868,
        "b": 1452.9466531132116,
        "c": -0.006653689727114109,
        "t1": 1.0,
        "threshold": 5.0
    }
}