{
    "model_name": "ThermalTime",
    "parameters": {
        "F": 278.4714552617828,
        "T": 5.522258054383554,
        "t1": 40.650828198485044
    }
}