{
    "core_models": [
        {
            "parameters": {
                "intercept": 147.4591650326994,
                "time_start": 292.29909801158806,
                "slope": -3.4689600611874316,
                "time_length": 10.721294014599138
            },
            "weight": 0.9083138824445556,
            "model_name": "Linear"
        },
        {
            "parameters": {
                "F": 8.992858071552234,
                "T": 24.40166807052982,
                "t1": 182.11469451045974
            },
            "weight": 0.0916861175554431,
            "model_name": "FallCooling"
        }
    ],
    "model_name": "WeightedEnsemble"
}