{
    "model_name": "WeightedEnsemble",
    "core_models": [
        {
            "parameters": {
                "b": 2346.2925334253214,
                "threshold": 5,
                "a": 14.840005276477664,
                "t1": 1,
                "c": -0.028168357320445647
            },
            "model_name": "Alternating",
            "weight": 0.3103230605340866
        },
        {
            "parameters": {
                "T": 1.7163491413903553,
                "F": 185.43497158470979,
                "t1": 79.65501197096035
            },
            "model_name": "ThermalTime",
            "weight": 0.2705989955646435
        },
        {
            "parameters": {
                "b": -16.612432698973016,
                "F": 28.192506558415587,
                "t1": 74.91388948033196,
                "c": 0.4438466049644596
            },
            "model_name": "Uniforc",
            "weight": 0.18131981790306845
        },
        {
            "parameters": {
                "slope": -1.9182618223456411,
                "intercept": 111.59337473757047,
                "time_length": 54.77019625706357,
                "time_start": 44.49941471413758
            },
            "model_name": "Linear",
            "weight": 0.23775812599820123
        }
    ]
}