{
    "model_name": "Alternating",
    "parameters": {
        "a": 67.8918046665582,
        "b": 2925.3658850244874,
        "c": -0.03630811250989918,
        "t1": 1.0,
        "threshold": 5.0
    }
}