{
    "model_name": "WeightedEnsemble",
    "core_models": [
        {
            "parameters": {
                "c": -2.2813526185741635,
                "t1": 1,
                "threshold": 5,
                "a": 613.2250112504009,
                "b": 166.77437676146565
            },
            "model_name": "Alternating",
            "weight": 0.10188572315875691
        },
        {
            "parameters": {
                "F": 315.647451876171,
                "t1": 38.10106909262636,
                "T": 5.316032985571106
            },
            "model_name": "ThermalTime",
            "weight": 0.30501771557136903
        },
        {
            "parameters": {
                "F": 14.986457676657494,
                "t1": 38.6166832635021,
                "c": 10.195346670661298,
                "b": -0.3508786964458377
            },
            "model_name": "Uniforc",
            "weight": 0.34447986494078037
        },
        {
            "parameters": {
                "spring_start": 47.42769673340446,
                "intercept": 134.0752663113616,
                "slope": -6.037150195652478,
                "spring_length": 50.85290182749818
            },
            "model_name": "Linear",
            "weight": 0.24861669632909367
        }
    ]
}