{
    "core_models": [
        {
            "parameters": {
                "t1": 1,
                "a": -244.67613964577396,
                "b": 1235.6154786831773,
                "c": -0.009924544524696266,
                "threshold": 5
            },
            "model_name": "Alternating",
            "weight": 0.18576587491659796
        },
        {
            "parameters": {
                "t1": 97.26414822500267,
                "F": 157.12317509686602,
                "T": 3.8146756736236966
            },
            "model_name": "ThermalTime",
            "weight": 0.26075789380605385
        },
        {
            "parameters": {
                "t1": 77.08144921272978,
                "c": 2.569796354625975,
                "b": -9.279211848356791,
                "F": 28.00330966180239
            },
            "model_name": "Uniforc",
            "weight": 0.440305255824994
        },
        {
            "parameters": {
                "spring_start": 59.92352726625335,
                "intercept": 138.3098317965403,
                "slope": -2.4908577280119877,
                "spring_length": 90.18176023699044
            },
            "model_name": "Linear",
            "weight": 0.11317097545235422
        }
    ],
    "model_name": "WeightedEnsemble"
}