{
    "model_name": "WeightedEnsemble",
    "core_models": [
        {
            "model_name": "Alternating",
            "weight": 0.2403039337337068,
            "parameters": {
                "t1": 1,
                "b": 4112.848547614794,
                "c": -0.04049959112647317,
                "threshold": 5,
                "a": 75.6904148484776
            }
        },
        {
            "model_name": "ThermalTime",
            "weight": 0.3302804666891754,
            "parameters": {
                "F": 129.76073325677527,
                "t1": 84.1445953845455,
                "T": -14.322439853603703
            }
        },
        {
            "model_name": "Uniforc",
            "weight": 0.2947842864999869,
            "parameters": {
                "F": 15.765389850747823,
                "t1": 82.30224389335675,
                "b": -17.820695716715512,
                "c": 3.6371681598089567
            }
        },
        {
            "model_name": "Linear",
            "weight": 0.13463131307713072,
            "parameters": {
                "time_start": 51.24105142186151,
                "intercept": 112.28354268116934,
                "time_length": 56.098959822965895,
                "slope": -2.089635421974962
            }
        }
    ]
}