{
    "model_name": "WeightedEnsemble",
    "core_models": [
        {
            "model_name": "Alternating",
            "weight": 0.23013872281182343,
            "parameters": {
                "b": 198.04787446242017,
                "t1": 1,
                "threshold": 5,
                "c": -4.809553305805961,
                "a": 618.2768258842868
            }
        },
        {
            "model_name": "ThermalTime",
            "weight": 0.23432476071767624,
            "parameters": {
                "T": 10.603736682085524,
                "t1": 57.498679860802945,
                "F": 46.970244043245884
            }
        },
        {
            "model_name": "Uniforc",
            "weight": 0.20626235801150458,
            "parameters": {
                "t1": 57.82312232385264,
                "b": -6.862023132508613,
                "F": 3.9924006923375543,
                "c": 10.58440295970593
            }
        },
        {
            "model_name": "Linear",
            "weight": 0.32927415845899577,
            "parameters": {
                "time_length": 1.1214009770425264,
                "slope": -3.5779890175969276,
                "intercept": 104.9172030105261,
                "time_start": 57.04210650053431
            }
        }
    ]
}