{
    "core_models": [
        {
            "model_name": "Alternating",
            "weight": 0.16359819746420307,
            "parameters": {
                "a": 78.7161169777928,
                "t1": 1,
                "b": 4435.220110934594,
                "threshold": 5,
                "c": -0.042080681481984517
            }
        },
        {
            "model_name": "ThermalTime",
            "weight": 0.2437996452672894,
            "parameters": {
                "F": 152.34485916523994,
                "t1": 81.68064957560188,
                "T": 3.1207504783091586
            }
        },
        {
            "model_name": "Uniforc",
            "weight": 0.3969334757414775,
            "parameters": {
                "F": 16.95170687587286,
                "c": 3.3080559978703294,
                "t1": 81.70402958705037,
                "b": -6.587810428994549
            }
        },
        {
            "model_name": "Linear",
            "weight": 0.19566868152703012,
            "parameters": {
                "spring_length": 51.33886461490247,
                "intercept": 115.21555927962577,
                "slope": -2.1181118123135554,
                "spring_start": 57.1008410492313
            }
        }
    ],
    "model_name": "WeightedEnsemble"
}