{
    "core_models": [
        {
            "parameters": {
                "c": -0.01328397628111766,
                "b": 1343.2633380952864,
                "threshold": 5,
                "a": -141.58660882338415,
                "t1": 1
            },
            "model_name": "Alternating",
            "weight": 0.2913237843235893
        },
        {
            "parameters": {
                "T": 3.759713590724112,
                "F": 146.24839355551813,
                "t1": 98.62890491490441
            },
            "model_name": "ThermalTime",
            "weight": 0.11418383408484388
        },
        {
            "parameters": {
                "c": 2.470760870972022,
                "b": -12.438860828619768,
                "t1": 76.4690915653576,
                "F": 27.529083578749876
            },
            "model_name": "Uniforc",
            "weight": 0.38798500545011827
        },
        {
            "parameters": {
                "time_start": 59.2622615725385,
                "intercept": 133.58386521070003,
                "slope": -2.46317182293337,
                "time_length": 79.68106724833932
            },
            "model_name": "Linear",
            "weight": 0.20650737614144837
        }
    ],
    "model_name": "WeightedEnsemble"
}