{
    "core_models": [
        {
            "weight": 0.18394275838167126,
            "model_name": "Alternating",
            "parameters": {
                "a": 576.391360431487,
                "b": 121.45269555842924,
                "c": -0.08957485954427558,
                "t1": 1,
                "threshold": 5
            }
        },
        {
            "weight": 0.2979006393082433,
            "model_name": "ThermalTime",
            "parameters": {
                "F": 302.0686332753104,
                "t1": 39.249661569929,
                "T": 5.36901098780882
            }
        },
        {
            "weight": 0.24691156686241328,
            "model_name": "Uniforc",
            "parameters": {
                "b": -3.842960150201044,
                "c": 10.557260457661199,
                "t1": 57.45903259488755,
                "F": 3.722442435738742
            }
        },
        {
            "weight": 0.2712450354476722,
            "model_name": "Linear",
            "parameters": {
                "time_length": 51.26487465896279,
                "slope": -6.252807239851063,
                "time_start": 48.67886171580573,
                "intercept": 135.82373510037607
            }
        }
    ],
    "model_name": "WeightedEnsemble"
}