{
    "core_models": [
        {
            "model_name": "Alternating",
            "parameters": {
                "a": -37.969872116809356,
                "t1": 1,
                "b": 1223.900662082971,
                "threshold": 5,
                "c": -0.015018995530171164
            },
            "weight": 0.26020970084933565
        },
        {
            "model_name": "ThermalTime",
            "parameters": {
                "t1": 90.7861447974215,
                "F": 207.58037018337131,
                "T": 1.5548309189794496
            },
            "weight": 0.1052788814572319
        },
        {
            "model_name": "Uniforc",
            "parameters": {
                "t1": 76.84526079282276,
                "b": -5.789643159460525,
                "F": 30.387651562906242,
                "c": 2.2974659512799644
            },
            "weight": 0.4273597175101378
        },
        {
            "model_name": "Linear",
            "parameters": {
                "time_start": 52.655555957294645,
                "time_length": 99.32954644675846,
                "intercept": 138.67502454103806,
                "slope": -2.8415288928464815
            },
            "weight": 0.20715170018329446
        }
    ],
    "model_name": "WeightedEnsemble"
}