{
    "core_models": [
        {
            "parameters": {
                "time_start": 203.81721319269224,
                "intercept": 170.05341738564863,
                "slope": -2.728843369658717,
                "time_length": 12.017776999254167
            },
            "model_name": "Linear",
            "weight": 0.8973605391204967
        },
        {
            "parameters": {
                "T": 24.950098292466105,
                "F": 7.064269368231351,
                "t1": 182.5607278892923
            },
            "model_name": "FallCooling",
            "weight": 0.10263946087950204
        }
    ],
    "model_name": "WeightedEnsemble"
}