{
    "core_models": [
        {
            "model_name": "Linear",
            "parameters": {
                "slope": -5.463194044579049,
                "intercept": 145.33966515411547,
                "time_start": 294.2497680116401,
                "time_length": 10.546150113639541
            },
            "weight": 0.9090501872375618
        },
        {
            "model_name": "FallCooling",
            "parameters": {
                "T": 24.98834834688871,
                "F": 6.483787156387393,
                "t1": 182.99449755983386
            },
            "weight": 0.0909498127624367
        }
    ],
    "model_name": "WeightedEnsemble"
}