{
    "model_name": "Uniforc",
    "parameters": {
        "F": 65.70777306014946,
        "b": -17.72220063430604,
        "c": -4.025055001381056,
        "t1": 4.575840200087001
    }
}