{
    "core_models": [
        {
            "parameters": {
                "b": 1790.9246167438264,
                "threshold": 5,
                "a": 522.7365932941257,
                "c": -1.2012490301364847,
                "t1": 1
            },
            "model_name": "Alternating",
            "weight": 0.24544123018778108
        },
        {
            "parameters": {
                "F": 143.4892642181452,
                "T": 12.838644469363874,
                "t1": 70.17630275629051
            },
            "model_name": "ThermalTime",
            "weight": 0.22034188565155977
        },
        {
            "parameters": {
                "F": 7.526832850361544,
                "b": -14.753684114882471,
                "c": 13.36640727206727,
                "t1": 66.12071276536199
            },
            "model_name": "Uniforc",
            "weight": 0.18617833002817435
        },
        {
            "parameters": {
                "intercept": 117.48241102629179,
                "time_start": -11.806529659154439,
                "slope": -3.12621456990943,
                "time_length": 1.1806099731506308
            },
            "model_name": "Linear",
            "weight": 0.3480385541324848
        }
    ],
    "model_name": "WeightedEnsemble"
}