{
    "model_name": "WeightedEnsemble",
    "core_models": [
        {
            "parameters": {
                "t1": 1,
                "threshold": 5,
                "b": 594.4577581538654,
                "a": 333.53462902609385,
                "c": -0.05846682704906314
            },
            "model_name": "Alternating",
            "weight": 0.25727649036221034
        },
        {
            "parameters": {
                "t1": 23.0820285165521,
                "F": 36.0211198881139,
                "T": 14.825725985951083
            },
            "model_name": "ThermalTime",
            "weight": 0.16015542989536752
        },
        {
            "parameters": {
                "t1": 67.05214655953688,
                "F": 2.8378113101486235,
                "b": -5.46984016477513,
                "c": 14.791862980653136
            },
            "model_name": "Uniforc",
            "weight": 0.18737245728176785
        },
        {
            "parameters": {
                "time_length": 99.02400518536247,
                "time_start": 23.558055882216017,
                "intercept": 119.30533600541088,
                "slope": -3.9173321187957577
            },
            "model_name": "Linear",
            "weight": 0.3951956224606545
        }
    ]
}