{
    "model_name": "ThermalTime",
    "parameters": {
        "F": 101.74415906834685,
        "T": 11.185400790861873,
        "t1": 65.47321567736158
    }
}