{
    "core_models": [
        {
            "parameters": {
                "threshold": 5,
                "c": -0.01615876016740536,
                "b": 861.0558953995851,
                "t1": 1,
                "a": 21.684738344015074
            },
            "model_name": "Alternating",
            "weight": 0.07985174582371836
        },
        {
            "parameters": {
                "T": 14.949459201287645,
                "t1": 67.99018280488691,
                "F": 53.90196321979005
            },
            "model_name": "ThermalTime",
            "weight": 0.3062795333218581
        },
        {
            "parameters": {
                "F": 3.6297458291967786,
                "b": -12.780535390049542,
                "t1": 66.71462309432317,
                "c": 14.893244800562332
            },
            "model_name": "Uniforc",
            "weight": 0.2012949866475729
        },
        {
            "parameters": {
                "spring_length": 3.008158603971168,
                "slope": -2.7985100196015606,
                "spring_start": 24.477496561837533,
                "intercept": 99.5891272862857
            },
            "model_name": "Linear",
            "weight": 0.4125737342068507
        }
    ],
    "model_name": "WeightedEnsemble"
}