{
    "model_name": "WeightedEnsemble",
    "core_models": [
        {
            "model_name": "Alternating",
            "weight": 0.19936000555802924,
            "parameters": {
                "b": 1509.836453323111,
                "threshold": 5,
                "a": 330.7707303771059,
                "c": -1.5319099073746545,
                "t1": 1
            }
        },
        {
            "model_name": "ThermalTime",
            "weight": 0.234532511367034,
            "parameters": {
                "T": 12.896983809477568,
                "F": 56.82780986021265,
                "t1": 21.861455745829517
            }
        },
        {
            "model_name": "Uniforc",
            "weight": 0.25901868146656776,
            "parameters": {
                "b": -9.053114539153754,
                "c": 13.425938828938499,
                "F": 2.998876160911351,
                "t1": 24.140132412856687
            }
        },
        {
            "model_name": "Linear",
            "weight": 0.30708880160836893,
            "parameters": {
                "time_start": 25.76433274329444,
                "time_length": 3.1838620998648537,
                "intercept": 92.60106727614802,
                "slope": -3.3723343142616833
            }
        }
    ]
}