{
    "core_models": [
        {
            "model_name": "Alternating",
            "parameters": {
                "a": -860.6737450456574,
                "b": 1407.551606225016,
                "t1": 1,
                "c": -0.004105973747892566,
                "threshold": 5
            },
            "weight": 0.23712882174534808
        },
        {
            "model_name": "ThermalTime",
            "parameters": {
                "t1": 39.67002452605267,
                "T": 0.9625896751865204,
                "F": 195.42949213951846
            },
            "weight": 0.20379034893020595
        },
        {
            "model_name": "Uniforc",
            "parameters": {
                "t1": -46.93342281212753,
                "b": -0.055162707418572765,
                "c": 12.865486255831993,
                "F": 48.60704532533231
            },
            "weight": 0.1682031188270981
        },
        {
            "model_name": "Linear",
            "parameters": {
                "time_length": 28.457280476574425,
                "intercept": 88.74408268341428,
                "slope": -3.323174097940331,
                "time_start": 26.45296277547169
            },
            "weight": 0.390877710497348
        }
    ],
    "model_name": "WeightedEnsemble"
}