{
    "core_models": [
        {
            "model_name": "Alternating",
            "parameters": {
                "c": -0.019149119827564398,
                "b": 665.2579750139964,
                "a": 8.15114342666945,
                "threshold": 5,
                "t1": 1
            },
            "weight": 0.10242693046235354
        },
        {
            "model_name": "ThermalTime",
            "parameters": {
                "T": 8.085726837945362,
                "F": 74.05844393016457,
                "t1": 60.05706880351823
            },
            "weight": 0.18801450897988753
        },
        {
            "model_name": "Uniforc",
            "parameters": {
                "c": -4.351357767227027,
                "b": -5.44645728539199,
                "F": 65.99726984963212,
                "t1": 4.771027501126753
            },
            "weight": 0.25295736001152636
        },
        {
            "model_name": "Linear",
            "parameters": {
                "spring_length": 2.16284553456277,
                "slope": -2.336223290878269,
                "intercept": 89.50098702116907,
                "spring_start": 25.1514928910995
            },
            "weight": 0.45660120054623254
        }
    ],
    "model_name": "WeightedEnsemble"
}