{
    "model_name": "WeightedEnsemble",
    "core_models": [
        {
            "model_name": "Alternating",
            "weight": 0.19513638499760438,
            "parameters": {
                "t1": 1,
                "a": 880.0787627183362,
                "b": 959.4962388779111,
                "c": -0.00730295423367,
                "threshold": 5
            }
        },
        {
            "model_name": "ThermalTime",
            "weight": 0.31367708971598973,
            "parameters": {
                "t1": -30.978968489006974,
                "F": 945.4050817692068,
                "T": 12.970397856118709
            }
        },
        {
            "model_name": "Uniforc",
            "weight": 0.2053877466302106,
            "parameters": {
                "t1": -27.04378030828903,
                "b": -19.910788954308565,
                "c": 13.07898764199562,
                "F": 68.50443884044891
            }
        },
        {
            "model_name": "Linear",
            "weight": 0.2857987786561951,
            "parameters": {
                "time_length": 1.0556799185832446,
                "intercept": 298.0,
                "slope": -19.432571926574397,
                "time_start": -15.818350831199659
            }
        }
    ]
}