{
    "model_name": "WeightedEnsemble",
    "core_models": [
        {
            "model_name": "Linear",
            "weight": 0.9002728140201267,
            "parameters": {
                "intercept": -67.0,
                "slope": 9.363288130442506,
                "time_start": 284.38357913441104,
                "time_length": 10.417986007873303
            }
        },
        {
            "model_name": "FallCooling",
            "weight": 0.09972718597987189,
            "parameters": {
                "F": 6.537719331122389,
                "t1": 182.78349253239352,
                "T": 24.830371570625076
            }
        }
    ]
}