{
    "model_name": "ThermalTime",
    "parameters": {
        "F": 116.44371318571724,
        "T": 16.227881364070857,
        "t1": -62.10271939857022
    }
}