{
    "model_name": "ThermalTime",
    "parameters": {
        "F": 16.6692885725123,
        "T": 15.905156861128516,
        "t1": 46.55120734722462
    }
}