{
    "core_models": [
        {
            "model_name": "Alternating",
            "parameters": {
                "b": 1353.6238821105421,
                "threshold": 5,
                "t1": 1,
                "a": 628.5104299018192,
                "c": -2.319040971668219
            },
            "weight": 0.3608970068451706
        },
        {
            "model_name": "ThermalTime",
            "parameters": {
                "T": 18.15464427702029,
                "F": 20.214066667891416,
                "t1": 86.46872816347658
            },
            "weight": 0.14026354726425105
        },
        {
            "model_name": "Uniforc",
            "parameters": {
                "b": -9.308977819936041,
                "F": 98.35365396125385,
                "t1": -9.550169735275347,
                "c": -23.100914965860454
            },
            "weight": 0.0882941574140706
        },
        {
            "model_name": "Linear",
            "parameters": {
                "time_length": 1.1078659284148102,
                "time_start": 31.36741545729121,
                "intercept": -38.063648379748095,
                "slope": 12.294832119625596
            },
            "weight": 0.41054528847650773
        }
    ],
    "model_name": "WeightedEnsemble"
}