{
    "model_name": "WeightedEnsemble",
    "core_models": [
        {
            "model_name": "Alternating",
            "parameters": {
                "a": 739.4297625735273,
                "b": 1561.1290902330206,
                "c": -0.45462634849912664,
                "threshold": 5,
                "t1": 1
            },
            "weight": 0.06071351784746862
        },
        {
            "model_name": "ThermalTime",
            "parameters": {
                "T": 24.024564244043546,
                "t1": 92.85367911820303,
                "F": 20.413091111814595
            },
            "weight": 0.28602196207710107
        },
        {
            "model_name": "Uniforc",
            "parameters": {
                "t1": 14.359219260980936,
                "b": -12.444838606133658,
                "c": 24.06102480263431,
                "F": 0.5470654584199224
            },
            "weight": 0.27425952870717313
        },
        {
            "model_name": "Linear",
            "parameters": {
                "intercept": -46.817936009875176,
                "slope": 17.719522495191217,
                "time_length": 1.0166804353974115,
                "time_start": -7.87490165233088
            },
            "weight": 0.3790049913682571
        }
    ]
}