{
    "core_models": [
        {
            "model_name": "Alternating",
            "parameters": {
                "t1": 1,
                "c": -4.958645520504268,
                "a": 960.1506212923798,
                "b": 944.0304145684568,
                "threshold": 5
            },
            "weight": 0.18184297829115276
        },
        {
            "model_name": "ThermalTime",
            "parameters": {
                "t1": -50.54786999222094,
                "T": 17.143269162950748,
                "F": 23.4498698218012
            },
            "weight": 0.27135439840343123
        },
        {
            "model_name": "Uniforc",
            "parameters": {
                "t1": -50.89277394598497,
                "c": 17.154709200598028,
                "b": -17.941410385935068,
                "F": 1.3962273037841584
            },
            "weight": 0.28593710274335654
        },
        {
            "model_name": "Linear",
            "parameters": {
                "slope": -22.227789337649117,
                "time_start": 10.500568858968737,
                "time_length": 2.102792965919498,
                "intercept": 298.0
            },
            "weight": 0.2608655205620596
        }
    ],
    "model_name": "WeightedEnsemble"
}