{
    "model_name": "WeightedEnsemble",
    "core_models": [
        {
            "parameters": {
                "intercept": 298.0,
                "time_length": 10.619219411109924,
                "slope": -9.870422449230826,
                "time_start": 262.1469386160032
            },
            "model_name": "Linear",
            "weight": 0.7324992536814945
        },
        {
            "parameters": {
                "F": 8.562861998723008,
                "T": 23.169534747683525,
                "t1": 182.66969128915358
            },
            "model_name": "FallCooling",
            "weight": 0.267500746318505
        }
    ]
}