{
    "core_models": [
        {
            "weight": 0.23878666788397576,
            "parameters": {
                "a": 299.6321691759265,
                "b": 3880.0213216415746,
                "c": -0.021834723579635007,
                "threshold": 5,
                "t1": 1
            },
            "model_name": "Alternating"
        },
        {
            "weight": 0.204130850709973,
            "parameters": {
                "F": 536.8725323761803,
                "T": -12.025012432926644,
                "t1": 123.34664175027886
            },
            "model_name": "ThermalTime"
        },
        {
            "weight": 0.42907351436910574,
            "parameters": {
                "b": -11.290337436904618,
                "F": 45.99894608300366,
                "c": 6.571443212029038,
                "t1": -57.33454620731277
            },
            "model_name": "Uniforc"
        },
        {
            "weight": 0.12800896703694534,
            "parameters": {
                "intercept": 181.13820553769142,
                "time_length": 2.020260120489013,
                "slope": 0.32766672923573503,
                "time_start": 54.75985619146397
            },
            "model_name": "Linear"
        }
    ],
    "model_name": "WeightedEnsemble"
}