{
    "core_models": [
        {
            "parameters": {
                "c": -0.03472462347910987,
                "threshold": 5,
                "b": 3484.2401996340855,
                "t1": 1,
                "a": 479.72429685353535
            },
            "model_name": "Alternating",
            "weight": 0.2639330098688428
        },
        {
            "parameters": {
                "T": 11.017248090909659,
                "t1": 163.23066343061072,
                "F": 84.74998583710823
            },
            "model_name": "ThermalTime",
            "weight": 0.2889858250617594
        },
        {
            "parameters": {
                "c": 0.301474491222975,
                "b": -18.455838768451795,
                "t1": 106.29844565362615,
                "F": 62.38190055402744
            },
            "model_name": "Uniforc",
            "weight": 0.3235725174417075
        },
        {
            "parameters": {
                "time_length": 8.267946313809574,
                "time_start": 16.538945509345034,
                "intercept": 138.26864767402822,
                "slope": -3.0626560619491277
            },
            "model_name": "Linear",
            "weight": 0.12350864762769001
        }
    ],
    "model_name": "WeightedEnsemble"
}