{
    "model_name": "WeightedEnsemble",
    "core_models": [
        {
            "model_name": "Alternating",
            "weight": 0.09277400795944217,
            "parameters": {
                "a": 322.99428211525384,
                "threshold": 5,
                "c": -0.9523100124164592,
                "b": 78.34835559795147,
                "t1": 1
            }
        },
        {
            "model_name": "ThermalTime",
            "weight": 0.11468799904123031,
            "parameters": {
                "T": 9.233950387259515,
                "t1": 146.70673318668906,
                "F": 147.1234558603894
            }
        },
        {
            "model_name": "Uniforc",
            "weight": 0.13154300877278252,
            "parameters": {
                "F": 110.33693794905575,
                "c": -16.13553231171655,
                "b": -14.277644478914592,
                "t1": 44.85953604036368
            }
        },
        {
            "model_name": "Linear",
            "weight": 0.6609949842265452,
            "parameters": {
                "slope": -1.5514945688718085,
                "spring_start": -22.835759268543804,
                "spring_length": 1.054553567564092,
                "intercept": 154.14976553666452
            }
        }
    ]
}