{
    "core_models": [
        {
            "model_name": "Alternating",
            "parameters": {
                "b": 733.7283626041585,
                "threshold": 5,
                "t1": 1,
                "a": 130.01125180753402,
                "c": -0.02881148514962728
            },
            "weight": 0.13129404366332148
        },
        {
            "model_name": "ThermalTime",
            "parameters": {
                "T": 4.94516598470855,
                "F": 189.97749864753877,
                "t1": 54.59971384536055
            },
            "weight": 0.3323935779452804
        },
        {
            "model_name": "Uniforc",
            "parameters": {
                "b": -16.6314926416056,
                "F": 16.57158424564487,
                "t1": 54.47873673215427,
                "c": 5.361808644085675
            },
            "weight": 0.23353974548370804
        },
        {
            "model_name": "Linear",
            "parameters": {
                "time_length": 114.75147335840177,
                "time_start": 57.4888433568634,
                "intercept": 150.73739707940598,
                "slope": -4.508471494028447
            },
            "weight": 0.30277263290768996
        }
    ],
    "model_name": "WeightedEnsemble"
}