{
    "core_models": [
        {
            "parameters": {
                "b": 684.4876439753261,
                "a": 42.12750135266585,
                "c": -0.01861515887691345,
                "t1": 1,
                "threshold": 5
            },
            "weight": 0.07707849533213115,
            "model_name": "Alternating"
        },
        {
            "parameters": {
                "F": 150.98401892731727,
                "T": 5.365466254429535,
                "t1": 56.49128241198165
            },
            "weight": 0.1330403153538604,
            "model_name": "ThermalTime"
        },
        {
            "parameters": {
                "b": -6.256774778110561,
                "F": 6.064660307318789,
                "c": 8.550954385223243,
                "t1": 73.93790199515637
            },
            "weight": 0.35635045180956015,
            "model_name": "Uniforc"
        },
        {
            "parameters": {
                "intercept": 146.39174303367093,
                "spring_length": 111.08632435966047,
                "slope": -4.259423630468082,
                "spring_start": 59.096695700045835
            },
            "weight": 0.4335307375044485,
            "model_name": "Linear"
        }
    ],
    "model_name": "WeightedEnsemble"
}