{
    "core_models": [
        {
            "parameters": {
                "time_start": 286.2616669361788,
                "intercept": 171.59148337206133,
                "time_length": 78.06085882713333,
                "slope": -2.7810533790116643
            },
            "model_name": "Linear",
            "weight": 0.7443270268422317
        },
        {
            "parameters": {
                "F": 6.495549022011971,
                "t1": 182.955230015943,
                "T": 24.672699306222977
            },
            "model_name": "FallCooling",
            "weight": 0.2556729731577676
        }
    ],
    "model_name": "WeightedEnsemble"
}