{
    "model_name": "Uniforc",
    "parameters": {
        "F": 23.05668656287672,
        "b": -18.840964910623825,
        "c": 7.179164852798192,
        "t1": 11.863483931258529
    }
}