{
    "model_name": "ThermalTime",
    "parameters": {
        "F": 146.21255159054294,
        "T": 9.234570721726056,
        "t1": 146.8355648719943
    }
}