{
    "core_models": [
        {
            "parameters": {
                "time_length": 11.306499399526949,
                "intercept": 177.24482388720764,
                "time_start": 276.52944618666515,
                "slope": -2.500802663254814
            },
            "weight": 0.8776637448124851,
            "model_name": "Linear"
        },
        {
            "parameters": {
                "T": 22.664982383867805,
                "F": 9.529959412614403,
                "t1": 182.49998295561352
            },
            "weight": 0.1223362551875142,
            "model_name": "FallCooling"
        }
    ],
    "model_name": "WeightedEnsemble"
}