{
    "model_name": "WeightedEnsemble",
    "core_models": [
        {
            "model_name": "Alternating",
            "parameters": {
                "b": 4516.549377698541,
                "c": -0.34008740105231317,
                "a": 382.1936321202217,
                "threshold": 5,
                "t1": 1
            },
            "weight": 0.14272334250050056
        },
        {
            "model_name": "ThermalTime",
            "parameters": {
                "F": 428.04755120336745,
                "t1": -0.6885980122905124,
                "T": -3.585834293589843
            },
            "weight": 0.410953211360375
        },
        {
            "model_name": "Uniforc",
            "parameters": {
                "b": -18.068368561167492,
                "F": 16.887047079643082,
                "t1": 4.661702382258014,
                "c": 9.592877829493984
            },
            "weight": 0.3107891277180962
        },
        {
            "model_name": "Linear",
            "parameters": {
                "intercept": 172.70279257107558,
                "time_start": 55.44257841201006,
                "slope": -6.826769235710973,
                "time_length": 87.74511668277611
            },
            "weight": 0.13553431842102812
        }
    ]
}