{
    "model_name": "ThermalTime",
    "parameters": {
        "F": 46.425198718951606,
        "T": 12.103088900178365,
        "t1": 168.83651302617682
    }
}