{
    "model_name": "WeightedEnsemble",
    "core_models": [
        {
            "model_name": "Alternating",
            "weight": 0.06644250732924877,
            "parameters": {
                "c": -0.11314898608667168,
                "threshold": 5,
                "b": 911.4082332776579,
                "a": 328.18204740207534,
                "t1": 1
            }
        },
        {
            "model_name": "ThermalTime",
            "weight": 0.20098160374501978,
            "parameters": {
                "F": 282.0090520615799,
                "t1": 27.270871693374204,
                "T": -7.957087481064451
            }
        },
        {
            "model_name": "Uniforc",
            "weight": 0.5947354657736952,
            "parameters": {
                "b": -7.111295228821016,
                "t1": 13.16404989913454,
                "F": 23.287634794643154,
                "c": 6.750554822751631
            }
        },
        {
            "model_name": "Linear",
            "weight": 0.13784042315203632,
            "parameters": {
                "spring_start": -13.71381540316866,
                "slope": -5.312890292849845,
                "intercept": 103.0901041686181,
                "spring_length": 54.222201600269756
            }
        }
    ]
}