{
    "core_models": [
        {
            "parameters": {
                "c": -0.010416469196480982,
                "b": 4966.758310293653,
                "t1": 1,
                "threshold": 5,
                "a": -997.4600241630848
            },
            "model_name": "Alternating",
            "weight": 0.11958465776119791
        },
        {
            "parameters": {
                "T": -2.5820389468186544,
                "t1": 155.51216828361265,
                "F": 40.39375621550727
            },
            "model_name": "ThermalTime",
            "weight": 0.13599264711184822
        },
        {
            "parameters": {
                "c": -15.792371353247287,
                "b": -18.262648507431898,
                "t1": 42.566349063407955,
                "F": 108.80398991742959
            },
            "model_name": "Uniforc",
            "weight": 0.3546391870881972
        },
        {
            "parameters": {
                "slope": -0.7136178702074686,
                "time_length": 1.4505510173949503,
                "time_start": 28.42503631260917,
                "intercept": 150.62307014176363
            },
            "model_name": "Linear",
            "weight": 0.3897835080387566
        }
    ],
    "model_name": "WeightedEnsemble"
}