{
    "core_models": [
        {
            "weight": 0.13046079653841336,
            "model_name": "Alternating",
            "parameters": {
                "b": 906.6872157984135,
                "a": 196.1093246409873,
                "c": -0.04796667467771609,
                "threshold": 5,
                "t1": 1
            }
        },
        {
            "weight": 0.41723142032999816,
            "model_name": "ThermalTime",
            "parameters": {
                "T": 4.9377274638392255,
                "F": 190.13128445560488,
                "t1": 54.64295778029934
            }
        },
        {
            "weight": 0.2819191628965994,
            "model_name": "Uniforc",
            "parameters": {
                "b": -5.887286204234332,
                "c": 6.113375316107817,
                "F": 15.004017731570542,
                "t1": 54.610826010590806
            }
        },
        {
            "weight": 0.1703886202349888,
            "model_name": "Linear",
            "parameters": {
                "time_length": 115.0270370383966,
                "time_start": 57.503567807977696,
                "intercept": 156.5559099203987,
                "slope": -4.77318151631997
            }
        }
    ],
    "model_name": "WeightedEnsemble"
}