{
    "model_name": "Uniforc",
    "parameters": {
        "F": 6.5879123183707975,
        "b": -3.4037401261512112,
        "c": 8.288047287563947,
        "t1": 73.7958119310814
    }
}