{
    "core_models": [
        {
            "weight": 0.1507914181921817,
            "parameters": {
                "b": 1825.3171027529236,
                "threshold": 5,
                "c": -0.9875622773076953,
                "t1": 1,
                "a": 324.03201977409776
            },
            "model_name": "Alternating"
        },
        {
            "weight": 0.247652208576355,
            "parameters": {
                "t1": 147.7716154457654,
                "F": 136.74209791861023,
                "T": 9.199969787513584
            },
            "model_name": "ThermalTime"
        },
        {
            "weight": 0.17616320286669254,
            "parameters": {
                "b": -15.200372941261765,
                "c": 9.305050603071695,
                "t1": 144.79248895786822,
                "F": 12.88898945953089
            },
            "model_name": "Uniforc"
        },
        {
            "weight": 0.42539317036477037,
            "parameters": {
                "slope": -3.00279629960106,
                "time_length": 1.813973725196874,
                "time_start": -29.353596711448716,
                "intercept": 154.95499151214892
            },
            "model_name": "Linear"
        }
    ],
    "model_name": "WeightedEnsemble"
}