{
    "core_models": [
        {
            "weight": 0.32907556324795645,
            "model_name": "Alternating",
            "parameters": {
                "a": 369.68605482987573,
                "b": 2187.149381779591,
                "threshold": 5,
                "t1": 1,
                "c": -0.2301327865442393
            }
        },
        {
            "weight": 0.35629002821279243,
            "model_name": "ThermalTime",
            "parameters": {
                "t1": 9.789534084557118,
                "T": 6.479651582556706,
                "F": 313.02705298944807
            }
        },
        {
            "weight": 0.22377450473287294,
            "model_name": "Uniforc",
            "parameters": {
                "t1": 9.643985073098207,
                "b": -15.54791242048187,
                "F": 18.035234258197065,
                "c": 8.874031081682865
            }
        },
        {
            "weight": 0.09085990380637808,
            "model_name": "Linear",
            "parameters": {
                "time_start": 11.85275526908164,
                "slope": -6.081965032198473,
                "intercept": 137.07383029234688,
                "time_length": 119.70541870571039
            }
        }
    ],
    "model_name": "WeightedEnsemble"
}