{
    "model_name": "WeightedEnsemble",
    "core_models": [
        {
            "model_name": "Alternating",
            "parameters": {
                "b": 1682.9296032006523,
                "t1": 1,
                "a": 523.530427965632,
                "threshold": 5,
                "c": -2.004242400867672
            },
            "weight": 0.07418391866397703
        },
        {
            "model_name": "ThermalTime",
            "parameters": {
                "t1": 171.79956431256244,
                "T": 11.898986237969112,
                "F": 17.248392819293144
            },
            "weight": 0.29340735295377035
        },
        {
            "model_name": "Uniforc",
            "parameters": {
                "b": -19.858987958161357,
                "t1": 101.87153808369345,
                "c": -0.727696546433948,
                "F": 68.7674096509311
            },
            "weight": 0.5022273986769169
        },
        {
            "model_name": "Linear",
            "parameters": {
                "intercept": 177.989110692497,
                "spring_start": -10.258766437672357,
                "spring_length": 1.5354985073602876,
                "slope": 0.8141333122607197
            },
            "weight": 0.13018132970533586
        }
    ]
}