{
    "model_name": "WeightedEnsemble",
    "core_models": [
        {
            "model_name": "Alternating",
            "weight": 0.06697496052334762,
            "parameters": {
                "t1": 1,
                "a": 982.657369456776,
                "b": 4978.220288333928,
                "c": -0.011578360222053163,
                "threshold": 5
            }
        },
        {
            "model_name": "ThermalTime",
            "weight": 0.13988551770809837,
            "parameters": {
                "t1": 209.32941768106497,
                "F": 983.4570177873646,
                "T": 17.06789341486591
            }
        },
        {
            "model_name": "Uniforc",
            "weight": 0.28306733588991645,
            "parameters": {
                "t1": 175.81623652614397,
                "F": 73.62071829321167,
                "b": -1.5133401021803508,
                "c": 18.034121875078547
            }
        },
        {
            "model_name": "Linear",
            "weight": 0.5100721858786376,
            "parameters": {
                "spring_length": 68.8822517794579,
                "intercept": 257.4826175259567,
                "slope": -1.9932694855359672,
                "spring_start": -23.387370806579924
            }
        }
    ]
}