{
    "model_name": "Alternating",
    "parameters": {
        "a": 992.4895908258313,
        "b": 4990.647522329527,
        "c": -0.011696087961722057,
        "t1": 1.0,
        "threshold": 5.0
    }
}