{
    "core_models": [
        {
            "weight": 0.2673091333704665,
            "parameters": {
                "c": -0.010116868615690944,
                "b": 4793.812506649834,
                "a": 874.4418361756836,
                "t1": 1,
                "threshold": 5
            },
            "model_name": "Alternating"
        },
        {
            "weight": 0.15964484273955776,
            "parameters": {
                "F": 956.7344544871542,
                "T": 17.07640790720627,
                "t1": 210.37877730829564
            },
            "model_name": "ThermalTime"
        },
        {
            "weight": 0.23328435398946656,
            "parameters": {
                "F": 74.10143827969941,
                "b": -3.237786131900311,
                "t1": 174.95617045608046,
                "c": 18.366898376607
            },
            "model_name": "Uniforc"
        },
        {
            "weight": 0.339761669900509,
            "parameters": {
                "slope": -1.9962264753638104,
                "time_start": -22.12030173435842,
                "time_length": 69.01893945923275,
                "intercept": 257.5079278092458
            },
            "model_name": "Linear"
        }
    ],
    "model_name": "WeightedEnsemble"
}