{
    "model_name": "Alternating",
    "parameters": {
        "a": -157.50714869870285,
        "b": 1408.9635730895914,
        "c": -0.015024146374886803,
        "t1": 1.0,
        "threshold": 5.0
    }
}