{
    "core_models": [
        {
            "weight": 0.08303565420540998,
            "parameters": {
                "b": 1876.703300220136,
                "threshold": 5,
                "c": -0.009313627957474147,
                "a": -566.0948512555113,
                "t1": 1
            },
            "model_name": "Alternating"
        },
        {
            "weight": 0.1412793449832026,
            "parameters": {
                "F": 55.77751458490275,
                "T": 2.693211915092142,
                "t1": 113.52362754363216
            },
            "model_name": "ThermalTime"
        },
        {
            "weight": 0.14381951897899614,
            "parameters": {
                "c": 12.197624758015168,
                "F": 0.9999090516389941,
                "b": -4.812183193750677,
                "t1": 113.82793009636488
            },
            "model_name": "Uniforc"
        },
        {
            "weight": 0.6318654818323903,
            "parameters": {
                "time_start": -12.638196004001255,
                "time_length": 1.2338231511768356,
                "intercept": 120.20792060504704,
                "slope": -2.89234209247709
            },
            "model_name": "Linear"
        }
    ],
    "model_name": "WeightedEnsemble"
}