{
    "model_name": "WeightedEnsemble",
    "core_models": [
        {
            "model_name": "Alternating",
            "weight": 0.099708235956727,
            "parameters": {
                "b": 2411.353236874993,
                "c": -1.6880024533089348,
                "a": 852.9642870033869,
                "threshold": 5,
                "t1": 1
            }
        },
        {
            "model_name": "ThermalTime",
            "weight": 0.2503178311144886,
            "parameters": {
                "T": 19.237122811547547,
                "F": 64.48199729517091,
                "t1": -58.977838607075796
            }
        },
        {
            "model_name": "Uniforc",
            "weight": 0.22842294821857,
            "parameters": {
                "b": -15.611134348094973,
                "c": 19.267636897608543,
                "F": 2.3111270440474243,
                "t1": 57.411043093286814
            }
        },
        {
            "model_name": "Linear",
            "weight": 0.42155098471021446,
            "parameters": {
                "intercept": 297.99999999875587,
                "slope": -12.133600496150846,
                "spring_start": 59.55635906817825,
                "spring_length": 119.39176925963545
            }
        }
    ]
}