{
    "core_models": [
        {
            "weight": 0.11983618037172511,
            "parameters": {
                "a": 975.871479362399,
                "b": 580.9430676514901,
                "c": -0.013593040781235466,
                "t1": 1,
                "threshold": 5
            },
            "model_name": "Alternating"
        },
        {
            "weight": 0.28609819941412357,
            "parameters": {
                "T": 13.936915796999566,
                "t1": -61.130342441761684,
                "F": 585.9863799869851
            },
            "model_name": "ThermalTime"
        },
        {
            "weight": 0.27584876347016324,
            "parameters": {
                "b": -13.98854369111341,
                "c": 11.686053113789818,
                "t1": -46.7975220222919,
                "F": 52.47545126161774
            },
            "model_name": "Uniforc"
        },
        {
            "weight": 0.31821685674398814,
            "parameters": {
                "slope": -10.080347458228234,
                "time_start": 59.73520456343092,
                "time_length": 119.95547551212951,
                "intercept": 279.6932488227483
            },
            "model_name": "Linear"
        }
    ],
    "model_name": "WeightedEnsemble"
}