{
    "model_name": "ThermalTime",
    "parameters": {
        "F": 62.003510259082596,
        "T": 19.23936102038925,
        "t1": -60.31875287844213
    }
}