{
    "core_models": [
        {
            "weight": 0.1426840468279658,
            "model_name": "Alternating",
            "parameters": {
                "threshold": 5,
                "c": -0.008669352441723621,
                "a": -621.9936225470584,
                "b": 1877.0926705415388,
                "t1": 1
            }
        },
        {
            "weight": 0.16231218682924797,
            "model_name": "ThermalTime",
            "parameters": {
                "T": -1.12707999404901,
                "F": 162.51015150611505,
                "t1": 85.35642291484578
            }
        },
        {
            "weight": 0.08749457152968618,
            "model_name": "Uniforc",
            "parameters": {
                "c": 13.08710634189193,
                "b": -1.8517319290051333,
                "F": 0.4301576459496488,
                "t1": 112.27681258849107
            }
        },
        {
            "weight": 0.6075091948131003,
            "model_name": "Linear",
            "parameters": {
                "spring_length": 1.44248916854486,
                "slope": -2.963527578454339,
                "intercept": 120.09467409854543,
                "spring_start": -13.608342484420216
            }
        }
    ],
    "model_name": "WeightedEnsemble"
}