{
    "core_models": [
        {
            "weight": 0.35070487873549866,
            "model_name": "Alternating",
            "parameters": {
                "threshold": 5,
                "a": 177.51577660921504,
                "b": 4984.0087261837025,
                "c": -0.03842065982512555,
                "t1": 1
            }
        },
        {
            "weight": 0.18705531824590063,
            "model_name": "ThermalTime",
            "parameters": {
                "F": 266.3545053138048,
                "T": -3.4802822065063603,
                "t1": 98.7635385501026
            }
        },
        {
            "weight": 0.332779082660562,
            "model_name": "Uniforc",
            "parameters": {
                "F": 24.25978762282041,
                "b": -18.806118663515413,
                "c": 4.29148690083413,
                "t1": 103.83927466367861
            }
        },
        {
            "weight": 0.1294607203580388,
            "model_name": "Linear",
            "parameters": {
                "intercept": 151.49945119910845,
                "slope": -2.467067273207757,
                "time_length": 119.50220479162812,
                "time_start": 57.90507312315749
            }
        }
    ],
    "model_name": "WeightedEnsemble"
}