{
    "core_models": [
        {
            "parameters": {
                "a": 149.90370327036584,
                "c": -0.034533578493379125,
                "threshold": 5,
                "b": 4527.74963328746,
                "t1": 1
            },
            "weight": 0.14907145027755367,
            "model_name": "Alternating"
        },
        {
            "parameters": {
                "T": 4.249084395307367,
                "t1": 105.5995913390087,
                "F": 219.03643010573336
            },
            "weight": 0.24886564312764503,
            "model_name": "ThermalTime"
        },
        {
            "parameters": {
                "t1": 105.39673101620407,
                "F": 24.751189160401196,
                "b": -5.9087454054051065,
                "c": 4.121386391654013
            },
            "weight": 0.46264376710557853,
            "model_name": "Uniforc"
        },
        {
            "parameters": {
                "intercept": 122.99103244673917,
                "time_start": 3.362571315166237,
                "time_length": 4.354611581228937,
                "slope": -1.628077058977151
            },
            "weight": 0.1394191394892225,
            "model_name": "Linear"
        }
    ],
    "model_name": "WeightedEnsemble"
}