{
    "model_name": "ThermalTime",
    "parameters": {
        "F": 180.21570218245262,
        "T": 10.9270350630906,
        "t1": 103.45381661680081
    }
}