{
    "model_name": "WeightedEnsemble",
    "core_models": [
        {
            "parameters": {
                "a": -981.8568478425168,
                "threshold": 5,
                "b": 1940.2234536944238,
                "c": -0.004072202947369874,
                "t1": 1
            },
            "model_name": "Alternating",
            "weight": 0.1489947385224152
        },
        {
            "parameters": {
                "T": 12.166421191228066,
                "F": 67.2845735469815,
                "t1": 64.19312610393217
            },
            "model_name": "ThermalTime",
            "weight": 0.4066872560670775
        },
        {
            "parameters": {
                "F": 2.033740742627117,
                "b": -1.301085323263509,
                "t1": 66.83741713464775,
                "c": 13.813537467130422
            },
            "model_name": "Uniforc",
            "weight": 0.33799736107473977
        },
        {
            "parameters": {
                "slope": -3.605676708419842,
                "time_start": 53.47740031462343,
                "time_length": 1.274600571991627,
                "intercept": 138.7773284823176
            },
            "model_name": "Linear",
            "weight": 0.10632064433576707
        }
    ]
}