{
    "model_name": "Uniforc",
    "parameters": {
        "F": 3.0031818498713534,
        "b": -9.325402411769574,
        "c": 11.959486563816535,
        "t1": 54.43745981815
    }
}