{
    "core_models": [
        {
            "weight": 0.1899106429270328,
            "model_name": "Alternating",
            "parameters": {
                "c": -0.10515972537049922,
                "t1": 1,
                "b": 921.1593664958375,
                "threshold": 5,
                "a": 268.71274656936885
            }
        },
        {
            "weight": 0.36850402521195086,
            "model_name": "ThermalTime",
            "parameters": {
                "t1": 54.82004762418461,
                "F": 52.74208575121139,
                "T": 11.547939230922443
            }
        },
        {
            "weight": 0.3216105927611385,
            "model_name": "Uniforc",
            "parameters": {
                "t1": 54.53257611600382,
                "c": 12.586156159427775,
                "b": -1.8147586753235245,
                "F": 2.6454276500567033
            }
        },
        {
            "weight": 0.11997473909987802,
            "model_name": "Linear",
            "parameters": {
                "slope": -10.035945650532309,
                "spring_start": 59.91561641134438,
                "intercept": 223.2641287924028,
                "spring_length": 119.66948405104773
            }
        }
    ],
    "model_name": "WeightedEnsemble"
}