{
    "model_name": "WeightedEnsemble",
    "core_models": [
        {
            "model_name": "Alternating",
            "weight": 0.07117297687676435,
            "parameters": {
                "a": 361.9010130804328,
                "threshold": 5,
                "c": -0.05424058496517281,
                "t1": 1,
                "b": 4868.172926263926
            }
        },
        {
            "model_name": "ThermalTime",
            "weight": 0.15693874351000228,
            "parameters": {
                "T": -7.4922305922963615,
                "F": 354.1261696409307,
                "t1": 82.81249297644253
            }
        },
        {
            "model_name": "Uniforc",
            "weight": 0.6577534497949717,
            "parameters": {
                "F": 32.289104616293756,
                "c": 4.299981619768667,
                "t1": 90.72961941662538,
                "b": -19.96249488113979
            }
        },
        {
            "model_name": "Linear",
            "weight": 0.11413482981826181,
            "parameters": {
                "spring_length": 119.94095738192286,
                "slope": -4.466673563965113,
                "intercept": 168.77908874405085,
                "spring_start": 59.60317624177437
            }
        }
    ]
}