{
    "core_models": [
        {
            "model_name": "Alternating",
            "weight": 0.07279154884495732,
            "parameters": {
                "a": -86.04444090459896,
                "t1": 1,
                "b": 1362.3313414722204,
                "threshold": 5,
                "c": -0.01739023123135075
            }
        },
        {
            "model_name": "ThermalTime",
            "weight": 0.23419203102435,
            "parameters": {
                "t1": 108.35335824972242,
                "T": 2.825672516940619,
                "F": 74.72966104104393
            }
        },
        {
            "model_name": "Uniforc",
            "weight": 0.2641580684091437,
            "parameters": {
                "t1": 86.13699795206423,
                "F": 20.334241359813618,
                "b": -19.471106230928427,
                "c": 2.9136772322088
            }
        },
        {
            "model_name": "Linear",
            "weight": 0.4288583517215488,
            "parameters": {
                "time_length": 1.4031388573414674,
                "slope": -1.9259890391823964,
                "time_start": -12.655889719434096,
                "intercept": 118.33049981577828
            }
        }
    ],
    "model_name": "WeightedEnsemble"
}