{
    "core_models": [
        {
            "weight": 0.05230799088514471,
            "parameters": {
                "b": 1964.9069702486295,
                "threshold": 5,
                "a": 426.4752368037801,
                "t1": 1,
                "c": -0.2750616493660054
            },
            "model_name": "Alternating"
        },
        {
            "weight": 0.4335853108759059,
            "parameters": {
                "F": 46.23786287319871,
                "T": 12.076555694210267,
                "t1": 55.472372654543236
            },
            "model_name": "ThermalTime"
        },
        {
            "weight": 0.43051705600667683,
            "parameters": {
                "F": 2.6347431244091837,
                "b": -12.253074929239682,
                "t1": 55.09682401564083,
                "c": 12.404969757796636
            },
            "model_name": "Uniforc"
        },
        {
            "weight": 0.08358964223227193,
            "parameters": {
                "time_length": 119.88010371419203,
                "time_start": 59.6436295512482,
                "slope": -6.98630309725522,
                "intercept": 194.35861996742494
            },
            "model_name": "Linear"
        }
    ],
    "model_name": "WeightedEnsemble"
}