{
    "core_models": [
        {
            "parameters": {
                "a": 969.5803216028697,
                "c": -0.011994460623038883,
                "b": 402.0614923211274,
                "threshold": 5,
                "t1": 1
            },
            "weight": 0.21585704795879493,
            "model_name": "Alternating"
        },
        {
            "parameters": {
                "t1": -64.74040275521605,
                "T": 11.373255497653268,
                "F": 994.2737770997705
            },
            "weight": 0.21600303456802364,
            "model_name": "ThermalTime"
        },
        {
            "parameters": {
                "t1": -5.7395098085069804,
                "c": 9.709508908044139,
                "b": -16.811224783676547,
                "F": 57.376664184559026
            },
            "weight": 0.30105412377573887,
            "model_name": "Uniforc"
        },
        {
            "parameters": {
                "time_length": 119.98233342316937,
                "intercept": 274.4014271805021,
                "slope": -9.713909095628859,
                "time_start": 59.7698863385172
            },
            "weight": 0.26708579369744256,
            "model_name": "Linear"
        }
    ],
    "model_name": "WeightedEnsemble"
}