{
    "model_name": "WeightedEnsemble",
    "core_models": [
        {
            "parameters": {
                "threshold": 5,
                "b": 4864.30997085066,
                "t1": 1,
                "a": 534.5552865825896,
                "c": -0.13757155834682022
            },
            "model_name": "Alternating",
            "weight": 0.28730314214617414
        },
        {
            "parameters": {
                "F": 91.40739697345532,
                "t1": 71.18701375356127,
                "T": 17.319606508418605
            },
            "model_name": "ThermalTime",
            "weight": 0.15842909511973874
        },
        {
            "parameters": {
                "F": 2.670923017254026,
                "b": -1.3149866050209624,
                "t1": 62.688069079487576,
                "c": 19.027579252186378
            },
            "model_name": "Uniforc",
            "weight": 0.12455258111911718
        },
        {
            "parameters": {
                "spring_length": 1.9356291271976716,
                "intercept": 44.66040141645797,
                "spring_start": 48.48044284361493,
                "slope": 8.59781561011258
            },
            "model_name": "Linear",
            "weight": 0.42971518161497
        }
    ]
}