{
    "core_models": [
        {
            "parameters": {
                "a": 537.5767509165684,
                "b": 4825.190459279431,
                "c": -0.13025863520621606,
                "threshold": 5,
                "t1": 1
            },
            "weight": 0.2887973648984595,
            "model_name": "Alternating"
        },
        {
            "parameters": {
                "F": 91.47540091082124,
                "t1": 72.99942053992824,
                "T": 17.300396448553556
            },
            "weight": 0.18789957539714242,
            "model_name": "ThermalTime"
        },
        {
            "parameters": {
                "F": 2.665906068678666,
                "b": -1.261204162802997,
                "c": 19.093645595073085,
                "t1": -4.33798822191342
            },
            "weight": 0.24601682488300075,
            "model_name": "Uniforc"
        },
        {
            "parameters": {
                "intercept": 39.40006403447077,
                "slope": 9.49183708534997,
                "time_start": 49.72279361942917,
                "time_length": 1.752483150412509
            },
            "weight": 0.2772862348213975,
            "model_name": "Linear"
        }
    ],
    "model_name": "WeightedEnsemble"
}