{
    "model_name": "ThermalTime",
    "parameters": {
        "F": 92.12352218051167,
        "T": 17.384031321734533,
        "t1": 71.92330513150944
    }
}