{
    "model_name": "WeightedEnsemble",
    "core_models": [
        {
            "model_name": "Alternating",
            "weight": 0.11139589583039983,
            "parameters": {
                "t1": 1,
                "a": 985.0103759018427,
                "b": 526.2949907093944,
                "c": -0.006246848543154382,
                "threshold": 5
            }
        },
        {
            "model_name": "ThermalTime",
            "weight": 0.1747119968583602,
            "parameters": {
                "t1": -16.44057692294959,
                "F": 44.51819882668127,
                "T": 21.078567435535422
            }
        },
        {
            "model_name": "Uniforc",
            "weight": 0.14470576139249794,
            "parameters": {
                "t1": -36.43618116435778,
                "b": -8.236490523993595,
                "c": 22.231512242605344,
                "F": 0.9263561898028172
            }
        },
        {
            "model_name": "Linear",
            "weight": 0.5691863459187415,
            "parameters": {
                "time_length": 9.405380226620942,
                "intercept": 298.0,
                "slope": -23.634351328903424,
                "time_start": 22.71157624280115
            }
        }
    ]
}