{
    "model_name": "Alternating",
    "parameters": {
        "a": 493.8425800372217,
        "b": 497.35285916581824,
        "c": -0.09781823809854727,
        "t1": 1.0,
        "threshold": 5.0
    }
}