{
    "core_models": [
        {
            "model_name": "Alternating",
            "parameters": {
                "c": -0.13013666771199794,
                "b": 400.90683712724467,
                "a": 589.9985897019635,
                "threshold": 5,
                "t1": 1
            },
            "weight": 0.08260709532438157
        },
        {
            "model_name": "ThermalTime",
            "parameters": {
                "T": 14.121236705475921,
                "F": 158.75282689571162,
                "t1": 44.95660579842337
            },
            "weight": 0.1767680973060118
        },
        {
            "model_name": "Uniforc",
            "parameters": {
                "c": 14.244135458671225,
                "b": -19.30207967051271,
                "F": 11.189901277378226,
                "t1": 39.76823729938427
            },
            "weight": 0.26075144381800436
        },
        {
            "model_name": "Linear",
            "parameters": {
                "spring_length": 13.042452201834024,
                "slope": -5.647229142757332,
                "intercept": 139.8118361419782,
                "spring_start": 57.594606600646365
            },
            "weight": 0.47987336355160226
        }
    ],
    "model_name": "WeightedEnsemble"
}