{
    "model_name": "WeightedEnsemble",
    "core_models": [
        {
            "model_name": "Alternating",
            "weight": 0.08520231933620187,
            "parameters": {
                "b": 374.7904608922827,
                "c": -0.08364163236414379,
                "threshold": 5,
                "a": 500.37601795898536,
                "t1": 1
            }
        },
        {
            "model_name": "ThermalTime",
            "weight": 0.4142544443387886,
            "parameters": {
                "t1": 30.736301297294347,
                "T": 13.735745314143976,
                "F": 211.82024471980685
            }
        },
        {
            "model_name": "Uniforc",
            "weight": 0.22398117019982386,
            "parameters": {
                "t1": 17.87722739774165,
                "b": -14.344168441172778,
                "c": 14.36448423589235,
                "F": 12.003187024424804
            }
        },
        {
            "model_name": "Linear",
            "weight": 0.2765620661251855,
            "parameters": {
                "slope": -6.480910310133252,
                "time_length": 36.07041173310892,
                "intercept": 154.19141678191713,
                "time_start": 45.90544470692532
            }
        }
    ]
}