{
    "model_name": "WeightedEnsemble",
    "core_models": [
        {
            "parameters": {
                "c": -0.07096890110142695,
                "b": 544.1568220798767,
                "a": 423.8031945116658,
                "threshold": 5,
                "t1": 1
            },
            "model_name": "Alternating",
            "weight": 0.09518792031305273
        },
        {
            "parameters": {
                "F": 211.80317127770542,
                "t1": 40.88142481755274,
                "T": 13.730705809968391
            },
            "model_name": "ThermalTime",
            "weight": 0.16601269289403864
        },
        {
            "parameters": {
                "b": -6.007814050569249,
                "c": 15.210280518699193,
                "t1": 47.26320884168902,
                "F": 3.990585557739209
            },
            "model_name": "Uniforc",
            "weight": 0.20690762287396422
        },
        {
            "parameters": {
                "intercept": 138.75461957569223,
                "time_length": 13.215305396496206,
                "slope": -5.58195819159332,
                "time_start": 58.62498034912149
            },
            "model_name": "Linear",
            "weight": 0.5318917639189442
        }
    ]
}